District,Date,Confirmed,Recovered,Active,Death
pathanamthitta,09-03-2020,5,0,5,0
pathanamthitta,10-03-2020,4,0,9,0
pathanamthitta,23-03-2020,1,0,10,0
pathanamthitta,25-03-2020,2,0,12,0
pathanamthitta,26-03-2020,0,1,11,0
pathanamthitta,29-03-2020,0,4,7,0
pathanamthitta,31-03-2020,0,2,5,0
pathanamthitta,02-04-2020,1,0,6,0
pathanamthitta,03-04-2020,0,1,5,0
pathanamthitta,05-04-2020,1,0,6,0
pathanamthitta,06-04-2020,1,0,7,0
pathanamthitta,08-04-2020,1,0,8,0
pathanamthitta,12-04-2020,1,0,9,0
pathanamthitta,13-04-2020,0,3,6,0
pathanamthitta,24-04-2020,0,3,3,0
pathanamthitta,29-04-2020,0,1,2,0
pathanamthitta,30-04-2020,0,1,1,0
pathanamthitta,06-05-2020,0,1,0,0
pathanamthitta,12-05-2020,1,0,1,0
pathanamthitta,14-05-2020,1,0,2,0
pathanamthitta,18-05-2020,2,0,4,0
pathanamthitta,19-05-2020,1,0,5,0
pathanamthitta,20-05-2020,2,0,7,0
pathanamthitta,22-05-2020,1,0,8,0
pathanamthitta,24-05-2020,2,0,10,0
pathanamthitta,25-05-2020,3,0,13,0
pathanamthitta,27-05-2020,3,0,16,0
pathanamthitta,28-05-2020,6,0,22,0
pathanamthitta,29-05-2020,5,0,26,1
pathanamthitta,31-05-2020,4,2,28,0
pathanamthitta,01-06-2020,4,1,31,0
pathanamthitta,02-06-2020,1,1,31,0
pathanamthitta,03-06-2020,2,0,33,0
pathanamthitta,04-06-2020,14,1,46,0
pathanamthitta,05-06-2020,11,0,57,0
pathanamthitta,06-06-2020,9,0,66,0
pathanamthitta,07-06-2020,13,1,78,0
pathanamthitta,08-06-2020,3,0,81,0
pathanamthitta,09-06-2020,7,6,82,0
pathanamthitta,10-06-2020,3,6,79,0
pathanamthitta,11-06-2020,5,0,84,0
pathanamthitta,12-06-2020,7,0,91,0
pathanamthitta,13-06-2020,1,1,91,0
pathanamthitta,14-06-2020,2,0,93,0
pathanamthitta,15-06-2020,11,0,104,0
pathanamthitta,16-06-2020,6,4,106,0
pathanamthitta,17-06-2020,1,5,102,0
pathanamthitta,18-06-2020,11,3,110,0
pathanamthitta,19-06-2020,9,0,119,0
pathanamthitta,20-06-2020,17,12,124,0
pathanamthitta,21-06-2020,8,4,128,0
pathanamthitta,22-06-2020,4,0,132,0
pathanamthitta,23-06-2020,27,6,153,0
pathanamthitta,24-06-2020,25,1,177,0
pathanamthitta,25-06-2020,13,9,181,0
pathanamthitta,26-06-2020,4,0,185,0
pathanamthitta,27-06-2020,6,17,174,0
pathanamthitta,28-06-2020,3,2,175,0
pathanamthitta,29-06-2020,13,0,188,0
pathanamthitta,30-06-2020,1,0,189,0
pathanamthitta,01-07-2020,6,5,190,0
pathanamthitta,02-07-2020,27,0,217,0
pathanamthitta,03-07-2020,7,29,195,0
pathanamthitta,04-07-2020,22,20,197,0
pathanamthitta,05-07-2020,3,9,191,0
pathanamthitta,06-07-2020,26,27,190,0
pathanamthitta,07-07-2020,12,19,182,0
pathanamthitta,08-07-2020,7,4,185,0
pathanamthitta,09-07-2020,7,7,185,0
pathanamthitta,10-07-2020,32,0,217,0
pathanamthitta,11-07-2020,54,43,228,0
pathanamthitta,12-07-2020,39,25,242,0
pathanamthitta,13-07-2020,47,2,287,0
pathanamthitta,14-07-2020,3,0,290,0
pathanamthitta,15-07-2020,64,20,334,0
pathanamthitta,16-07-2020,39,18,355,0
pathanamthitta,17-07-2020,87,1,441,0
pathanamthitta,18-07-2020,28,18,451,0
pathanamthitta,19-07-2020,35,17,469,0
pathanamthitta,20-07-2020,3,18,454,0
pathanamthitta,21-07-2020,40,0,494,0
pathanamthitta,22-07-2020,49,38,505,0
pathanamthitta,23-07-2020,27,0,532,0
pathanamthitta,24-07-2020,23,81,474,0
pathanamthitta,25-07-2020,52,150,376,0
pathanamthitta,26-07-2020,91,48,419,0
pathanamthitta,27-07-2020,17,49,386,0
pathanamthitta,28-07-2020,63,28,421,0
pathanamthitta,29-07-2020,54,41,434,0
pathanamthitta,30-07-2020,59,81,412,0
pathanamthitta,31-07-2020,130,44,498,0
pathanamthitta,01-08-2020,85,58,525,0
pathanamthitta,02-08-2020,25,0,550,0
pathanamthitta,03-08-2020,36,59,527,0
pathanamthitta,04-08-2020,32,62,497,0
pathanamthitta,05-08-2020,37,46,488,0
pathanamthitta,06-08-2020,33,46,475,0
pathanamthitta,07-08-2020,39,50,464,0
pathanamthitta,08-08-2020,38,78,424,0
pathanamthitta,09-08-2020,30,116,338,0
pathanamthitta,10-08-2020,4,61,281,0
pathanamthitta,11-08-2020,20,41,260,0
pathanamthitta,12-08-2020,19,26,253,0
pathanamthitta,13-08-2020,75,8,320,0
pathanamthitta,14-08-2020,40,32,328,0
pathanamthitta,15-08-2020,49,37,340,0
pathanamthitta,16-08-2020,44,24,359,1
pathanamthitta,17-08-2020,2,33,329,0
pathanamthitta,18-08-2020,65,29,365,0
pathanamthitta,19-08-2020,87,18,433,1
pathanamthitta,20-08-2020,119,19,533,0
pathanamthitta,21-08-2020,78,37,574,0
pathanamthitta,22-08-2020,93,29,638,0
pathanamthitta,23-08-2020,104,45,697,0
pathanamthitta,24-08-2020,6,31,672,0
pathanamthitta,25-08-2020,93,32,733,0
pathanamthitta,26-08-2020,180,43,870,0
pathanamthitta,27-08-2020,167,37,1000,0
pathanamthitta,28-08-2020,88,49,1039,0
pathanamthitta,29-08-2020,75,89,1025,0
pathanamthitta,30-08-2020,133,132,1026,0
pathanamthitta,31-08-2020,107,72,1061,0
pathanamthitta,01-09-2020,12,78,995,0
pathanamthitta,02-09-2020,17,112,900,0
pathanamthitta,03-09-2020,118,36,982,0
pathanamthitta,04-09-2020,141,105,1018,0
pathanamthitta,05-09-2020,148,140,1026,0
pathanamthitta,06-09-2020,113,88,1051,0
pathanamthitta,07-09-2020,24,123,952,0
pathanamthitta,08-09-2020,160,90,1022,0
pathanamthitta,09-09-2020,190,116,1096,0
pathanamthitta,10-09-2020,135,53,1178,0
pathanamthitta,11-09-2020,93,35,1236,0
pathanamthitta,12-09-2020,88,54,1270,0
pathanamthitta,13-09-2020,102,191,1181,0
pathanamthitta,14-09-2020,16,103,1094,0
pathanamthitta,15-09-2020,146,122,1118,0
pathanamthitta,16-09-2020,236,157,1197,0
pathanamthitta,17-09-2020,136,102,1231,0
pathanamthitta,18-09-2020,101,128,1204,0
pathanamthitta,19-09-2020,221,154,1271,0
pathanamthitta,20-09-2020,190,89,1372,0
pathanamthitta,21-09-2020,16,79,1309,0
pathanamthitta,22-09-2020,207,117,1399,0
pathanamthitta,23-09-2020,223,127,1495,0
pathanamthitta,24-09-2020,189,99,1585,0
pathanamthitta,25-09-2020,191,120,1655,1
pathanamthitta,26-09-2020,329,149,1834,1
pathanamthitta,27-09-2020,263,125,1972,0
pathanamthitta,28-09-2020,38,150,1860,0
pathanamthitta,29-09-2020,271,137,1994,0
pathanamthitta,30-09-2020,286,204,2075,1
pathanamthitta,01-10-2020,223,82,2216,0
pathanamthitta,02-10-2020,239,218,2237,0
pathanamthitta,03-10-2020,296,131,2402,0
pathanamthitta,04-10-2020,315,167,2550,0
pathanamthitta,05-10-2020,25,102,2473,0
pathanamthitta,06-10-2020,330,180,2623,0
pathanamthitta,07-10-2020,393,222,2794,0
pathanamthitta,08-10-2020,295,139,2950,0
pathanamthitta,09-10-2020,290,222,3018,0
pathanamthitta,10-10-2020,348,209,3157,0
pathanamthitta,11-10-2020,378,240,3295,0
pathanamthitta,12-10-2020,186,151,3330,0
pathanamthitta,13-10-2020,244,203,3371,0
pathanamthitta,14-10-2020,169,321,3219,0
pathanamthitta,15-10-2020,248,302,3165,0
pathanamthitta,16-10-2020,296,257,3203,1
pathanamthitta,17-10-2020,203,302,3104,0
pathanamthitta,18-10-2020,179,375,2908,0
pathanamthitta,19-10-2020,32,182,2758,0
pathanamthitta,20-10-2020,248,301,2704,1
pathanamthitta,21-10-2020,247,330,2620,1
pathanamthitta,22-10-2020,195,250,2565,0
pathanamthitta,23-10-2020,285,327,2523,0
pathanamthitta,24-10-2020,331,250,2604,0
pathanamthitta,25-10-2020,303,106,2800,1
pathanamthitta,26-10-2020,24,180,2644,0
pathanamthitta,27-10-2020,112,153,2603,0
pathanamthitta,28-10-2020,260,265,2598,0
pathanamthitta,29-10-2020,270,199,2669,0
pathanamthitta,30-10-2020,163,145,2686,1
pathanamthitta,31-10-2020,203,259,2629,1
pathanamthitta,01-11-2020,160,208,2581,0
pathanamthitta,02-11-2020,44,228,2397,0
pathanamthitta,03-11-2020,245,279,2363,0
pathanamthitta,04-11-2020,186,286,2263,0
pathanamthitta,05-11-2020,212,364,2111,0
pathanamthitta,06-11-2020,183,152,2142,0
pathanamthitta,07-11-2020,147,196,2090,3
pathanamthitta,08-11-2020,153,230,2013,0
pathanamthitta,09-11-2020,43,147,1909,0
pathanamthitta,10-11-2020,234,175,1967,1
pathanamthitta,11-11-2020,230,174,2023,0
pathanamthitta,12-11-2020,138,165,1996,0
pathanamthitta,13-11-2020,189,89,2096,0
pathanamthitta,14-11-2020,143,229,2010,0
pathanamthitta,15-11-2020,171,164,2017,0
pathanamthitta,16-11-2020,40,155,1902,0
pathanamthitta,17-11-2020,202,154,1950,0
pathanamthitta,18-11-2020,234,226,1958,0
pathanamthitta,19-11-2020,200,124,2034,0
pathanamthitta,20-11-2020,174,137,2071,0
pathanamthitta,21-11-2020,216,167,2120,0
pathanamthitta,22-11-2020,169,198,2091,0
pathanamthitta,23-11-2020,57,173,1975,0
pathanamthitta,24-11-2020,197,100,2072,0
pathanamthitta,25-11-2020,287,170,2189,0
pathanamthitta,26-11-2020,207,168,2228,0
pathanamthitta,27-11-2020,159,127,2258,2
pathanamthitta,28-11-2020,141,146,2253,0
pathanamthitta,29-11-2020,244,162,2335,0
pathanamthitta,30-11-2020,91,143,2283,0
pathanamthitta,01-12-2020,283,232,2334,0
pathanamthitta,02-12-2020,299,193,2440,0
pathanamthitta,03-12-2020,317,169,2588,0
pathanamthitta,04-12-2020,163,130,2621,0
pathanamthitta,05-12-2020,208,268,2560,1
pathanamthitta,06-12-2020,197,172,2585,0
pathanamthitta,07-12-2020,121,171,2535,0
pathanamthitta,08-12-2020,238,159,2614,0
pathanamthitta,09-12-2020,254,182,2678,8
pathanamthitta,10-12-2020,200,183,2695,0
pathanamthitta,11-12-2020,379,150,2924,0
pathanamthitta,12-12-2020,333,204,3052,1
pathanamthitta,13-12-2020,229,198,3081,2
pathanamthitta,14-12-2020,133,213,3001,0
pathanamthitta,15-12-2020,404,188,3216,1
pathanamthitta,16-12-2020,443,226,3431,2
pathanamthitta,17-12-2020,432,184,3672,7
pathanamthitta,18-12-2020,404,190,3886,0
pathanamthitta,19-12-2020,375,185,4074,1
pathanamthitta,20-12-2020,360,182,4251,1
pathanamthitta,21-12-2020,112,250,4113,0
pathanamthitta,22-12-2020,546,251,4407,1
pathanamthitta,23-12-2020,406,201,4611,1
pathanamthitta,24-12-2020,405,228,4787,1
pathanamthitta,25-12-2020,543,240,5089,1
pathanamthitta,26-12-2020,177,268,4997,1
pathanamthitta,27-12-2020,389,148,5237,1
pathanamthitta,28-12-2020,91,203,5125,0
pathanamthitta,29-12-2020,561,242,5444,0
pathanamthitta,30-12-2020,714,243,5912,3
pathanamthitta,31-12-2020,512,421,5999,4
pathanamthitta,01-01-2021,493,255,6237,0
pathanamthitta,02-01-2021,452,273,6413,3
pathanamthitta,03-01-2021,385,199,6598,0
pathanamthitta,04-01-2021,110,400,6308,0
pathanamthitta,05-01-2021,665,327,6642,3
pathanamthitta,06-01-2021,666,173,7133,1
pathanamthitta,07-01-2021,514,545,7101,1
pathanamthitta,08-01-2021,433,728,6806,0
pathanamthitta,09-01-2021,470,294,6982,0
pathanamthitta,10-01-2021,447,327,7102,0
pathanamthitta,11-01-2021,131,281,6951,1
pathanamthitta,12-01-2021,482,320,7113,0
pathanamthitta,13-01-2021,448,336,7223,1
pathanamthitta,14-01-2021,579,317,7484,1
pathanamthitta,15-01-2021,443,405,7521,0
pathanamthitta,16-01-2021,487,256,7750,2
pathanamthitta,17-01-2021,427,437,7735,5
pathanamthitta,18-01-2021,123,333,7523,2
pathanamthitta,19-01-2021,512,1034,7001,0
pathanamthitta,20-01-2021,654,1041,6614,0
pathanamthitta,21-01-2021,534,798,6350,0
pathanamthitta,22-01-2021,624,595,6379,0
pathanamthitta,23-01-2021,557,328,6606,2
pathanamthitta,24-01-2021,458,224,6838,2
pathanamthitta,25-01-2021,117,253,6699,2
pathanamthitta,26-01-2021,552,806,6445,0
pathanamthitta,27-01-2021,397,705,6133,4
pathanamthitta,28-01-2021,452,529,6056,0
pathanamthitta,29-01-2021,447,418,6084,1
pathanamthitta,30-01-2021,556,297,6343,0
pathanamthitta,31-01-2021,496,402,6434,3
pathanamthitta,01-02-2021,184,266,6351,1
pathanamthitta,02-02-2021,524,787,6088,0
pathanamthitta,03-02-2021,597,234,6449,2
pathanamthitta,04-02-2021,569,574,6444,0
pathanamthitta,05-02-2021,521,467,6498,0
pathanamthitta,06-02-2021,496,400,6594,0
pathanamthitta,07-02-2021,570,224,6940,0
pathanamthitta,08-02-2021,244,443,6740,1
pathanamthitta,09-02-2021,496,423,6813,0
pathanamthitta,10-02-2021,571,417,6966,1
pathanamthitta,11-02-2021,694,452,7208,0
pathanamthitta,12-02-2021,542,568,7182,0
pathanamthitta,13-02-2021,480,532,7129,1
pathanamthitta,14-02-2021,465,257,7334,3
pathanamthitta,15-02-2021,107,482,6959,0
pathanamthitta,16-02-2021,524,589,6894,0
pathanamthitta,17-02-2021,546,121,7319,0
pathanamthitta,18-02-2021,492,851,6959,1
pathanamthitta,19-02-2021,412,566,6805,0
pathanamthitta,20-02-2021,317,550,6571,1
pathanamthitta,21-02-2021,391,299,6662,1
pathanamthitta,22-02-2021,97,488,6270,1
pathanamthitta,23-02-2021,430,581,6117,2
pathanamthitta,24-02-2021,512,692,5936,1
pathanamthitta,25-02-2021,289,482,5742,1
pathanamthitta,26-02-2021,333,512,5559,4
pathanamthitta,27-02-2021,270,468,5360,1
pathanamthitta,28-02-2021,266,578,5048,0
pathanamthitta,01-03-2021,62,488,4621,1
pathanamthitta,02-03-2021,238,515,4343,1
pathanamthitta,03-03-2021,206,361,4188,0
pathanamthitta,04-03-2021,126,320,3994,0
pathanamthitta,05-03-2021,183,388,3789,0
pathanamthitta,06-03-2021,222,111,3900,0
pathanamthitta,07-03-2021,115,419,3595,1
pathanamthitta,08-03-2021,48,131,3512,0
pathanamthitta,09-03-2021,198,512,3198,0
pathanamthitta,10-03-2021,233,362,3069,0
pathanamthitta,11-03-2021,206,295,2980,0
pathanamthitta,12-03-2021,76,243,2812,1
pathanamthitta,13-03-2021,70,82,2800,0
pathanamthitta,14-03-2021,137,230,2705,2
pathanamthitta,15-03-2021,42,182,2564,1
pathanamthitta,16-03-2021,126,141,2548,1
pathanamthitta,17-03-2021,156,180,2524,0
pathanamthitta,18-03-2021,148,206,2466,0
pathanamthitta,19-03-2021,137,120,2482,1
pathanamthitta,20-03-2021,62,71,2470,3
pathanamthitta,21-03-2021,115,177,2408,0
pathanamthitta,22-03-2021,46,132,2322,0
pathanamthitta,23-03-2021,101,206,2217,0
pathanamthitta,24-03-2021,117,113,2221,0
pathanamthitta,25-03-2021,101,104,2218,0
pathanamthitta,26-03-2021,87,114,2190,1
pathanamthitta,27-03-2021,80,58,2212,0
pathanamthitta,28-03-2021,82,139,2155,0
pathanamthitta,29-03-2021,60,136,2078,1
pathanamthitta,30-03-2021,62,146,1993,1
pathanamthitta,31-03-2021,104,124,1973,0
pathanamthitta,01-04-2021,127,55,2041,4
pathanamthitta,02-04-2021,111,116,2036,0
pathanamthitta,03-04-2021,72,63,2045,0
pathanamthitta,04-04-2021,74,126,1993,0
pathanamthitta,05-04-2021,45,108,1930,0
pathanamthitta,06-04-2021,182,108,2004,0
pathanamthitta,07-04-2021,111,70,2045,0
pathanamthitta,08-04-2021,147,82,2108,2
pathanamthitta,09-04-2021,259,74,2293,0
pathanamthitta,10-04-2021,256,51,2498,0
pathanamthitta,11-04-2021,246,64,2680,0
pathanamthitta,12-04-2021,148,68,2760,0
pathanamthitta,13-04-2021,312,132,2940,0
pathanamthitta,14-04-2021,373,194,3118,1
pathanamthitta,15-04-2021,395,61,3450,2
pathanamthitta,16-04-2021,261,156,3555,0
pathanamthitta,17-04-2021,664,47,4170,2
pathanamthitta,18-04-2021,673,165,4678,0
pathanamthitta,19-04-2021,390,87,4981,0
pathanamthitta,20-04-2021,459,158,5281,1
pathanamthitta,21-04-2021,821,449,5653,0
pathanamthitta,22-04-2021,1246,182,6717,0
pathanamthitta,23-04-2021,1171,153,7735,0
pathanamthitta,24-04-2021,933,278,8389,1
pathanamthitta,25-04-2021,871,303,8956,1
pathanamthitta,26-04-2021,457,414,8998,1
pathanamthitta,27-04-2021,1163,253,9907,1
pathanamthitta,28-04-2021,1202,688,10421,0
pathanamthitta,29-04-2021,1245,611,11052,3
pathanamthitta,30-04-2021,1225,459,11817,1
pathanamthitta,01-05-2021,1065,436,12446,0
pathanamthitta,02-05-2021,1082,828,12700,0
pathanamthitta,03-05-2021,428,1015,12113,0
pathanamthitta,04-05-2021,1093,751,12455,0
pathanamthitta,05-05-2021,1282,565,13172,0
pathanamthitta,06-05-2021,1341,903,13605,5
pathanamthitta,07-05-2021,1191,860,13936,0
pathanamthitta,08-05-2021,1180,478,14626,12
pathanamthitta,09-05-2021,939,933,14631,1
pathanamthitta,10-05-2021,450,431,14647,3
pathanamthitta,11-05-2021,1224,953,14918,0
pathanamthitta,12-05-2021,1339,1264,14993,0
pathanamthitta,13-05-2021,1301,1166,15114,14
pathanamthitta,14-05-2021,1204,117,16198,3
pathanamthitta,15-05-2021,1119,976,16340,1
pathanamthitta,16-05-2021,798,315,16816,7
pathanamthitta,17-05-2021,490,349,16957,0
pathanamthitta,18-05-2021,1149,270,17824,11
pathanamthitta,19-05-2021,1108,1051,17880,1
pathanamthitta,20-05-2021,991,1623,17225,22
pathanamthitta,21-05-2021,878,1660,16443,0
pathanamthitta,22-05-2021,877,1616,15687,17
pathanamthitta,23-05-2021,815,1483,15016,3
pathanamthitta,24-05-2021,333,1433,13916,0
pathanamthitta,25-05-2021,1076,1851,13128,13
pathanamthitta,26-05-2021,906,1508,12526,0
pathanamthitta,27-05-2021,800,1187,12139,0
pathanamthitta,28-05-2021,728,781,12086,0
pathanamthitta,29-05-2021,683,485,12284,0
pathanamthitta,30-05-2021,517,1113,11681,7
pathanamthitta,31-05-2021,277,1094,10837,26
pathanamthitta,01-06-2021,694,982,10547,2
pathanamthitta,02-06-2021,638,905,10274,6
pathanamthitta,03-06-2021,585,825,10027,7
pathanamthitta,04-06-2021,493,849,9667,4
pathanamthitta,05-06-2021,472,1294,8845,0
pathanamthitta,06-06-2021,359,923,8278,3
pathanamthitta,07-06-2021,199,706,7757,14
pathanamthitta,08-06-2021,560,771,7545,1
pathanamthitta,09-06-2021,545,634,7448,8
pathanamthitta,10-06-2021,429,513,7360,4
pathanamthitta,11-06-2021,479,315,7524,0
pathanamthitta,12-06-2021,441,688,7277,0
pathanamthitta,13-06-2021,223,619,6872,9
pathanamthitta,14-06-2021,327,535,6662,2
pathanamthitta,15-06-2021,480,541,6601,0
pathanamthitta,16-06-2021,437,450,6578,10
pathanamthitta,17-06-2021,588,417,6748,1
pathanamthitta,18-06-2021,405,259,6890,4
pathanamthitta,19-06-2021,433,541,6781,1
pathanamthitta,20-06-2021,234,517,6489,9
pathanamthitta,21-06-2021,298,390,6393,4
pathanamthitta,22-06-2021,441,526,6308,0
pathanamthitta,23-06-2021,427,339,6387,9
pathanamthitta,24-06-2021,525,245,6657,10
pathanamthitta,25-06-2021,432,386,6699,4
pathanamthitta,26-06-2021,345,481,6559,4
pathanamthitta,27-06-2021,343,389,6511,2
pathanamthitta,28-06-2021,189,438,6255,7
pathanamthitta,29-06-2021,473,481,6245,2
pathanamthitta,30-06-2021,457,436,6264,2
pathanamthitta,01-07-2021,398,229,6427,6
pathanamthitta,02-07-2021,374,336,6461,4
pathanamthitta,03-07-2021,415,479,6394,3
pathanamthitta,04-07-2021,299,413,6278,2
pathanamthitta,05-07-2021,237,459,6048,8
pathanamthitta,06-07-2021,511,455,6099,5
pathanamthitta,07-07-2021,449,351,6193,4
pathanamthitta,08-07-2021,434,328,6297,2
pathanamthitta,09-07-2021,420,277,6439,1
pathanamthitta,10-07-2021,357,443,6351,2
pathanamthitta,11-07-2021,299,440,6210,0
pathanamthitta,12-07-2021,202,359,6047,6
pathanamthitta,13-07-2021,550,382,6209,6
pathanamthitta,14-07-2021,449,311,6343,4
pathanamthitta,15-07-2021,530,297,6575,1
pathanamthitta,16-07-2021,372,303,6643,1
pathanamthitta,17-07-2021,500,509,6627,7
pathanamthitta,18-07-2021,342,418,6549,2
pathanamthitta,19-07-2021,239,447,6341,0
pathanamthitta,20-07-2021,517,343,6512,3
pathanamthitta,21-07-2021,584,306,6790,0
pathanamthitta,22-07-2021,433,329,6891,3
pathanamthitta,23-07-2021,446,265,7068,4
pathanamthitta,24-07-2021,485,502,7051,0
pathanamthitta,25-07-2021,478,405,7122,2
pathanamthitta,26-07-2021,240,455,6903,4
pathanamthitta,27-07-2021,523,393,7030,3
pathanamthitta,28-07-2021,549,488,7086,5
pathanamthitta,29-07-2021,568,406,7245,3
pathanamthitta,30-07-2021,504,271,7476,2
pathanamthitta,31-07-2021,629,469,7630,6
pathanamthitta,01-08-2021,386,549,7467,0
pathanamthitta,02-08-2021,301,445,7317,6
pathanamthitta,03-08-2021,584,451,7450,0
pathanamthitta,04-08-2021,657,418,7684,5
pathanamthitta,05-08-2021,536,447,7771,2
pathanamthitta,06-08-2021,675,267,8176,3
pathanamthitta,07-08-2021,561,457,8278,2
pathanamthitta,08-08-2021,441,523,8192,4
pathanamthitta,09-08-2021,368,590,7969,1
pathanamthitta,10-08-2021,686,510,8139,6
pathanamthitta,11-08-2021,696,532,8298,5
pathanamthitta,12-08-2021,630,447,8477,4
pathanamthitta,13-08-2021,719,426,8765,5
pathanamthitta,14-08-2021,584,405,8943,1
pathanamthitta,15-08-2021,517,627,8832,1
pathanamthitta,16-08-2021,545,365,9010,2
pathanamthitta,17-08-2021,824,595,9231,8
pathanamthitta,18-08-2021,773,546,9450,8
pathanamthitta,19-08-2021,818,500,9762,6
pathanamthitta,20-08-2021,797,805,9751,3
pathanamthitta,21-08-2021,511,485,9777,0
pathanamthitta,22-08-2021,338,803,9309,3
pathanamthitta,23-08-2021,372,629,9052,0
pathanamthitta,24-08-2021,1031,642,9430,11
pathanamthitta,25-08-2021,1008,258,10171,9
pathanamthitta,26-08-2021,1380,516,11028,7
pathanamthitta,27-08-2021,1288,545,11769,2
pathanamthitta,28-08-2021,1229,805,12187,6
pathanamthitta,29-08-2021,1178,661,12704,0
pathanamthitta,30-08-2021,634,775,12557,6
pathanamthitta,31-08-2021,1251,743,13060,5
pathanamthitta,01-09-2021,1363,457,13959,7
pathanamthitta,02-09-2021,1267,497,14722,7
pathanamthitta,03-09-2021,1078,442,15354,4
pathanamthitta,04-09-2021,1154,1039,15461,8
pathanamthitta,05-09-2021,947,1029,15377,2
pathanamthitta,06-09-2021,670,1358,14687,2
pathanamthitta,07-09-2021,1016,1243,14453,7
pathanamthitta,08-09-2021,1181,1191,14438,5
pathanamthitta,09-09-2021,1244,1184,14487,11
pathanamthitta,10-09-2021,849,650,14681,5
pathanamthitta,11-09-2021,799,1344,14131,5
pathanamthitta,12-09-2021,779,1338,13570,2
pathanamthitta,13-09-2021,381,1111,12835,5
pathanamthitta,14-09-2021,632,1304,12158,5
pathanamthitta,15-09-2021,821,1161,11809,9
pathanamthitta,16-09-2021,1015,981,11836,7
pathanamthitta,17-09-2021,983,686,12127,6
pathanamthitta,18-09-2021,831,981,11973,4
pathanamthitta,19-09-2021,826,1117,11680,2
pathanamthitta,20-09-2021,561,738,11502,1
pathanamthitta,21-09-2021,715,1206,11001,10
pathanamthitta,22-09-2021,1011,1043,10958,11
pathanamthitta,23-09-2021,880,1202,10627,9
pathanamthitta,24-09-2021,759,187,11189,10
pathanamthitta,25-09-2021,849,218,11814,6
pathanamthitta,26-09-2021,623,734,11703,0
pathanamthitta,27-09-2021,488,426,11765,0
pathanamthitta,28-09-2021,540,1156,11139,10
pathanamthitta,29-09-2021,458,1212,10377,8
pathanamthitta,30-09-2021,872,976,10269,4
pathanamthitta,01-10-2021,858,592,10530,5
pathanamthitta,02-10-2021,535,707,10356,2
pathanamthitta,03-10-2021,554,995,9910,5
pathanamthitta,04-10-2021,499,847,9558,4
pathanamthitta,05-10-2021,514,847,9221,4
pathanamthitta,06-10-2021,766,812,9170,5
pathanamthitta,07-10-2021,643,661,9147,5
pathanamthitta,08-10-2021,557,492,9207,5
pathanamthitta,09-10-2021,447,521,9129,4
pathanamthitta,10-10-2021,584,481,9227,5
pathanamthitta,11-10-2021,179,332,9070,4
pathanamthitta,12-10-2021,368,1309,8121,8
pathanamthitta,13-10-2021,547,520,8140,8
pathanamthitta,14-10-2021,490,610,8017,3
pathanamthitta,15-10-2021,291,544,7762,2
pathanamthitta,16-10-2021,431,428,7762,3
pathanamthitta,17-10-2021,377,746,7393,0
pathanamthitta,18-10-2021,245,603,7033,2
pathanamthitta,19-10-2021,424,520,6931,6
pathanamthitta,20-10-2021,427,418,6933,7
pathanamthitta,21-10-2021,533,586,6874,6
pathanamthitta,22-10-2021,500,183,7180,11
pathanamthitta,23-10-2021,544,364,7334,26
pathanamthitta,24-10-2021,348,527,7144,11
pathanamthitta,25-10-2021,392,475,6996,65
pathanamthitta,26-10-2021,392,283,7097,8
pathanamthitta,27-10-2021,464,423,7137,1
pathanamthitta,28-10-2021,407,369,7173,2
pathanamthitta,29-10-2021,421,272,7283,39
pathanamthitta,30-10-2021,430,407,7301,5
pathanamthitta,31-10-2021,447,406,7340,2
pathanamthitta,01-11-2021,350,27,7658,5
pathanamthitta,02-11-2021,213,924,6947,0
pathanamthitta,03-11-2021,534,508,6969,4
pathanamthitta,04-11-2021,289,351,6905,2
pathanamthitta,05-11-2021,415,180,7138,2
pathanamthitta,06-11-2021,267,585,6757,63
pathanamthitta,07-11-2021,318,427,6648,0
pathanamthitta,08-11-2021,296,389,6548,7
pathanamthitta,09-11-2021,334,385,6457,40
pathanamthitta,10-11-2021,348,410,6395,0
pathanamthitta,11-11-2021,448,435,6408,0
pathanamthitta,12-11-2021,346,15,6726,13
pathanamthitta,13-11-2021,189,541,6315,59
pathanamthitta,14-11-2021,244,503,6056,0
pathanamthitta,15-11-2021,175,18,6207,6
pathanamthitta,16-11-2021,277,714,5765,5
pathanamthitta,17-11-2021,240,257,5692,56
pathanamthitta,18-11-2021,253,357,5588,0
pathanamthitta,19-11-2021,301,264,5624,1
pathanamthitta,20-11-2021,212,29,5807,0
pathanamthitta,21-11-2021,206,560,5395,58
pathanamthitta,22-11-2021,110,401,5104,0
pathanamthitta,23-11-2021,270,508,4821,45
pathanamthitta,24-11-2021,167,377,4611,0
pathanamthitta,25-11-2021,253,354,4503,7
pathanamthitta,26-11-2021,202,312,4392,1
pathanamthitta,27-11-2021,164,67,4446,43
pathanamthitta,28-11-2021,165,7,4604,0
pathanamthitta,29-11-2021,111,7,4708,0
pathanamthitta,30-11-2021,169,472,4326,79
pathanamthitta,01-12-2021,253,203,4369,7
pathanamthitta,02-12-2021,183,8,4542,2
pathanamthitta,03-12-2021,243,8,4774,3
pathanamthitta,04-12-2021,211,603,4380,2
pathanamthitta,05-12-2021,219,249,4350,0
pathanamthitta,06-12-2021,95,323,4122,0
pathanamthitta,07-12-2021,227,199,4148,2
pathanamthitta,08-12-2021,261,186,4221,2
pathanamthitta,09-12-2021,172,214,4109,70
pathanamthitta,10-12-2021,164,172,4101,0
pathanamthitta,11-12-2021,146,222,4024,1
pathanamthitta,12-12-2021,170,298,3896,0
pathanamthitta,13-12-2021,76,192,3779,1
pathanamthitta,14-12-2021,176,169,3766,20
pathanamthitta,15-12-2021,158,139,3764,21
pathanamthitta,16-12-2021,135,208,3691,0
pathanamthitta,17-12-2021,182,145,3727,1
pathanamthitta,18-12-2021,172,313,3586,0
pathanamthitta,19-12-2021,147,194,3522,17
pathanamthitta,20-12-2021,116,145,3490,3
pathanamthitta,21-12-2021,166,339,3316,1
pathanamthitta,22-12-2021,186,143,3354,5
pathanamthitta,23-12-2021,135,157,3331,1
pathanamthitta,24-12-2021,149,120,3337,23
pathanamthitta,25-12-2021,128,170,3274,21
pathanamthitta,26-12-2021,63,127,3210,0
pathanamthitta,27-12-2021,108,100,3210,8
pathanamthitta,28-12-2021,158,209,3159,0
pathanamthitta,29-12-2021,179,144,3193,1
pathanamthitta,30-12-2021,150,119,3195,29
pathanamthitta,31-12-2021,116,147,3163,1
pathanamthitta,01-01-2022,130,124,3167,2
pathanamthitta,02-01-2022,120,133,3154,0
pathanamthitta,03-01-2022,117,120,3151,0
pathanamthitta,04-01-2022,165,169,3142,5
pathanamthitta,05-01-2022,370,125,3387,0
pathanamthitta,06-01-2022,224,101,3506,4
pathanamthitta,07-01-2022,261,220,3548,2
pathanamthitta,08-01-2022,316,184,3638,42
pathanamthitta,09-01-2022,286,188,3736,0
pathanamthitta,10-01-2022,266,258,3741,3
pathanamthitta,11-01-2022,410,247,3903,1
pathanamthitta,12-01-2022,601,235,4267,2
pathanamthitta,13-01-2022,581,156,4691,1
pathanamthitta,14-01-2022,774,329,5134,2
pathanamthitta,15-01-2022,863,321,5676,0
pathanamthitta,16-01-2022,999,476,6199,0
pathanamthitta,17-01-2022,872,487,6583,1
pathanamthitta,18-01-2022,1328,558,7352,1
pathanamthitta,19-01-2022,1944,510,8783,3
pathanamthitta,20-01-2022,1497,492,9785,3
pathanamthitta,21-01-2022,1708,870,10619,4
pathanamthitta,22-01-2022,2012,709,11920,2
pathanamthitta,23-01-2022,1723,1146,12497,0
pathanamthitta,24-01-2022,1065,1124,12403,35
pathanamthitta,25-01-2022,2311,866,13844,4
pathanamthitta,26-01-2022,2039,536,15347,0
pathanamthitta,27-01-2022,2063,548,16856,6
pathanamthitta,28-01-2022,2021,770,18106,1
pathanamthitta,29-01-2022,2176,1748,18531,3
pathanamthitta,30-01-2022,2517,3343,17705,0
pathanamthitta,31-01-2022,1338,2244,16793,6
pathanamthitta,01-02-2022,2678,1746,17659,66
pathanamthitta,02-02-2022,2475,1810,18293,31
pathanamthitta,03-02-2022,3385,5072,16590,16
pathanamthitta,04-02-2022,2069,2472,16171,16
pathanamthitta,05-02-2022,1833,2968,15019,17
pathanamthitta,06-02-2022,1307,2007,14314,5
pathanamthitta,07-02-2022,1053,1950,13388,29
pathanamthitta,08-02-2022,1322,1744,12953,13
pathanamthitta,09-02-2022,1232,1350,12801,34
pathanamthitta,10-02-2022,972,1098,12663,12
pathanamthitta,11-02-2022,785,2533,10891,24
pathanamthitta,12-02-2022,739,1981,9637,12
pathanamthitta,13-02-2022,649,627,9659,0
pathanamthitta,14-02-2022,330,585,9391,13
pathanamthitta,15-02-2022,654,2554,7488,3
pathanamthitta,16-02-2022,555,605,7395,43
pathanamthitta,17-02-2022,447,542,7300,0
pathanamthitta,18-02-2022,386,1312,6371,3
pathanamthitta,19-02-2022,311,751,5923,8
pathanamthitta,20-02-2022,263,678,5485,23
pathanamthitta,21-02-2022,222,519,5184,4
pathanamthitta,22-02-2022,293,387,5085,5
pathanamthitta,23-02-2022,252,260,5071,6
pathanamthitta,24-02-2022,195,550,4714,2
pathanamthitta,25-02-2022,186,413,4469,18
pathanamthitta,26-02-2022,159,318,4309,1
pathanamthitta,27-02-2022,142,277,4174,0
pathanamthitta,28-02-2022,120,206,4084,4
pathanamthitta,01-03-2022,189,245,4017,11
pathanamthitta,02-03-2022,121,196,3937,5
pathanamthitta,03-03-2022,100,243,3791,3
pathanamthitta,04-03-2022,118,203,3701,5
pathanamthitta,05-03-2022,97,162,3636,0
pathanamthitta,06-03-2022,99,194,3541,0
pathanamthitta,07-03-2022,71,144,3468,0
pathanamthitta,08-03-2022,136,120,3456,28
pathanamthitta,09-03-2022,82,101,3437,0
pathanamthitta,10-03-2022,115,170,3377,5
pathanamthitta,11-03-2022,82,100,3359,0
pathanamthitta,12-03-2022,75,112,3322,0
pathanamthitta,13-03-2022,79,101,3298,2
pathanamthitta,14-03-2022,43,68,3273,0
pathanamthitta,15-03-2022,76,71,3278,0
pathanamthitta,16-03-2022,65,58,3285,0
pathanamthitta,17-03-2022,43,108,3220,0
pathanamthitta,18-03-2022,49,72,3192,5
pathanamthitta,19-03-2022,46,77,3131,30
pathanamthitta,20-03-2022,29,63,3096,1
pathanamthitta,21-03-2022,13,38,3071,0
pathanamthitta,22-03-2022,50,47,3074,0
pathanamthitta,23-03-2022,61,25,3110,0
pathanamthitta,24-03-2022,37,53,3094,0
pathanamthitta,25-03-2022,43,59,3078,0
pathanamthitta,26-03-2022,40,50,3067,1
pathanamthitta,27-03-2022,30,38,3046,13
pathanamthitta,28-03-2022,20,26,3040,0
pathanamthitta,29-03-2022,29,29,3040,0
pathanamthitta,30-03-2022,30,20,3050,0
pathanamthitta,31-03-2022,23,64,2998,11
pathanamthitta,01-04-2022,29,0,3026,1
pathanamthitta,02-04-2022,18,12,3032,0
pathanamthitta,03-04-2022,19,14,3037,0
pathanamthitta,04-04-2022,23,7,3053,0
pathanamthitta,05-04-2022,30,5,3078,0
pathanamthitta,06-04-2022,15,30,3062,1
pathanamthitta,07-04-2022,13,23,3052,0
pathanamthitta,08-04-2022,16,29,3039,0
pathanamthitta,09-04-2022,12,18,3033,0
pathanamthitta,10-04-2022,10,19,3024,0
pathanamthitta,11-04-2022,6,23,3007,0
pathanamthitta,12-04-2022,15,30,2992,0
pathanamthitta,13-04-2022,12,15,2988,1
pathanamthitta,14-04-2022,9,13,2983,1
pathanamthitta,15-04-2022,10,16,2977,0
pathanamthitta,16-04-2022,11,12,2976,0
pathanamthitta,17-04-2022,18,10,2984,0
pathanamthitta,18-04-2022,7,6,2985,0
pathanamthitta,19-04-2022,18,15,2982,6
pathanamthitta,20-04-2022,13,15,2964,16
pathanamthitta,21-04-2022,17,0,2972,9
pathanamthitta,22-04-2022,31,10,2993,0
pathanamthitta,23-04-2022,17,11,2999,0
pathanamthitta,24-04-2022,18,18,2999,0
pathanamthitta,25-04-2022,14,7,3006,0
pathanamthitta,26-04-2022,17,18,3005,0
pathanamthitta,27-04-2022,17,13,3009,0
pathanamthitta,28-04-2022,29,17,3021,0
pathanamthitta,29-04-2022,21,31,3011,0
pathanamthitta,30-04-2022,8,17,3002,0
pathanamthitta,01-05-2022,9,18,2993,0
pathanamthitta,02-05-2022,11,14,2990,0
pathanamthitta,03-05-2022,16,17,2989,0
pathanamthitta,04-05-2022,16,17,2988,0
pathanamthitta,05-05-2022,23,29,2982,0
pathanamthitta,06-05-2022,21,21,2982,0
pathanamthitta,07-05-2022,26,8,3000,0
pathanamthitta,08-05-2022,23,9,3014,0
pathanamthitta,09-05-2022,19,11,3007,15
pathanamthitta,10-05-2022,32,16,3023,0
pathanamthitta,11-05-2022,35,16,3042,0
pathanamthitta,12-05-2022,10,23,3029,0
pathanamthitta,13-05-2022,27,21,3035,0
pathanamthitta,14-05-2022,30,26,3039,0
pathanamthitta,15-05-2022,16,23,3032,0
pathanamthitta,16-05-2022,5,19,3018,0
pathanamthitta,17-05-2022,30,32,3016,0
pathanamthitta,18-05-2022,31,35,3012,0
pathanamthitta,19-05-2022,24,10,3026,0
pathanamthitta,20-05-2022,22,27,3021,0
pathanamthitta,21-05-2022,25,30,3016,0
pathanamthitta,22-05-2022,27,16,3027,0
pathanamthitta,23-05-2022,28,5,3050,0
pathanamthitta,24-05-2022,40,30,3058,2
pathanamthitta,25-05-2022,28,33,3053,0
pathanamthitta,26-05-2022,32,24,3061,0
pathanamthitta,27-05-2022,38,22,3077,0
pathanamthitta,28-05-2022,31,25,3083,0
pathanamthitta,29-05-2022,53,27,3109,0
pathanamthitta,30-05-2022,16,28,3097,0
pathanamthitta,31-05-2022,69,40,3126,0
pathanamthitta,01-06-2022,72,28,3170,0
pathanamthitta,02-06-2022,67,32,3205,0
pathanamthitta,03-06-2022,72,38,3238,1
pathanamthitta,04-06-2022,105,31,3312,0
pathanamthitta,05-06-2022,67,53,3326,0
pathanamthitta,06-06-2022,70,16,3380,0
pathanamthitta,07-06-2022,134,69,3445,0
pathanamthitta,08-06-2022,123,72,3494,2
pathanamthitta,09-06-2022,111,67,3538,0
pathanamthitta,10-06-2022,113,72,3579,0
pathanamthitta,11-06-2022,126,105,3600,0
pathanamthitta,12-06-2022,86,67,3619,0
pathanamthitta,13-06-2022,139,70,3688,0
pathanamthitta,14-06-2022,201,134,3755,0
pathanamthitta,15-06-2022,215,123,3844,3
pathanamthitta,16-06-2022,178,111,3911,0
pathanamthitta,17-06-2022,200,113,3998,0
pathanamthitta,18-06-2022,201,123,4076,0
pathanamthitta,19-06-2022,222,86,4212,0
pathanamthitta,20-06-2022,124,139,4197,0
pathanamthitta,21-06-2022,309,201,4292,13
pathanamthitta,22-06-2022,245,215,4322,0
pathanamthitta,23-06-2022,251,178,4395,0
pathanamthitta,24-06-2022,257,200,4452,0
pathanamthitta,25-06-2022,211,201,4462,0
pathanamthitta,26-06-2022,273,222,4508,5
pathanamthitta,27-06-2022,168,124,4552,0
pathanamthitta,28-06-2022,260,309,4503,0
pathanamthitta,29-06-2022,304,245,4562,0
pathanamthitta,30-06-2022,237,251,4548,0
pathanamthitta,01-07-2022,212,257,4503,0
pathanamthitta,02-07-2022,226,211,4515,3
pathanamthitta,03-07-2022,279,273,4521,0
pathanamthitta,04-07-2022,139,168,4492,0
pathanamthitta,05-07-2022,253,260,4484,1
pathanamthitta,06-07-2022,224,304,4404,0
pathanamthitta,07-07-2022,244,237,4411,0
pathanamthitta,08-07-2022,208,212,4404,3
pathanamthitta,09-07-2022,202,226,4380,0
pathanamthitta,10-07-2022,177,279,4278,0
pathanamthitta,11-07-2022,141,139,4280,0
pathanamthitta,12-07-2022,219,253,4246,0
pathanamthitta,13-07-2022,205,224,4227,0
pathanamthitta,14-07-2022,233,244,4216,0
pathanamthitta,15-07-2022,171,208,4179,0
pathanamthitta,16-07-2022,230,202,4207,0
pathanamthitta,17-07-2022,147,177,4177,0
pathanamthitta,18-07-2022,134,141,4170,0
pathanamthitta,20-07-2022,169,205,4130,4
pathanamthitta,21-07-2022,153,233,4050,0
pathanamthitta,22-07-2022,165,171,4044,0
pathanamthitta,19-07-2022,171,219,3992,4
pathanamthitta,23-07-2022,138,230,3896,4
pathanamthitta,24-07-2022,123,147,3872,0
pathanamthitta,25-07-2022,104,147,3826,3
pathanamthitta,26-07-2022,179,171,3834,0
pathanamthitta,27-07-2022,126,169,3791,0
pathanamthitta,28-07-2022,117,153,3755,0
pathanamthitta,29-07-2022,104,153,3706,0
pathanamthitta,30-07-2022,129,138,3697,0
pathanamthitta,31-07-2022,97,138,3656,0
pathanamthitta,01-08-2022,81,104,3633,0
pathanamthitta,02-08-2022,132,179,3586,0
pathanamthitta,03-08-2022,100,126,3555,5
pathanamthitta,04-08-2022,102,117,3540,0
pathanamthitta,05-08-2022,84,104,3515,5
pathanamthitta,06-08-2022,89,129,3471,4
pathanamthitta,07-08-2022,70,97,3444,0
pathanamthitta,08-08-2022,59,81,3422,0
pathanamthitta,09-08-2022,82,132,3372,0
pathanamthitta,10-08-2022,74,100,3341,5
pathanamthitta,11-08-2022,95,102,3334,0
pathanamthitta,12-08-2022,59,84,3309,0
pathanamthitta,13-08-2022,53,89,3273,0
pathanamthitta,14-08-2022,66,70,3269,0
pathanamthitta,15-08-2022,39,59,3249,0
pathanamthitta,16-08-2022,83,82,3232,18
pathanamthitta,17-08-2022,91,82,3241,0
pathanamthitta,18-08-2022,87,95,3233,0
pathanamthitta,19-08-2022,46,59,3220,0
pathanamthitta,20-08-2022,93,53,3260,0
pathanamthitta,21-08-2022,55,66,3249,0
pathanamthitta,22-08-2022,62,19,3292,0
pathanamthitta,23-08-2022,88,83,3297,0
pathanamthitta,24-08-2022,84,91,3290,0
pathanamthitta,25-08-2022,75,91,3274,0
pathanamthitta,26-08-2022,86,46,3314,0
pathanamthitta,27-08-2022,93,93,3310,4
pathanamthitta,28-08-2022,52,55,3307,0
pathanamthitta,29-08-2022,58,55,3310,0
pathanamthitta,30-08-2022,110,88,3332,0
pathanamthitta,01-09-2022,69,75,3326,0
pathanamthitta,02-09-2022,98,86,3338,0
pathanamthitta,03-09-2022,71,93,3316,0
pathanamthitta,04-09-2022,79,52,3343,0
pathanamthitta,05-09-2022,67,52,3358,0
pathanamthitta,06-09-2022,118,110,3366,0
pathanamthitta,07-09-2022,107,80,3390,3
pathanamthitta,08-09-2022,93,69,3414,0
pathanamthitta,09-09-2022,84,98,3400,0
allapuzha,02-02-2020,1,0,1,0
allapuzha,16-02-2020,0,1,0,0
allapuzha,24-03-2020,1,0,1,0
allapuzha,04-04-2020,1,0,2,0
allapuzha,07-04-2020,0,1,1,0
allapuzha,08-04-2020,2,0,3,0
allapuzha,17-04-2020,0,1,2,0
allapuzha,20-04-2020,0,2,0,0
allapuzha,15-05-2020,2,0,2,0
allapuzha,18-05-2020,2,0,4,0
allapuzha,19-05-2020,1,0,5,0
allapuzha,20-05-2020,1,0,6,0
allapuzha,21-05-2020,2,0,8,0
allapuzha,23-05-2020,5,0,13,0
allapuzha,24-05-2020,4,0,17,0
allapuzha,25-05-2020,3,0,20,0
allapuzha,26-05-2020,3,1,22,0
allapuzha,27-05-2020,7,1,28,0
allapuzha,28-05-2020,1,0,29,0
allapuzha,29-05-2020,3,0,32,0
allapuzha,30-05-2020,2,0,33,1
allapuzha,31-05-2020,6,0,39,0
allapuzha,01-06-2020,2,0,41,0
allapuzha,02-06-2020,10,0,51,0
allapuzha,03-06-2020,7,1,57,0
allapuzha,04-06-2020,8,0,65,0
allapuzha,05-06-2020,5,4,66,0
allapuzha,06-06-2020,4,0,70,0
allapuzha,07-06-2020,7,3,74,0
allapuzha,08-06-2020,5,0,79,0
allapuzha,09-06-2020,11,2,88,0
allapuzha,10-06-2020,1,7,82,0
allapuzha,12-06-2020,13,0,95,0
allapuzha,13-06-2020,9,0,104,0
allapuzha,14-06-2020,0,2,102,0
allapuzha,15-06-2020,5,0,107,0
allapuzha,16-06-2020,7,5,109,0
allapuzha,17-06-2020,1,16,94,0
allapuzha,18-06-2020,9,10,93,0
allapuzha,19-06-2020,13,4,102,0
allapuzha,20-06-2020,4,12,94,0
allapuzha,21-06-2020,10,10,94,0
allapuzha,22-06-2020,12,1,105,0
allapuzha,23-06-2020,19,0,124,0
allapuzha,24-06-2020,15,13,126,0
allapuzha,25-06-2020,18,3,141,0
allapuzha,26-06-2020,21,0,162,0
allapuzha,27-06-2020,13,6,169,0
allapuzha,28-06-2020,10,5,174,0
allapuzha,29-06-2020,5,9,170,0
allapuzha,30-06-2020,9,0,179,0
allapuzha,01-07-2020,8,9,178,0
allapuzha,02-07-2020,16,8,186,0
allapuzha,03-07-2020,21,2,205,0
allapuzha,04-07-2020,20,36,189,0
allapuzha,05-07-2020,13,2,200,0
allapuzha,06-07-2020,15,7,208,0
allapuzha,07-07-2020,18,4,221,0
allapuzha,08-07-2020,18,16,223,0
allapuzha,09-07-2020,22,8,237,0
allapuzha,10-07-2020,50,24,263,0
allapuzha,11-07-2020,87,11,339,0
allapuzha,12-07-2020,57,2,393,1
allapuzha,13-07-2020,119,7,505,0
allapuzha,14-07-2020,34,17,521,1
allapuzha,15-07-2020,20,0,541,0
allapuzha,16-07-2020,20,13,548,0
allapuzha,17-07-2020,57,7,598,0
allapuzha,18-07-2020,42,36,604,0
allapuzha,19-07-2020,52,34,622,0
allapuzha,20-07-2020,53,10,665,0
allapuzha,21-07-2020,46,72,639,0
allapuzha,22-07-2020,120,19,740,0
allapuzha,23-07-2020,82,39,783,0
allapuzha,24-07-2020,44,49,777,1
allapuzha,25-07-2020,102,70,809,0
allapuzha,26-07-2020,46,50,805,0
allapuzha,27-07-2020,30,150,685,0
allapuzha,28-07-2020,84,80,688,1
allapuzha,29-07-2020,38,35,688,0
allapuzha,30-07-2020,55,20,721,0
allapuzha,31-07-2020,35,25,731,0
allapuzha,01-08-2020,67,100,698,0
allapuzha,02-08-2020,38,15,721,0
allapuzha,03-08-2020,101,50,771,1
allapuzha,04-08-2020,126,55,842,0
allapuzha,05-08-2020,108,60,890,0
allapuzha,06-08-2020,99,30,959,0
allapuzha,07-08-2020,61,70,949,1
allapuzha,08-08-2020,169,100,1017,1
allapuzha,09-08-2020,110,35,1092,0
allapuzha,10-08-2020,30,25,1097,0
allapuzha,11-08-2020,146,70,1173,0
allapuzha,12-08-2020,118,60,1231,0
allapuzha,13-08-2020,72,70,1233,0
allapuzha,14-08-2020,113,66,1280,0
allapuzha,15-08-2020,118,80,1318,0
allapuzha,16-08-2020,86,30,1374,0
allapuzha,17-08-2020,139,111,1401,2
allapuzha,18-08-2020,126,65,1462,0
allapuzha,19-08-2020,253,65,1650,0
allapuzha,20-08-2020,198,75,1773,0
allapuzha,21-08-2020,155,67,1860,1
allapuzha,22-08-2020,87,125,1822,0
allapuzha,23-08-2020,241,53,2009,1
allapuzha,24-08-2020,60,150,1919,0
allapuzha,25-08-2020,170,60,2027,2
allapuzha,26-08-2020,193,95,2125,0
allapuzha,27-08-2020,172,130,2166,1
allapuzha,28-08-2020,286,150,2302,0
allapuzha,29-08-2020,175,236,2241,0
allapuzha,30-08-2020,92,258,2075,0
allapuzha,31-08-2020,137,75,2137,0
allapuzha,01-09-2020,32,302,1867,0
allapuzha,02-09-2020,159,288,1738,0
allapuzha,03-09-2020,87,212,1613,0
allapuzha,04-09-2020,106,438,1281,0
allapuzha,05-09-2020,131,32,1380,0
allapuzha,06-09-2020,221,36,1564,1
allapuzha,07-09-2020,78,132,1510,0
allapuzha,08-09-2020,217,147,1580,0
allapuzha,09-09-2020,240,83,1737,0
allapuzha,10-09-2020,267,87,1916,1
allapuzha,11-09-2020,200,199,1915,2
allapuzha,12-09-2020,163,146,1932,0
allapuzha,13-09-2020,252,46,2138,0
allapuzha,14-09-2020,107,198,2047,0
allapuzha,15-09-2020,338,234,2151,0
allapuzha,16-09-2020,323,120,2354,0
allapuzha,17-09-2020,367,196,2525,0
allapuzha,18-09-2020,274,146,2653,0
allapuzha,19-09-2020,348,224,2777,0
allapuzha,20-09-2020,219,202,2794,0
allapuzha,21-09-2020,112,234,2672,0
allapuzha,22-09-2020,403,231,2844,0
allapuzha,23-09-2020,501,167,3178,0
allapuzha,24-09-2020,453,183,3440,7
allapuzha,25-09-2020,551,218,3768,4
allapuzha,26-09-2020,414,335,3843,4
allapuzha,27-09-2020,476,306,4012,1
allapuzha,28-09-2020,249,349,3910,2
allapuzha,29-09-2020,524,273,4161,0
allapuzha,30-09-2020,679,302,4535,3
allapuzha,01-10-2020,804,191,5147,1
allapuzha,02-10-2020,605,342,5406,3
allapuzha,03-10-2020,633,486,5553,0
allapuzha,04-10-2020,544,608,5485,4
allapuzha,05-10-2020,199,387,5293,4
allapuzha,06-10-2020,424,302,5414,1
allapuzha,07-10-2020,672,393,5692,1
allapuzha,08-10-2020,317,457,5552,0
allapuzha,09-10-2020,793,348,5995,2
allapuzha,10-10-2020,843,526,6312,0
allapuzha,11-10-2020,619,729,6198,4
allapuzha,12-10-2020,618,594,6220,2
allapuzha,13-10-2020,488,534,6170,4
allapuzha,14-10-2020,456,574,6049,2
allapuzha,15-10-2020,521,465,6104,0
allapuzha,16-10-2020,563,181,6486,0
allapuzha,17-10-2020,629,529,6583,2
allapuzha,18-10-2020,385,368,6598,1
allapuzha,19-10-2020,340,338,6600,0
allapuzha,20-10-2020,592,286,6903,2
allapuzha,21-10-2020,820,769,6952,1
allapuzha,22-10-2020,837,769,7019,1
allapuzha,23-10-2020,716,192,7536,7
allapuzha,24-10-2020,706,472,7769,1
allapuzha,25-10-2020,542,869,7437,5
allapuzha,26-10-2020,332,497,7270,2
allapuzha,27-10-2020,647,532,7385,0
allapuzha,28-10-2020,790,366,7807,2
allapuzha,29-10-2020,788,368,8224,3
allapuzha,30-10-2020,664,722,8165,1
allapuzha,31-10-2020,645,571,8237,2
allapuzha,01-11-2020,616,778,8072,3
allapuzha,02-11-2020,498,793,7772,3
allapuzha,03-11-2020,760,656,7875,1
allapuzha,04-11-2020,765,672,7968,0
allapuzha,05-11-2020,660,521,8104,3
allapuzha,06-11-2020,643,321,8426,0
allapuzha,07-11-2020,696,549,8569,4
allapuzha,08-11-2020,479,471,8574,3
allapuzha,09-11-2020,353,792,8131,4
allapuzha,10-11-2020,641,559,8213,0
allapuzha,11-11-2020,521,716,8017,1
allapuzha,12-11-2020,568,371,8211,3
allapuzha,13-11-2020,468,415,8262,2
allapuzha,14-11-2020,542,648,8154,2
allapuzha,15-11-2020,496,623,8027,0
allapuzha,16-11-2020,226,658,7594,0
allapuzha,17-11-2020,364,397,7560,1
allapuzha,18-11-2020,637,368,7825,3
allapuzha,19-11-2020,527,626,7725,1
allapuzha,20-11-2020,395,824,7293,3
allapuzha,21-11-2020,383,919,6752,5
allapuzha,22-11-2020,433,383,6797,5
allapuzha,23-11-2020,259,252,6803,1
allapuzha,24-11-2020,390,254,6932,7
allapuzha,25-11-2020,546,899,6577,2
allapuzha,26-11-2020,347,852,6068,4
allapuzha,27-11-2020,236,251,6050,3
allapuzha,28-11-2020,309,231,6122,6
allapuzha,29-11-2020,381,896,5603,4
allapuzha,30-11-2020,275,765,5111,2
allapuzha,01-12-2020,279,542,4847,1
allapuzha,02-12-2020,437,922,4360,2
allapuzha,03-12-2020,408,537,4225,6
allapuzha,04-12-2020,394,548,4071,0
allapuzha,05-12-2020,365,551,3885,0
allapuzha,06-12-2020,272,468,3685,4
allapuzha,07-12-2020,287,312,3657,3
allapuzha,08-12-2020,241,361,3535,2
allapuzha,09-12-2020,194,363,3363,3
allapuzha,10-12-2020,289,208,3444,0
allapuzha,11-12-2020,396,249,3590,1
allapuzha,12-12-2020,437,425,3601,1
allapuzha,13-12-2020,218,425,3391,2
allapuzha,14-12-2020,220,302,3309,0
allapuzha,15-12-2020,322,233,3396,2
allapuzha,16-12-2020,441,366,3466,4
allapuzha,17-12-2020,330,484,3308,4
allapuzha,18-12-2020,324,211,3420,1
allapuzha,19-12-2020,465,262,3617,6
allapuzha,20-12-2020,254,433,3434,3
allapuzha,21-12-2020,242,202,3472,2
allapuzha,22-12-2020,329,212,3586,3
allapuzha,23-12-2020,431,270,3744,3
allapuzha,24-12-2020,272,202,3813,1
allapuzha,25-12-2020,357,224,3946,0
allapuzha,26-12-2020,259,356,3847,2
allapuzha,27-12-2020,231,208,3868,2
allapuzha,28-12-2020,188,203,3853,0
allapuzha,29-12-2020,352,237,3968,0
allapuzha,30-12-2020,463,479,3948,4
allapuzha,31-12-2020,425,516,3856,1
allapuzha,01-01-2021,364,393,3826,1
allapuzha,02-01-2021,382,346,3860,2
allapuzha,03-01-2021,270,223,3906,1
allapuzha,04-01-2021,230,240,3894,2
allapuzha,05-01-2021,391,304,3981,0
allapuzha,06-01-2021,446,379,4046,2
allapuzha,07-01-2021,432,485,3991,2
allapuzha,08-01-2021,341,366,3966,0
allapuzha,09-01-2021,318,302,3978,4
allapuzha,10-01-2021,265,218,4021,4
allapuzha,11-01-2021,186,441,3765,1
allapuzha,12-01-2021,349,175,3935,4
allapuzha,13-01-2021,432,487,3878,2
allapuzha,14-01-2021,347,485,3736,4
allapuzha,15-01-2021,353,234,3853,2
allapuzha,16-01-2021,355,442,3763,3
allapuzha,17-01-2021,302,512,3551,2
allapuzha,18-01-2021,179,559,3167,4
allapuzha,19-01-2021,475,203,3439,0
allapuzha,20-01-2021,422,264,3594,3
allapuzha,21-01-2021,415,398,3609,2
allapuzha,22-01-2021,409,387,3630,1
allapuzha,23-01-2021,474,390,3713,1
allapuzha,24-01-2021,284,395,3600,2
allapuzha,25-01-2021,271,487,3381,3
allapuzha,26-01-2021,481,226,3635,1
allapuzha,27-01-2021,360,299,3689,5
allapuzha,28-01-2021,432,391,3728,2
allapuzha,29-01-2021,421,244,3905,0
allapuzha,30-01-2021,526,394,4036,1
allapuzha,31-01-2021,371,471,3934,2
allapuzha,01-02-2021,256,493,3694,3
allapuzha,02-02-2021,313,249,3758,0
allapuzha,03-02-2021,395,359,3791,3
allapuzha,04-02-2021,559,312,4037,1
allapuzha,05-02-2021,310,594,3751,2
allapuzha,06-02-2021,410,366,3795,0
allapuzha,07-02-2021,368,257,3904,2
allapuzha,08-02-2021,317,467,3752,2
allapuzha,09-02-2021,338,279,3809,2
allapuzha,10-02-2021,411,394,3826,0
allapuzha,11-02-2021,342,423,3738,6
allapuzha,12-02-2021,472,356,3850,4
allapuzha,13-02-2021,506,392,3964,0
allapuzha,14-02-2021,349,413,3896,4
allapuzha,15-02-2021,254,353,3796,1
allapuzha,16-02-2021,381,214,3961,2
allapuzha,17-02-2021,339,330,3968,2
allapuzha,18-02-2021,251,429,3790,0
allapuzha,19-02-2021,440,305,3921,4
allapuzha,20-02-2021,382,361,3940,2
allapuzha,21-02-2021,290,375,3854,1
allapuzha,22-02-2021,266,531,3588,1
allapuzha,23-02-2021,275,381,3479,3
allapuzha,24-02-2021,246,374,3351,0
allapuzha,25-02-2021,275,534,3089,3
allapuzha,26-02-2021,272,263,3097,1
allapuzha,27-02-2021,308,578,2826,1
allapuzha,28-02-2021,247,390,2679,4
allapuzha,01-03-2021,137,417,2396,2
allapuzha,02-03-2021,161,112,2444,1
allapuzha,03-03-2021,210,112,2539,3
allapuzha,04-03-2021,223,226,2532,4
allapuzha,05-03-2021,207,307,2429,3
allapuzha,06-03-2021,206,283,2350,1
allapuzha,07-03-2021,152,283,2217,2
allapuzha,08-03-2021,79,217,2077,2
allapuzha,09-03-2021,98,219,1953,3
allapuzha,10-03-2021,171,139,1984,1
allapuzha,11-03-2021,168,317,1831,4
allapuzha,12-03-2021,97,253,1674,1
allapuzha,13-03-2021,133,198,1608,1
allapuzha,14-03-2021,112,213,1506,1
allapuzha,15-03-2021,70,272,1303,1
allapuzha,16-03-2021,103,159,1246,1
allapuzha,17-03-2021,91,145,1191,1
allapuzha,18-03-2021,121,116,1196,0
allapuzha,19-03-2021,131,108,1218,1
allapuzha,20-03-2021,105,242,1080,1
allapuzha,21-03-2021,108,161,1026,1
allapuzha,22-03-2021,103,126,1001,2
allapuzha,23-03-2021,117,122,996,0
allapuzha,24-03-2021,94,127,963,0
allapuzha,25-03-2021,110,111,961,1
allapuzha,26-03-2021,117,95,981,2
allapuzha,27-03-2021,62,175,865,3
allapuzha,28-03-2021,93,45,913,0
allapuzha,29-03-2021,48,99,862,0
allapuzha,30-03-2021,83,70,872,3
allapuzha,31-03-2021,89,123,835,3
allapuzha,01-04-2021,98,193,740,0
allapuzha,02-04-2021,75,141,671,3
allapuzha,03-04-2021,81,79,672,1
allapuzha,04-04-2021,99,72,699,0
allapuzha,05-04-2021,110,132,676,1
allapuzha,06-04-2021,165,117,721,3
allapuzha,07-04-2021,157,139,738,1
allapuzha,08-04-2021,241,119,858,2
allapuzha,09-04-2021,235,105,986,2
allapuzha,10-04-2021,392,129,1248,1
allapuzha,11-04-2021,339,190,1396,1
allapuzha,12-04-2021,340,196,1540,0
allapuzha,13-04-2021,456,81,1913,2
allapuzha,14-04-2021,481,115,2278,1
allapuzha,15-04-2021,345,177,2444,2
allapuzha,16-04-2021,745,41,3148,0
allapuzha,17-04-2021,908,294,3760,2
allapuzha,18-04-2021,800,387,4172,1
allapuzha,19-04-2021,704,380,4492,4
allapuzha,20-04-2021,1347,215,5623,1
allapuzha,21-04-2021,1172,487,6307,1
allapuzha,22-04-2021,1157,494,6969,1
allapuzha,23-04-2021,1239,127,8075,6
allapuzha,24-04-2021,1750,583,9241,1
allapuzha,25-04-2021,1302,675,9864,4
allapuzha,26-04-2021,1183,688,10355,4
allapuzha,27-04-2021,1770,136,11980,6
allapuzha,28-04-2021,2235,697,13514,3
allapuzha,29-04-2021,2043,1853,13704,0
allapuzha,30-04-2021,2224,933,14994,0
allapuzha,01-05-2021,2536,326,17204,0
allapuzha,02-05-2021,2442,970,18676,0
allapuzha,03-05-2021,1994,746,19924,0
allapuzha,04-05-2021,2719,2261,20382,0
allapuzha,05-05-2021,2951,1456,21877,0
allapuzha,06-05-2021,3040,1923,22994,0
allapuzha,07-05-2021,2160,1745,23409,0
allapuzha,08-05-2021,2433,772,25068,2
allapuzha,09-05-2021,2088,2147,25007,2
allapuzha,10-05-2021,1908,2071,24841,3
allapuzha,11-05-2021,2460,1708,25592,1
allapuzha,12-05-2021,2601,2518,25671,4
allapuzha,13-05-2021,2709,2996,25384,0
allapuzha,14-05-2021,2149,3054,24479,0
allapuzha,15-05-2021,1996,1509,24966,0
allapuzha,16-05-2021,1761,2050,24666,10
allapuzha,17-05-2021,1679,6947,19397,1
allapuzha,18-05-2021,2353,1020,20729,1
allapuzha,19-05-2021,2034,2585,20162,15
allapuzha,20-05-2021,2462,2214,20406,4
allapuzha,21-05-2021,2072,2104,20373,1
allapuzha,22-05-2021,2178,2619,19927,5
allapuzha,23-05-2021,1727,386,21266,2
allapuzha,24-05-2021,1272,474,22061,3
allapuzha,25-05-2021,2482,2015,22528,0
allapuzha,26-05-2021,2184,4391,20296,24
allapuzha,27-05-2021,1591,2794,19025,65
allapuzha,28-05-2021,1640,1830,18772,62
allapuzha,29-05-2021,1984,1780,18961,15
allapuzha,30-05-2021,1530,2333,18136,22
allapuzha,31-05-2021,1016,2094,17056,2
allapuzha,01-06-2021,1557,2014,16594,5
allapuzha,02-06-2021,1758,2040,16291,21
allapuzha,03-06-2021,1337,2194,15417,17
allapuzha,04-06-2021,1198,1808,14772,35
allapuzha,05-06-2021,1212,949,15031,4
allapuzha,06-06-2021,925,2041,13909,6
allapuzha,07-06-2021,803,1535,13167,10
allapuzha,08-06-2021,1197,1521,12829,14
allapuzha,09-06-2021,1280,1305,12786,18
allapuzha,10-06-2021,848,1540,12082,12
allapuzha,11-06-2021,845,1448,11463,16
allapuzha,12-06-2021,916,1468,10903,7
allapuzha,13-06-2021,660,1123,10434,6
allapuzha,14-06-2021,524,1141,9815,2
allapuzha,15-06-2021,887,1054,9617,31
allapuzha,16-06-2021,859,1284,9181,11
allapuzha,17-06-2021,954,1079,9056,0
allapuzha,18-06-2021,895,1183,8754,14
allapuzha,19-06-2021,796,1376,8165,9
allapuzha,20-06-2021,638,844,7950,9
allapuzha,21-06-2021,451,1005,7395,1
allapuzha,22-06-2021,740,1043,7074,18
allapuzha,23-06-2021,815,814,7066,9
allapuzha,24-06-2021,766,820,7011,1
allapuzha,25-06-2021,660,778,6888,5
allapuzha,26-06-2021,770,672,6976,10
allapuzha,27-06-2021,657,783,6845,5
allapuzha,28-06-2021,451,711,6585,0
allapuzha,29-06-2021,772,705,6652,0
allapuzha,30-06-2021,833,787,6691,7
allapuzha,01-07-2021,832,917,6597,9
allapuzha,02-07-2021,720,766,6551,0
allapuzha,03-07-2021,743,759,6531,4
allapuzha,04-07-2021,683,685,6529,0
allapuzha,05-07-2021,545,607,6465,2
allapuzha,06-07-2021,793,682,6571,5
allapuzha,07-07-2021,863,899,6518,17
allapuzha,08-07-2021,660,603,6571,4
allapuzha,09-07-2021,706,511,6765,1
allapuzha,10-07-2021,853,717,6900,1
allapuzha,11-07-2021,587,898,6559,30
allapuzha,12-07-2021,602,669,6486,6
allapuzha,13-07-2021,871,668,6686,3
allapuzha,14-07-2021,930,825,6791,0
allapuzha,15-07-2021,791,611,6968,3
allapuzha,16-07-2021,750,632,7086,0
allapuzha,17-07-2021,866,639,7312,1
allapuzha,18-07-2021,786,450,7648,0
allapuzha,19-07-2021,613,605,7656,0
allapuzha,20-07-2021,905,604,7957,0
allapuzha,21-07-2021,969,535,8391,0
allapuzha,22-07-2021,718,1287,7816,6
allapuzha,23-07-2021,901,1124,7591,1
allapuzha,24-07-2021,986,1914,6661,2
allapuzha,25-07-2021,914,660,6914,1
allapuzha,26-07-2021,645,635,6919,5
allapuzha,27-07-2021,1064,603,7378,2
allapuzha,28-07-2021,1461,624,8212,3
allapuzha,29-07-2021,991,768,8433,2
allapuzha,30-07-2021,1214,983,8662,2
allapuzha,31-07-2021,1120,1278,8503,1
allapuzha,01-08-2021,1046,1192,8357,0
allapuzha,02-08-2021,659,1006,8007,3
allapuzha,03-08-2021,1261,730,8535,3
allapuzha,04-08-2021,875,721,8688,1
allapuzha,05-08-2021,1240,944,8984,0
allapuzha,06-08-2021,1167,1294,8852,5
allapuzha,07-08-2021,1090,1456,8484,2
allapuzha,08-08-2021,941,1150,8273,2
allapuzha,09-08-2021,771,1066,7971,7
allapuzha,10-08-2021,1230,1291,7903,7
allapuzha,11-08-2021,1440,1073,8265,5
allapuzha,12-08-2021,1238,742,8754,7
allapuzha,13-08-2021,998,1165,8571,16
allapuzha,14-08-2021,1150,1275,8441,5
allapuzha,15-08-2021,941,1199,8181,2
allapuzha,16-08-2021,748,1284,7643,2
allapuzha,17-08-2021,1177,822,7989,9
allapuzha,18-08-2021,1005,1177,7809,8
allapuzha,19-08-2021,1319,821,8304,3
allapuzha,20-08-2021,1135,1346,8091,2
allapuzha,21-08-2021,870,1471,7490,0
allapuzha,22-08-2021,644,1170,6962,2
allapuzha,23-08-2021,781,1044,6698,1
allapuzha,24-08-2021,1107,1224,6576,5
allapuzha,25-08-2021,1874,1094,7353,3
allapuzha,26-08-2021,1741,855,8232,7
allapuzha,27-08-2021,2188,1230,9189,1
allapuzha,28-08-2021,1943,1244,9884,4
allapuzha,29-08-2021,1498,1674,9708,0
allapuzha,30-08-2021,1486,1246,9940,8
allapuzha,31-08-2021,1833,1049,10718,6
allapuzha,01-09-2021,1975,811,11882,0
allapuzha,02-09-2021,1709,914,12651,26
allapuzha,03-09-2021,2086,912,13825,0
allapuzha,04-09-2021,1898,1517,14206,0
allapuzha,05-09-2021,1655,1694,14167,0
allapuzha,06-09-2021,1444,1836,13772,3
allapuzha,07-09-2021,1435,1909,13298,0
allapuzha,08-09-2021,1645,1966,12977,0
allapuzha,09-09-2021,1604,1845,12736,0
allapuzha,10-09-2021,1645,2035,12316,30
allapuzha,11-09-2021,1380,1738,11958,0
allapuzha,12-09-2021,1197,1853,11302,0
allapuzha,13-09-2021,1118,1747,10664,9
allapuzha,14-09-2021,1118,1998,9784,0
allapuzha,15-09-2021,969,1520,9213,20
allapuzha,16-09-2021,1442,1425,9207,23
allapuzha,17-09-2021,1719,1404,9519,3
allapuzha,18-09-2021,933,1720,8725,7
allapuzha,19-09-2021,1270,1414,8581,0
allapuzha,20-09-2021,1077,1507,8145,6
allapuzha,21-09-2021,1250,1104,8286,5
allapuzha,22-09-2021,1256,1270,8267,5
allapuzha,23-09-2021,1254,1293,8225,3
allapuzha,24-09-2021,1164,1303,8082,4
allapuzha,25-09-2021,949,1145,7885,1
allapuzha,26-09-2021,985,1360,7505,5
allapuzha,27-09-2021,766,1285,6983,3
allapuzha,28-09-2021,847,1031,6773,26
allapuzha,29-09-2021,647,1077,6337,6
allapuzha,30-09-2021,1120,1010,6441,6
allapuzha,01-10-2021,811,1452,5796,4
allapuzha,02-10-2021,625,1034,5383,4
allapuzha,03-10-2021,700,1033,5023,27
allapuzha,04-10-2021,525,974,4539,35
allapuzha,05-10-2021,519,868,4162,28
allapuzha,06-10-2021,569,944,3767,20
allapuzha,07-10-2021,746,791,3718,4
allapuzha,08-10-2021,627,716,3629,0
allapuzha,09-10-2021,432,725,3328,8
allapuzha,10-10-2021,466,714,3074,6
allapuzha,11-10-2021,336,623,2782,5
allapuzha,12-10-2021,425,370,2825,12
allapuzha,13-10-2021,506,514,2812,5
allapuzha,14-10-2021,513,616,2709,0
allapuzha,15-10-2021,543,572,2674,6
allapuzha,16-10-2021,390,552,2512,0
allapuzha,17-10-2021,303,546,2265,4
allapuzha,18-10-2021,316,404,2177,0
allapuzha,19-10-2021,302,443,2036,0
allapuzha,20-10-2021,625,660,1994,7
allapuzha,21-10-2021,369,635,1721,7
allapuzha,22-10-2021,390,401,1707,3
allapuzha,23-10-2021,388,554,1529,12
allapuzha,24-10-2021,333,395,1462,5
allapuzha,25-10-2021,217,360,1280,39
allapuzha,26-10-2021,318,303,1275,20
allapuzha,27-10-2021,340,371,1221,23
allapuzha,28-10-2021,241,375,1030,57
allapuzha,29-10-2021,364,288,1053,53
allapuzha,30-10-2021,285,374,929,35
allapuzha,31-10-2021,270,455,743,1
allapuzha,01-11-2021,132,390,453,32
allapuzha,02-11-2021,228,393,286,2
allapuzha,03-11-2021,315,314,284,3
allapuzha,04-11-2021,241,268,254,3
allapuzha,05-11-2021,333,214,343,30
allapuzha,06-11-2021,142,307,149,29
allapuzha,07-11-2021,303,236,216,0
allapuzha,08-11-2021,198,124,278,12
allapuzha,09-11-2021,225,281,206,16
allapuzha,10-11-2021,326,254,265,13
allapuzha,11-11-2021,250,322,159,34
allapuzha,12-11-2021,233,161,201,30
allapuzha,13-11-2021,250,217,216,18
allapuzha,14-11-2021,218,222,199,13
allapuzha,15-11-2021,172,338,16,17
allapuzha,17-11-2021,267,201,25,21
allapuzha,15-01-2022,765,208,389,1
allapuzha,16-01-2022,715,217,885,2
allapuzha,17-01-2022,835,336,1384,0
allapuzha,18-01-2022,1087,119,2350,2
allapuzha,19-01-2022,1339,196,3493,0
allapuzha,20-01-2022,1926,437,4982,0
allapuzha,21-01-2022,1798,585,6194,1
allapuzha,22-01-2022,2168,567,7778,17
allapuzha,23-01-2022,1564,567,8775,0
allapuzha,24-01-2022,1165,753,9183,4
allapuzha,25-01-2022,2561,822,10873,49
allapuzha,26-01-2022,2506,1043,12325,11
allapuzha,27-01-2022,2291,1264,13347,5
allapuzha,28-01-2022,2323,1907,13674,89
allapuzha,29-01-2022,2213,1785,14023,79
allapuzha,30-01-2022,2861,2018,14842,24
allapuzha,31-01-2022,2074,1541,15193,182
allapuzha,01-02-2022,2967,1114,16903,143
allapuzha,02-02-2022,2939,2406,17421,15
allapuzha,03-02-2022,3010,2459,17916,56
allapuzha,04-02-2022,2610,2205,18290,31
allapuzha,05-02-2022,2023,2287,17982,44
allapuzha,06-02-2022,1609,2196,17367,28
allapuzha,07-02-2022,1109,2802,15646,28
allapuzha,08-02-2022,1559,2182,14995,28
allapuzha,09-02-2022,1405,2861,13520,19
allapuzha,10-02-2022,1025,2869,11631,45
allapuzha,11-02-2022,1036,2959,9689,19
allapuzha,12-02-2022,1006,2672,8014,9
allapuzha,13-02-2022,640,1990,6664,0
allapuzha,14-02-2022,558,1650,5566,6
allapuzha,15-02-2022,754,1058,5235,27
allapuzha,16-02-2022,578,1577,4209,27
allapuzha,17-02-2022,567,1360,3368,48
allapuzha,18-02-2022,486,1013,2838,3
allapuzha,19-02-2022,363,995,2169,37
allapuzha,20-02-2022,321,1003,1484,3
allapuzha,21-02-2022,224,634,1068,6
allapuzha,22-02-2022,338,545,848,13
allapuzha,23-02-2022,282,748,376,6
kottayam,10-03-2020,2,0,2,0
kottayam,24-03-2020,1,0,3,0
kottayam,28-03-2020,0,2,1,0
kottayam,03-04-2020,0,1,0,0
kottayam,22-04-2020,1,0,1,0
kottayam,23-04-2020,2,0,3,0
kottayam,25-04-2020,3,0,6,0
kottayam,26-04-2020,5,0,11,0
kottayam,27-04-2020,6,0,17,0
kottayam,04-05-2020,0,12,5,0
kottayam,06-05-2020,0,5,0,0
kottayam,12-05-2020,1,0,1,0
kottayam,13-05-2020,1,0,2,0
kottayam,18-05-2020,2,0,4,0
kottayam,21-05-2020,3,1,6,0
kottayam,22-05-2020,2,0,8,0
kottayam,23-05-2020,2,1,9,0
kottayam,25-05-2020,2,0,11,0
kottayam,26-05-2020,6,1,16,0
kottayam,28-05-2020,3,0,19,0
kottayam,29-05-2020,1,0,20,0
kottayam,30-05-2020,1,1,20,0
kottayam,01-06-2020,0,3,17,0
kottayam,02-06-2020,6,7,16,0
kottayam,03-06-2020,8,3,21,0
kottayam,04-06-2020,5,0,26,0
kottayam,05-06-2020,1,0,27,0
kottayam,06-06-2020,2,0,29,0
kottayam,07-06-2020,3,1,31,0
kottayam,08-06-2020,3,0,34,0
kottayam,09-06-2020,8,2,40,0
kottayam,10-06-2020,3,2,41,0
kottayam,11-06-2020,2,0,43,0
kottayam,12-06-2020,3,1,45,0
kottayam,13-06-2020,1,2,44,0
kottayam,14-06-2020,3,2,45,0
kottayam,15-06-2020,10,0,55,0
kottayam,16-06-2020,4,3,56,0
kottayam,17-06-2020,4,3,57,0
kottayam,18-06-2020,11,2,66,0
kottayam,19-06-2020,7,6,67,0
kottayam,20-06-2020,11,0,78,0
kottayam,21-06-2020,10,3,85,0
kottayam,22-06-2020,13,4,94,0
kottayam,23-06-2020,8,12,90,0
kottayam,24-06-2020,7,3,94,0
kottayam,25-06-2020,2,2,94,0
kottayam,26-06-2020,18,2,110,0
kottayam,27-06-2020,15,7,118,0
kottayam,28-06-2020,5,6,117,0
kottayam,29-06-2020,0,8,109,0
kottayam,30-06-2020,3,6,106,0
kottayam,01-07-2020,4,6,104,0
kottayam,02-07-2020,9,1,112,0
kottayam,03-07-2020,14,16,110,0
kottayam,04-07-2020,6,10,106,0
kottayam,05-07-2020,8,5,109,0
kottayam,06-07-2020,6,11,104,0
kottayam,07-07-2020,3,1,106,0
kottayam,08-07-2020,17,0,123,0
kottayam,09-07-2020,7,8,122,0
kottayam,10-07-2020,7,9,120,0
kottayam,11-07-2020,15,6,129,0
kottayam,12-07-2020,12,1,140,0
kottayam,13-07-2020,10,12,138,0
kottayam,14-07-2020,25,5,158,0
kottayam,15-07-2020,25,13,170,0
kottayam,16-07-2020,13,7,176,0
kottayam,17-07-2020,39,6,209,0
kottayam,18-07-2020,16,6,219,0
kottayam,19-07-2020,20,9,230,0
kottayam,20-07-2020,46,17,259,0
kottayam,21-07-2020,39,10,288,0
kottayam,22-07-2020,51,12,327,0
kottayam,23-07-2020,80,25,382,0
kottayam,24-07-2020,50,74,358,0
kottayam,25-07-2020,77,49,386,0
kottayam,26-07-2020,54,37,403,0
kottayam,27-07-2020,59,13,448,1
kottayam,28-07-2020,118,20,546,0
kottayam,29-07-2020,29,28,547,0
kottayam,30-07-2020,29,49,527,0
kottayam,31-07-2020,89,65,551,0
kottayam,01-08-2020,47,57,541,0
kottayam,02-08-2020,70,39,572,0
kottayam,03-08-2020,35,55,552,0
kottayam,04-08-2020,23,107,468,0
kottayam,05-08-2020,51,47,472,0
kottayam,06-08-2020,40,54,458,0
kottayam,07-08-2020,37,71,424,0
kottayam,08-08-2020,15,60,379,0
kottayam,09-08-2020,139,56,462,0
kottayam,10-08-2020,40,55,447,0
kottayam,11-08-2020,24,47,424,0
kottayam,12-08-2020,76,23,476,1
kottayam,13-08-2020,53,17,512,0
kottayam,14-08-2020,101,48,565,0
kottayam,15-08-2020,39,45,559,0
kottayam,16-08-2020,100,61,598,0
kottayam,17-08-2020,89,46,641,0
kottayam,18-08-2020,93,48,686,0
kottayam,19-08-2020,203,54,835,0
kottayam,20-08-2020,124,29,930,0
kottayam,21-08-2020,136,93,973,0
kottayam,22-08-2020,104,92,985,0
kottayam,23-08-2020,106,72,1019,0
kottayam,24-08-2020,89,63,1044,1
kottayam,25-08-2020,86,67,1063,0
kottayam,26-08-2020,137,59,1141,0
kottayam,27-08-2020,189,74,1256,0
kottayam,28-08-2020,126,82,1300,0
kottayam,29-08-2020,139,120,1319,0
kottayam,30-08-2020,223,72,1470,0
kottayam,31-08-2020,86,90,1466,0
kottayam,01-09-2020,62,115,1413,0
kottayam,02-09-2020,145,69,1489,0
kottayam,03-09-2020,160,117,1532,0
kottayam,04-09-2020,178,117,1593,0
kottayam,05-09-2020,119,121,1591,0
kottayam,06-09-2020,195,130,1656,0
kottayam,07-09-2020,154,115,1695,0
kottayam,08-09-2020,168,133,1730,0
kottayam,09-09-2020,196,91,1835,0
kottayam,10-09-2020,217,106,1946,0
kottayam,11-09-2020,221,89,2078,0
kottayam,12-09-2020,166,138,2106,0
kottayam,13-09-2020,196,125,2177,0
kottayam,14-09-2020,122,121,2178,0
kottayam,15-09-2020,192,138,2232,0
kottayam,16-09-2020,187,131,2288,0
kottayam,17-09-2020,204,120,2372,0
kottayam,18-09-2020,225,112,2485,0
kottayam,19-09-2020,263,119,2629,0
kottayam,20-09-2020,274,121,2777,5
kottayam,21-09-2020,156,136,2797,0
kottayam,22-09-2020,169,114,2852,0
kottayam,23-09-2020,262,275,2839,0
kottayam,24-09-2020,341,130,3050,0
kottayam,25-09-2020,322,193,3175,4
kottayam,26-09-2020,389,163,3401,0
kottayam,27-09-2020,426,123,3703,1
kottayam,28-09-2020,213,122,3791,3
kottayam,29-09-2020,336,157,3968,2
kottayam,30-09-2020,442,128,4281,1
kottayam,01-10-2020,340,148,4473,0
kottayam,02-10-2020,432,174,4727,4
kottayam,03-10-2020,342,202,4867,0
kottayam,04-10-2020,474,318,5023,0
kottayam,05-10-2020,354,400,4975,2
kottayam,06-10-2020,427,361,5038,3
kottayam,07-10-2020,490,453,5075,0
kottayam,08-10-2020,231,375,4931,0
kottayam,09-10-2020,522,452,5000,1
kottayam,10-10-2020,523,173,5350,0
kottayam,11-10-2020,417,161,5604,2
kottayam,12-10-2020,382,455,5531,0
kottayam,13-10-2020,476,480,5527,0
kottayam,14-10-2020,350,143,5734,0
kottayam,15-10-2020,495,178,6051,0
kottayam,16-10-2020,432,246,6237,0
kottayam,17-10-2020,411,217,6428,3
kottayam,18-10-2020,514,216,6726,0
kottayam,19-10-2020,180,200,6706,0
kottayam,20-10-2020,473,404,6775,0
kottayam,21-10-2020,526,404,6897,0
kottayam,22-10-2020,332,167,7061,1
kottayam,23-10-2020,426,172,7310,5
kottayam,24-10-2020,458,517,7249,2
kottayam,25-10-2020,386,299,7335,1
kottayam,26-10-2020,194,191,7336,1
kottayam,27-10-2020,395,236,7495,0
kottayam,28-10-2020,594,1020,7069,0
kottayam,29-10-2020,389,1050,6408,0
kottayam,30-10-2020,367,1007,5766,2
kottayam,31-10-2020,584,743,5605,2
kottayam,01-11-2020,434,474,5565,0
kottayam,02-11-2020,246,334,5476,1
kottayam,03-11-2020,507,641,5340,2
kottayam,04-11-2020,571,470,5441,0
kottayam,05-11-2020,479,480,5440,0
kottayam,06-11-2020,461,777,5124,0
kottayam,07-11-2020,500,612,5011,1
kottayam,08-11-2020,406,623,4794,0
kottayam,09-11-2020,203,423,4573,0
kottayam,10-11-2020,426,361,4634,4
kottayam,11-11-2020,580,353,4855,6
kottayam,12-11-2020,344,394,4804,1
kottayam,13-11-2020,347,317,4831,3
kottayam,14-11-2020,425,215,5035,6
kottayam,15-11-2020,266,470,4831,0
kottayam,16-11-2020,165,683,4313,0
kottayam,17-11-2020,429,501,4240,1
kottayam,18-11-2020,373,776,3833,4
kottayam,19-11-2020,342,402,3771,2
kottayam,20-11-2020,423,301,3892,1
kottayam,21-11-2020,423,271,4042,2
kottayam,22-11-2020,355,528,3869,0
kottayam,23-11-2020,279,175,3970,3
kottayam,24-11-2020,461,463,3966,2
kottayam,25-11-2020,450,436,3977,3
kottayam,26-11-2020,425,204,4197,1
kottayam,27-11-2020,346,202,4337,4
kottayam,28-11-2020,629,512,4453,1
kottayam,29-11-2020,399,215,4632,5
kottayam,30-11-2020,243,156,4716,3
kottayam,01-12-2020,585,399,4900,2
kottayam,02-12-2020,537,264,5170,3
kottayam,03-12-2020,337,377,5130,0
kottayam,04-12-2020,570,500,5194,6
kottayam,05-12-2020,567,588,5172,1
kottayam,06-12-2020,387,613,4945,1
kottayam,07-12-2020,202,354,4791,2
kottayam,08-12-2020,695,460,5020,6
kottayam,09-12-2020,497,311,5206,0
kottayam,10-12-2020,346,312,5239,1
kottayam,11-12-2020,326,243,5320,2
kottayam,12-12-2020,593,387,5524,2
kottayam,13-12-2020,416,455,5485,0
kottayam,14-12-2020,252,352,5384,1
kottayam,15-12-2020,758,440,5702,0
kottayam,16-12-2020,568,409,5861,0
kottayam,17-12-2020,505,576,5789,1
kottayam,18-12-2020,538,463,5864,0
kottayam,19-12-2020,578,462,5978,2
kottayam,20-12-2020,905,415,6466,2
kottayam,21-12-2020,217,511,6170,2
kottayam,22-12-2020,760,474,6456,0
kottayam,23-12-2020,642,530,6566,1
kottayam,24-12-2020,498,493,6569,2
kottayam,25-12-2020,599,485,6683,0
kottayam,26-12-2020,250,413,6518,2
kottayam,27-12-2020,509,239,6786,2
kottayam,28-12-2020,241,301,6726,0
kottayam,29-12-2020,777,581,6920,2
kottayam,30-12-2020,542,517,6941,4
kottayam,31-12-2020,481,384,7038,0
kottayam,01-01-2021,477,480,7033,2
kottayam,02-01-2021,540,893,6680,0
kottayam,03-01-2021,408,499,6585,3
kottayam,04-01-2021,263,800,6048,0
kottayam,05-01-2021,715,707,6054,2
kottayam,06-01-2021,555,736,5873,0
kottayam,07-01-2021,515,349,6039,0
kottayam,08-01-2021,462,545,5952,3
kottayam,09-01-2021,574,920,5604,2
kottayam,10-01-2021,345,470,5476,3
kottayam,11-01-2021,321,193,5604,0
kottayam,12-01-2021,709,850,5462,1
kottayam,13-01-2021,589,548,5502,1
kottayam,14-01-2021,459,429,5531,1
kottayam,15-01-2021,567,574,5523,1
kottayam,16-01-2021,552,586,5486,2
kottayam,17-01-2021,399,367,5517,1
kottayam,18-01-2021,308,109,5715,1
kottayam,19-01-2021,674,126,6263,0
kottayam,20-01-2021,704,314,6652,1
kottayam,21-01-2021,647,697,6601,1
kottayam,22-01-2021,581,900,6281,1
kottayam,23-01-2021,702,403,6580,0
kottayam,24-01-2021,622,320,6881,1
kottayam,25-01-2021,311,439,6753,0
kottayam,26-01-2021,638,564,6827,0
kottayam,27-01-2021,517,288,7056,0
kottayam,28-01-2021,522,482,7095,1
kottayam,29-01-2021,623,639,7075,4
kottayam,30-01-2021,487,1415,6147,0
kottayam,31-01-2021,511,424,6234,0
kottayam,01-02-2021,302,681,5855,0
kottayam,02-02-2021,621,496,5980,0
kottayam,03-02-2021,588,341,6226,1
kottayam,04-02-2021,450,829,5847,0
kottayam,05-02-2021,458,466,5837,2
kottayam,06-02-2021,512,1050,5298,1
kottayam,07-02-2021,639,709,5228,0
kottayam,08-02-2021,363,461,5130,0
kottayam,09-02-2021,555,1194,4491,0
kottayam,10-02-2021,575,234,4831,1
kottayam,11-02-2021,383,502,4708,3
kottayam,12-02-2021,565,374,4899,0
kottayam,13-02-2021,376,306,4968,1
kottayam,14-02-2021,532,297,5203,0
kottayam,15-02-2021,289,489,5003,0
kottayam,16-02-2021,471,699,4775,0
kottayam,17-02-2021,506,287,4992,2
kottayam,18-02-2021,361,403,4949,1
kottayam,19-02-2021,407,378,4978,0
kottayam,20-02-2021,267,539,4706,0
kottayam,21-02-2021,440,212,4934,0
kottayam,22-02-2021,145,861,4216,1
kottayam,23-02-2021,389,377,4228,0
kottayam,24-02-2021,354,449,4133,0
kottayam,25-02-2021,379,676,3834,2
kottayam,26-02-2021,227,548,3513,0
kottayam,27-02-2021,236,411,3338,0
kottayam,28-02-2021,363,269,3431,1
kottayam,01-03-2021,103,256,3278,0
kottayam,02-03-2021,217,200,3295,0
kottayam,03-03-2021,241,272,3262,2
kottayam,04-03-2021,224,531,2955,0
kottayam,05-03-2021,185,313,2827,0
kottayam,06-03-2021,223,370,2680,0
kottayam,07-03-2021,142,238,2583,1
kottayam,08-03-2021,80,186,2477,0
kottayam,09-03-2021,279,175,2581,0
kottayam,10-03-2021,180,281,2480,0
kottayam,11-03-2021,188,498,2170,0
kottayam,12-03-2021,127,36,2260,1
kottayam,13-03-2021,168,263,2163,1
kottayam,14-03-2021,161,169,2155,0
kottayam,15-03-2021,68,334,1889,0
kottayam,16-03-2021,217,155,1951,0
kottayam,17-03-2021,169,197,1922,1
kottayam,18-03-2021,158,105,1975,0
kottayam,19-03-2021,125,156,1942,2
kottayam,20-03-2021,164,358,1747,0
kottayam,21-03-2021,144,120,1770,1
kottayam,22-03-2021,70,115,1725,0
kottayam,23-03-2021,190,259,1656,0
kottayam,24-03-2021,191,212,1635,0
kottayam,25-03-2021,152,128,1658,1
kottayam,26-03-2021,111,145,1624,0
kottayam,27-03-2021,212,124,1709,3
kottayam,28-03-2021,139,122,1724,2
kottayam,29-03-2021,85,173,1636,0
kottayam,30-03-2021,190,131,1694,1
kottayam,31-03-2021,170,120,1743,1
kottayam,01-04-2021,199,138,1802,2
kottayam,02-04-2021,184,190,1796,0
kottayam,03-04-2021,126,174,1747,1
kottayam,04-04-2021,230,143,1834,0
kottayam,05-04-2021,164,221,1776,1
kottayam,06-04-2021,354,125,2005,0
kottayam,07-04-2021,300,230,2074,1
kottayam,08-04-2021,324,165,2230,3
kottayam,09-04-2021,417,250,2397,0
kottayam,10-04-2021,376,160,2611,2
kottayam,11-04-2021,666,176,3101,0
kottayam,12-04-2021,407,337,3171,0
kottayam,13-04-2021,629,216,3581,3
kottayam,14-04-2021,816,236,4161,0
kottayam,15-04-2021,751,253,4655,4
kottayam,16-04-2021,780,269,5163,3
kottayam,17-04-2021,1154,264,6050,2
kottayam,18-04-2021,1703,316,7435,2
kottayam,19-04-2021,973,272,8135,1
kottayam,20-04-2021,1510,330,9315,0
kottayam,21-04-2021,2140,379,11072,4
kottayam,22-04-2021,2485,540,13011,6
kottayam,23-04-2021,1986,538,14457,2
kottayam,24-04-2021,2062,694,15825,0
kottayam,25-04-2021,2666,538,17950,3
kottayam,26-04-2021,1275,286,18937,2
kottayam,27-04-2021,2970,4729,17169,9
kottayam,28-04-2021,2917,4285,15799,2
kottayam,29-04-2021,3616,6137,13278,0
kottayam,30-04-2021,2917,1804,14388,3
kottayam,01-05-2021,2515,1903,15000,0
kottayam,02-05-2021,2815,1025,16790,0
kottayam,03-05-2021,1650,1825,16615,0
kottayam,04-05-2021,2170,3890,14895,0
kottayam,05-05-2021,3432,2053,16274,0
kottayam,06-05-2021,2865,3013,16107,19
kottayam,07-05-2021,2153,3063,15197,0
kottayam,08-05-2021,2395,1404,16187,1
kottayam,09-05-2021,2324,1447,17064,0
kottayam,10-05-2021,1713,2054,16723,0
kottayam,11-05-2021,2566,1975,17314,0
kottayam,12-05-2021,2904,2171,18036,11
kottayam,13-05-2021,2771,3491,17316,0
kottayam,14-05-2021,2043,2174,17185,0
kottayam,15-05-2021,2012,2190,17007,0
kottayam,16-05-2021,1806,2461,16350,2
kottayam,17-05-2021,1349,3004,14695,0
kottayam,18-05-2021,1855,3753,12795,2
kottayam,19-05-2021,1988,2527,12252,4
kottayam,20-05-2021,1826,2502,11565,11
kottayam,21-05-2021,1760,1486,11836,3
kottayam,22-05-2021,1750,2290,11290,6
kottayam,23-05-2021,1322,1467,11112,32
kottayam,24-05-2021,1090,2298,9880,24
kottayam,25-05-2021,1555,1546,9883,6
kottayam,26-05-2021,1473,1876,9471,9
kottayam,27-05-2021,919,1344,9038,8
kottayam,28-05-2021,1128,652,9502,12
kottayam,29-05-2021,1167,954,9708,7
kottayam,30-05-2021,834,1278,9264,0
kottayam,31-05-2021,577,1635,8200,6
kottayam,01-06-2021,891,1310,7767,14
kottayam,02-06-2021,846,1358,7251,4
kottayam,03-06-2021,707,709,7239,10
kottayam,04-06-2021,636,983,6887,5
kottayam,05-06-2021,822,802,6901,6
kottayam,06-06-2021,499,989,6409,2
kottayam,07-06-2021,464,1009,5856,8
kottayam,08-06-2021,644,846,5646,8
kottayam,09-06-2021,645,830,5456,5
kottayam,10-06-2021,580,742,5289,5
kottayam,11-06-2021,662,644,5302,5
kottayam,12-06-2021,560,259,5603,0
kottayam,13-06-2021,622,846,5372,7
kottayam,14-06-2021,400,754,5014,4
kottayam,15-06-2021,442,605,4850,1
kottayam,16-06-2021,704,595,4952,7
kottayam,17-06-2021,464,831,4581,4
kottayam,18-06-2021,505,597,4488,1
kottayam,19-06-2021,640,552,4574,2
kottayam,20-06-2021,600,215,4958,1
kottayam,21-06-2021,287,834,4411,0
kottayam,22-06-2021,609,716,4304,0
kottayam,23-06-2021,547,626,4224,1
kottayam,24-06-2021,594,655,4160,3
kottayam,25-06-2021,488,463,4184,1
kottayam,26-06-2021,550,752,3981,1
kottayam,27-06-2021,428,530,3879,0
kottayam,28-06-2021,299,523,3647,8
kottayam,29-06-2021,579,447,3777,2
kottayam,30-06-2021,583,578,3780,2
kottayam,01-07-2021,504,577,3701,6
kottayam,02-07-2021,550,364,3885,2
kottayam,03-07-2021,570,425,4018,12
kottayam,04-07-2021,568,438,4148,0
kottayam,05-07-2021,355,300,4201,2
kottayam,06-07-2021,662,275,4577,11
kottayam,07-07-2021,779,497,4855,4
kottayam,08-07-2021,628,489,4993,1
kottayam,09-07-2021,683,542,5133,1
kottayam,10-07-2021,682,680,5134,1
kottayam,11-07-2021,609,390,5349,4
kottayam,12-07-2021,363,506,5200,6
kottayam,13-07-2021,826,473,5547,6
kottayam,14-07-2021,804,836,5509,6
kottayam,15-07-2021,555,644,5420,0
kottayam,16-07-2021,800,739,5480,1
kottayam,17-07-2021,890,525,5843,2
kottayam,18-07-2021,670,599,5914,0
kottayam,19-07-2021,484,539,5852,7
kottayam,20-07-2021,1101,525,6426,2
kottayam,21-07-2021,996,664,6756,1
kottayam,22-07-2021,763,937,6582,0
kottayam,23-07-2021,1053,659,6973,3
kottayam,24-07-2021,760,684,7047,2
kottayam,25-07-2021,833,495,7377,8
kottayam,26-07-2021,540,999,6914,4
kottayam,27-07-2021,1136,801,7231,17
kottayam,28-07-2021,1067,821,7469,8
kottayam,29-07-2021,1000,1148,7313,8
kottayam,30-07-2021,1030,740,7600,3
kottayam,31-07-2021,1111,841,7869,1
kottayam,01-08-2021,963,693,8124,14
kottayam,02-08-2021,673,884,7901,12
kottayam,03-08-2021,1241,877,8255,10
kottayam,04-08-2021,1208,1045,8417,1
kottayam,05-08-2021,1077,949,8537,8
kottayam,06-08-2021,963,993,8489,18
kottayam,07-08-2021,995,1271,8210,3
kottayam,08-08-2021,942,790,8355,7
kottayam,09-08-2021,597,1264,7688,0
kottayam,10-08-2021,1245,863,8065,5
kottayam,11-08-2021,1227,1301,7988,3
kottayam,12-08-2021,1188,1064,8105,7
kottayam,13-08-2021,1032,957,8177,3
kottayam,14-08-2021,900,753,8312,12
kottayam,15-08-2021,929,672,8568,1
kottayam,16-08-2021,647,1228,7983,4
kottayam,17-08-2021,1155,1088,8050,0
kottayam,18-08-2021,1133,1226,7951,6
kottayam,19-08-2021,925,1447,7416,13
kottayam,20-08-2021,1115,802,7722,7
kottayam,21-08-2021,1040,1027,7732,3
kottayam,22-08-2021,415,880,7265,2
kottayam,23-08-2021,699,786,7178,0
kottayam,24-08-2021,1474,1099,7544,9
kottayam,25-08-2021,2050,850,8738,6
kottayam,26-08-2021,1992,1158,9564,8
kottayam,27-08-2021,1877,745,10692,4
kottayam,28-08-2021,1680,476,11875,21
kottayam,29-08-2021,1830,493,13207,4
kottayam,30-08-2021,1007,1601,12603,10
kottayam,31-08-2021,1938,1428,13112,1
kottayam,01-09-2021,2263,2046,13323,6
kottayam,02-09-2021,2121,1822,13616,6
kottayam,03-09-2021,1805,2834,12587,0
kottayam,04-09-2021,2080,1857,12803,7
kottayam,05-09-2021,1662,2735,11729,1
kottayam,06-09-2021,1020,2555,10190,4
kottayam,07-09-2021,1814,1457,10536,11
kottayam,08-09-2021,2214,2198,10548,4
kottayam,09-09-2021,1580,2145,9974,9
kottayam,10-09-2021,1565,1451,10077,11
kottayam,11-09-2021,1176,1463,9786,4
kottayam,12-09-2021,1780,1611,9950,5
kottayam,13-09-2021,1027,2234,8737,6
kottayam,14-09-2021,1043,1558,8216,6
kottayam,15-09-2021,1702,1485,8432,1
kottayam,16-09-2021,1212,1831,7805,8
kottayam,17-09-2021,1431,1400,7824,10
kottayam,18-09-2021,1013,1145,7662,30
kottayam,19-09-2021,1288,1434,7490,26
kottayam,20-09-2021,1396,1482,7404,0
kottayam,21-09-2021,1632,1460,7565,11
kottayam,22-09-2021,1682,1236,8008,3
kottayam,23-09-2021,1545,1667,7874,12
kottayam,24-09-2021,1367,1216,8021,4
kottayam,25-09-2021,1117,1605,7529,4
kottayam,26-09-2021,1486,1407,7603,5
kottayam,27-09-2021,870,1646,6822,5
kottayam,28-09-2021,768,1234,6351,5
kottayam,29-09-2021,886,1240,5994,3
kottayam,30-09-2021,1259,1355,5897,1
kottayam,01-10-2021,896,1318,5474,1
kottayam,02-10-2021,997,1077,5390,4
kottayam,03-10-2021,894,1014,5267,3
kottayam,04-10-2021,591,1094,4761,3
kottayam,05-10-2021,806,977,4582,8
kottayam,06-10-2021,840,1037,4378,7
kottayam,07-10-2021,735,1011,4082,20
kottayam,08-10-2021,906,913,4070,5
kottayam,09-10-2021,569,867,3766,6
kottayam,10-10-2021,872,846,3787,5
kottayam,11-10-2021,466,990,3246,17
kottayam,12-10-2021,652,753,3128,17
kottayam,13-10-2021,925,781,3262,10
kottayam,14-10-2021,838,772,3316,12
kottayam,15-10-2021,622,680,3257,1
kottayam,16-10-2021,514,577,3193,1
kottayam,17-10-2021,627,546,3269,5
kottayam,18-10-2021,350,1079,2540,0
kottayam,19-10-2021,765,605,2693,7
kottayam,20-10-2021,848,858,2667,16
kottayam,21-10-2021,659,673,2651,2
kottayam,22-10-2021,731,491,2887,4
kottayam,23-10-2021,592,569,2905,5
kottayam,24-10-2021,777,801,2876,5
kottayam,25-10-2021,340,718,2492,6
kottayam,26-10-2021,762,113,3078,63
kottayam,27-10-2021,840,251,3662,5
kottayam,28-10-2021,580,101,4136,5
kottayam,29-10-2021,597,212,4513,8
kottayam,30-10-2021,562,61,5005,9
kottayam,31-10-2021,506,155,5351,5
kottayam,01-11-2021,228,502,5073,4
kottayam,02-11-2021,673,990,4755,1
kottayam,03-11-2021,616,1021,4350,0
kottayam,04-11-2021,616,438,4514,14
kottayam,05-11-2021,422,255,4681,0
kottayam,06-11-2021,508,591,4558,40
kottayam,07-11-2021,517,644,4431,0
kottayam,08-11-2021,300,454,4207,70
kottayam,09-11-2021,521,651,4049,28
kottayam,10-11-2021,812,212,4620,29
kottayam,11-11-2021,560,600,4580,0
kottayam,12-11-2021,477,638,4405,14
kottayam,13-11-2021,515,546,4374,0
kottayam,14-11-2021,383,462,4287,8
kottayam,15-11-2021,226,487,4026,0
kottayam,16-11-2021,624,494,4154,2
kottayam,17-11-2021,700,438,4416,0
kottayam,18-11-2021,570,365,4616,5
kottayam,19-11-2021,446,727,4335,0
kottayam,20-11-2021,488,473,4350,0
kottayam,21-11-2021,343,526,4159,8
kottayam,22-11-2021,228,816,3571,0
kottayam,23-11-2021,476,264,3758,25
kottayam,24-11-2021,327,235,3764,86
kottayam,25-11-2021,555,219,4016,84
kottayam,26-11-2021,369,786,3541,58
kottayam,27-11-2021,357,500,3338,60
kottayam,28-11-2021,319,471,3181,5
kottayam,29-11-2021,198,584,2778,17
kottayam,30-11-2021,271,385,2664,0
kottayam,01-12-2021,518,262,2920,0
kottayam,02-12-2021,295,285,2919,11
kottayam,03-12-2021,532,277,3165,9
kottayam,04-12-2021,347,284,3220,8
kottayam,05-12-2021,484,351,3350,3
kottayam,06-12-2021,286,461,3133,42
kottayam,07-12-2021,375,564,2885,59
kottayam,08-12-2021,453,44,3261,33
kottayam,09-12-2021,317,318,3222,38
kottayam,10-12-2021,332,419,3123,12
kottayam,11-12-2021,312,370,3028,37
kottayam,12-12-2021,242,375,2824,71
kottayam,13-12-2021,147,456,2425,90
kottayam,14-12-2021,323,302,2443,3
kottayam,15-12-2021,364,180,2612,15
kottayam,16-12-2021,262,374,2499,1
kottayam,17-12-2021,262,561,2164,36
kottayam,18-12-2021,300,216,2246,2
kottayam,19-12-2021,232,353,2123,2
kottayam,20-12-2021,177,422,1816,62
kottayam,21-12-2021,310,193,1914,19
kottayam,22-12-2021,253,131,2000,36
kottayam,23-12-2021,258,197,2051,10
kottayam,24-12-2021,202,373,1878,2
kottayam,25-12-2021,177,260,1795,0
kottayam,26-12-2021,96,347,1541,3
kottayam,27-12-2021,130,328,1237,106
kottayam,28-12-2021,203,79,1354,7
kottayam,29-12-2021,332,121,1517,48
kottayam,30-12-2021,195,183,1527,2
kottayam,31-12-2021,224,380,1369,2
kottayam,01-01-2022,153,244,1274,4
kottayam,02-01-2022,182,286,1154,16
kottayam,03-01-2022,199,201,1138,14
kottayam,04-01-2022,352,15,1458,17
kottayam,05-01-2022,315,50,1715,8
kottayam,06-01-2022,326,182,1826,33
kottayam,07-01-2022,289,283,1808,24
kottayam,08-01-2022,319,165,1955,7
kottayam,09-01-2022,364,192,2120,7
kottayam,10-01-2022,447,187,2345,35
kottayam,11-01-2022,587,37,2880,15
kottayam,12-01-2022,941,332,3489,0
kottayam,13-01-2022,913,391,4011,0
kottayam,14-01-2022,1103,313,4797,4
kottayam,15-01-2022,1194,303,5688,0
kottayam,16-01-2022,1377,305,6757,3
kottayam,17-01-2022,1476,308,7923,2
kottayam,18-01-2022,1758,159,9510,12
kottayam,19-01-2022,2333,694,11133,16
kottayam,20-01-2022,3091,3300,10901,23
kottayam,21-01-2022,3182,966,13071,46
kottayam,22-01-2022,3053,1021,15103,0
kottayam,23-01-2022,2216,1225,16091,3
kottayam,24-01-2022,1900,1365,16626,0
kottayam,25-01-2022,3672,1706,18591,1
kottayam,26-01-2022,3922,2364,20143,6
kottayam,27-01-2022,3834,3275,20685,17
kottayam,28-01-2022,4182,3290,21569,8
kottayam,29-01-2022,4123,3033,22638,21
kottayam,30-01-2022,3889,2425,24083,19
kottayam,31-01-2022,2840,1099,25818,6
kottayam,01-02-2022,3601,3273,26103,43
kottayam,02-02-2022,4192,3043,27224,28
kottayam,03-02-2022,4303,4204,27272,51
kottayam,04-02-2022,3399,4115,26509,47
kottayam,05-02-2022,3569,996,29027,55
kottayam,06-02-2022,2529,3206,28308,42
kottayam,07-02-2022,2786,4400,26464,230
kottayam,08-02-2022,3569,2697,27250,86
kottayam,09-02-2022,2531,3002,26621,158
kottayam,10-02-2022,1749,3837,24484,49
kottayam,11-02-2022,1502,4135,21822,29
kottayam,12-02-2022,1367,3342,19833,14
kottayam,13-02-2022,1044,3700,17155,22
kottayam,14-02-2022,743,2694,15165,39
kottayam,15-02-2022,1231,3550,12752,94
kottayam,16-02-2022,1062,2713,11094,7
kottayam,17-02-2022,731,2680,9132,13
kottayam,18-02-2022,661,1915,7838,40
kottayam,19-02-2022,542,1530,6804,46
kottayam,20-02-2022,456,1287,5969,4
kottayam,21-02-2022,414,1278,5103,2
kottayam,22-02-2022,655,710,5037,11
kottayam,23-02-2022,437,1286,4180,8
kottayam,24-02-2022,399,1562,3013,4
kottayam,25-02-2022,313,820,2503,3
kottayam,26-02-2022,314,790,2020,7
kottayam,27-02-2022,241,379,1880,2
kottayam,28-02-2022,194,427,1643,4
kottayam,01-03-2022,314,260,1693,4
kottayam,02-03-2022,248,766,1168,7
kottayam,03-03-2022,213,536,835,10
kottayam,04-03-2022,209,434,605,5
kottayam,05-03-2022,162,243,522,2
kottayam,06-03-2022,188,186,524,0
kottayam,07-03-2022,128,229,423,0
kottayam,08-03-2022,190,100,513,0
kottayam,09-03-2022,161,196,474,4
kottayam,10-03-2022,187,234,421,6
kottayam,11-03-2022,128,189,354,6
kottayam,12-03-2022,145,223,276,0
kottayam,13-03-2022,88,149,213,2
kottayam,14-03-2022,83,209,86,1
kottayam,15-03-2022,175,105,155,1
kottayam,16-03-2022,102,212,44,1
kottayam,17-03-2022,141,146,4,35
kottayam,07-06-2022,274,188,59,0
kottayam,08-06-2022,277,155,179,2
kottayam,09-06-2022,260,152,287,0
kottayam,10-06-2022,296,158,425,0
kottayam,11-06-2022,297,175,544,3
kottayam,12-06-2022,201,169,576,0
kottayam,13-06-2022,231,174,632,1
kottayam,14-06-2022,471,274,829,0
kottayam,15-06-2022,381,277,933,0
kottayam,16-06-2022,356,260,1029,0
kottayam,17-06-2022,409,296,1138,4
kottayam,18-06-2022,399,297,1240,0
kottayam,19-06-2022,348,201,1387,0
kottayam,20-06-2022,293,231,1444,5
kottayam,21-06-2022,549,471,1518,4
kottayam,22-06-2022,425,381,1562,0
kottayam,23-06-2022,438,356,1644,0
kottayam,24-06-2022,418,409,1650,3
kottayam,25-06-2022,407,399,1658,0
kottayam,26-06-2022,348,348,1658,0
kottayam,27-06-2022,361,263,1754,2
kottayam,28-06-2022,445,549,1648,2
kottayam,29-06-2022,444,425,1665,2
kottayam,30-06-2022,414,438,1640,1
kottayam,01-07-2022,394,418,1613,3
kottayam,02-07-2022,342,407,1548,0
kottayam,03-07-2022,389,348,1589,0
kottayam,04-07-2022,255,361,1483,0
kottayam,05-07-2022,417,445,1452,3
kottayam,06-07-2022,388,444,1394,2
kottayam,07-07-2022,374,414,1354,0
kottayam,08-07-2022,313,394,1273,0
kottayam,09-07-2022,310,342,1241,0
kottayam,10-07-2022,264,389,1116,0
kottayam,11-07-2022,216,231,1095,6
kottayam,12-07-2022,431,417,1107,2
kottayam,13-07-2022,375,374,1106,2
kottayam,14-07-2022,329,374,1059,2
kottayam,15-07-2022,291,325,1025,0
kottayam,16-07-2022,247,310,960,2
kottayam,17-07-2022,253,264,947,2
kottayam,18-07-2022,230,216,960,1
kottayam,20-07-2022,237,375,822,0
kottayam,21-07-2022,285,329,775,3
kottayam,22-07-2022,233,291,717,0
kottayam,19-07-2022,298,431,584,0
kottayam,23-07-2022,213,247,550,0
kottayam,24-07-2022,183,253,477,3
kottayam,25-07-2022,192,230,436,3
kottayam,26-07-2022,242,298,377,3
kottayam,27-07-2022,211,237,351,0
kottayam,28-07-2022,160,285,226,0
kottayam,29-07-2022,171,233,162,2
kottayam,30-07-2022,184,213,130,3
kottayam,31-07-2022,125,183,69,3
kottayam,01-08-2022,150,192,25,2
kottayam,04-09-2022,181,106,28,0
kottayam,05-09-2022,143,114,54,3
kottayam,06-09-2022,213,231,36,0
kottayam,07-09-2022,221,155,102,0
kottayam,08-09-2022,184,178,108,0
kottayam,09-09-2022,158,191,73,2
idukki,15-03-2020,1,0,1,0
idukki,25-03-2020,1,0,2,0
idukki,26-03-2020,1,0,3,0
idukki,30-03-2020,2,0,5,0
idukki,02-04-2020,5,0,10,0
idukki,03-04-2020,0,2,8,0
idukki,28-03-2020,0,1,7,0
idukki,08-04-2020,0,2,5,0
idukki,09-04-2020,0,2,3,0
idukki,11-04-2020,0,2,1,0
idukki,12-04-2020,0,1,0,0
idukki,23-04-2020,4,0,4,0
idukki,26-04-2020,6,0,10,0
idukki,27-04-2020,4,0,14,0
idukki,02-05-2020,0,2,12,0
idukki,04-05-2020,0,10,2,0
idukki,06-05-2020,0,1,1,0
idukki,09-05-2020,0,1,0,0
idukki,14-05-2020,1,0,1,0
idukki,21-05-2020,1,0,2,0
idukki,25-05-2020,1,1,2,0
idukki,28-05-2020,1,0,3,0
idukki,29-05-2020,1,0,4,0
idukki,30-05-2020,4,0,8,0
idukki,01-06-2020,1,0,9,0
idukki,03-06-2020,9,0,18,0
idukki,05-06-2020,3,0,21,0
idukki,06-06-2020,3,1,23,0
idukki,07-06-2020,1,0,24,0
idukki,09-06-2020,0,1,23,0
idukki,10-06-2020,4,0,27,0
idukki,12-06-2020,1,4,24,0
idukki,13-06-2020,4,1,27,0
idukki,14-06-2020,2,2,27,0
idukki,15-06-2020,2,0,29,0
idukki,18-06-2020,6,0,35,0
idukki,19-06-2020,2,0,37,0
idukki,20-06-2020,1,0,38,0
idukki,21-06-2020,11,0,49,0
idukki,22-06-2020,4,2,51,0
idukki,24-06-2020,6,2,55,0
idukki,25-06-2020,3,2,56,0
idukki,26-06-2020,2,5,53,0
idukki,27-06-2020,2,5,50,0
idukki,28-06-2020,4,6,48,0
idukki,29-06-2020,5,0,53,0
idukki,30-06-2020,0,2,51,0
idukki,01-07-2020,1,2,50,0
idukki,02-07-2020,8,13,45,0
idukki,03-07-2020,2,0,47,0
idukki,04-07-2020,2,2,47,0
idukki,05-07-2020,6,0,53,0
idukki,06-07-2020,6,0,59,0
idukki,07-07-2020,1,1,59,0
idukki,08-07-2020,20,0,79,0
idukki,09-07-2020,20,8,91,0
idukki,10-07-2020,12,4,99,0
idukki,11-07-2020,5,4,100,0
idukki,12-07-2020,16,0,116,0
idukki,13-07-2020,4,0,120,0
idukki,15-07-2020,55,3,171,1
idukki,16-07-2020,26,6,191,0
idukki,17-07-2020,11,6,196,0
idukki,18-07-2020,28,6,218,0
idukki,19-07-2020,49,5,262,0
idukki,20-07-2020,24,1,285,0
idukki,21-07-2020,0,5,280,0
idukki,22-07-2020,43,1,321,1
idukki,23-07-2020,63,22,362,0
idukki,24-07-2020,29,96,295,0
idukki,25-07-2020,40,12,323,0
idukki,26-07-2020,48,31,340,0
idukki,27-07-2020,70,25,385,0
idukki,28-07-2020,7,27,365,0
idukki,29-07-2020,34,20,379,0
idukki,30-07-2020,6,31,354,0
idukki,31-07-2020,59,45,368,0
idukki,01-08-2020,14,32,350,0
idukki,02-08-2020,42,30,362,0
idukki,03-08-2020,26,54,334,0
idukki,04-08-2020,0,26,307,0
idukki,05-08-2020,39,58,288,0
idukki,06-08-2020,58,20,326,0
idukki,07-08-2020,23,57,292,0
idukki,08-08-2020,41,19,314,0
idukki,09-08-2020,17,31,300,0
idukki,10-08-2020,18,9,309,0
idukki,11-08-2020,4,68,245,0
idukki,12-08-2020,42,25,261,1
idukki,13-08-2020,31,22,270,0
idukki,14-08-2020,58,8,320,0
idukki,15-08-2020,31,39,312,0
idukki,16-08-2020,30,39,303,0
idukki,17-08-2020,23,15,311,0
idukki,18-08-2020,5,59,257,0
idukki,19-08-2020,64,5,316,0
idukki,20-08-2020,35,9,342,0
idukki,21-08-2020,34,18,358,0
idukki,22-08-2020,37,46,349,0
idukki,23-08-2020,29,19,359,0
idukki,24-08-2020,19,48,330,0
idukki,25-08-2020,6,37,299,0
idukki,26-08-2020,63,13,349,0
idukki,27-08-2020,27,28,348,0
idukki,28-08-2020,49,36,361,0
idukki,29-08-2020,27,41,347,0
idukki,30-08-2020,35,45,337,0
idukki,31-08-2020,15,23,329,0
idukki,01-09-2020,0,14,315,0
idukki,02-09-2020,12,42,285,0
idukki,03-09-2020,44,22,307,0
idukki,04-09-2020,29,26,310,0
idukki,05-09-2020,31,60,281,0
idukki,06-09-2020,39,19,301,0
idukki,07-09-2020,4,32,273,0
idukki,08-09-2020,85,12,346,0
idukki,09-09-2020,24,24,346,0
idukki,10-09-2020,105,15,436,0
idukki,11-09-2020,28,39,425,0
idukki,12-09-2020,86,28,483,0
idukki,13-09-2020,40,20,503,0
idukki,14-09-2020,58,25,536,0
idukki,15-09-2020,29,43,522,0
idukki,16-09-2020,76,21,577,0
idukki,17-09-2020,104,47,634,0
idukki,18-09-2020,100,73,661,0
idukki,19-09-2020,47,54,654,0
idukki,20-09-2020,77,65,666,0
idukki,21-09-2020,82,37,711,0
idukki,22-09-2020,42,42,710,0
idukki,23-09-2020,79,55,734,0
idukki,24-09-2020,151,61,824,0
idukki,25-09-2020,114,69,869,0
idukki,26-09-2020,107,64,912,0
idukki,27-09-2020,125,94,943,0
idukki,28-09-2020,114,36,1021,0
idukki,29-09-2020,57,84,994,0
idukki,30-09-2020,157,21,1130,0
idukki,01-10-2020,130,70,1190,0
idukki,02-10-2020,136,93,1233,0
idukki,03-10-2020,106,115,1223,1
idukki,04-10-2020,96,80,1239,0
idukki,05-10-2020,71,61,1249,0
idukki,06-10-2020,56,86,1219,0
idukki,07-10-2020,120,89,1249,1
idukki,08-10-2020,121,69,1301,0
idukki,09-10-2020,153,98,1356,0
idukki,10-10-2020,139,57,1438,0
idukki,11-10-2020,123,50,1511,0
idukki,12-10-2020,94,29,1575,1
idukki,13-10-2020,79,129,1525,0
idukki,14-10-2020,114,155,1484,0
idukki,15-10-2020,143,124,1503,0
idukki,16-10-2020,124,53,1573,1
idukki,17-10-2020,140,63,1650,0
idukki,18-10-2020,162,131,1681,0
idukki,19-10-2020,28,53,1656,0
idukki,20-10-2020,72,85,1643,0
idukki,21-10-2020,100,71,1672,0
idukki,22-10-2020,65,94,1643,0
idukki,23-10-2020,140,77,1706,0
idukki,24-10-2020,201,49,1858,0
idukki,25-10-2020,152,91,1919,0
idukki,26-10-2020,79,66,1932,0
idukki,27-10-2020,49,72,1908,1
idukki,28-10-2020,115,90,1933,0
idukki,29-10-2020,168,66,2034,1
idukki,30-10-2020,76,105,2005,0
idukki,31-10-2020,57,279,1783,0
idukki,01-11-2020,148,353,1578,0
idukki,02-11-2020,60,78,1560,0
idukki,03-11-2020,67,76,1551,0
idukki,04-11-2020,204,90,1665,0
idukki,05-11-2020,116,113,1668,0
idukki,06-11-2020,157,104,1721,0
idukki,07-11-2020,108,100,1729,0
idukki,08-11-2020,179,93,1815,0
idukki,09-11-2020,42,49,1808,0
idukki,10-11-2020,89,105,1792,0
idukki,11-11-2020,225,91,1926,0
idukki,12-11-2020,185,250,1861,0
idukki,13-11-2020,187,78,1970,0
idukki,14-11-2020,107,86,1990,1
idukki,15-11-2020,165,70,2085,0
idukki,16-11-2020,83,283,1884,1
idukki,17-11-2020,116,54,1946,0
idukki,18-11-2020,249,185,2010,0
idukki,19-11-2020,276,219,2067,0
idukki,20-11-2020,85,62,2090,0
idukki,21-11-2020,188,72,2206,0
idukki,22-11-2020,220,77,2349,0
idukki,23-11-2020,49,137,2261,0
idukki,24-11-2020,122,49,2334,0
idukki,25-11-2020,238,181,2391,0
idukki,26-11-2020,256,84,2562,1
idukki,27-11-2020,143,174,2531,0
idukki,28-11-2020,178,110,2599,0
idukki,29-11-2020,274,148,2725,0
idukki,30-11-2020,49,455,2319,0
idukki,01-12-2020,161,79,2401,0
idukki,02-12-2020,200,73,2528,0
idukki,03-12-2020,265,148,2645,0
idukki,04-12-2020,216,109,2752,0
idukki,05-12-2020,157,88,2821,0
idukki,06-12-2020,169,64,2926,0
idukki,07-12-2020,146,119,2953,0
idukki,08-12-2020,73,72,2953,1
idukki,09-12-2020,57,56,2954,0
idukki,10-12-2020,200,121,3033,0
idukki,11-12-2020,155,176,3012,0
idukki,12-12-2020,123,160,2975,0
idukki,13-12-2020,222,99,3097,1
idukki,14-12-2020,47,48,3096,0
idukki,15-12-2020,104,72,3128,0
idukki,16-12-2020,186,316,2998,0
idukki,17-12-2020,243,98,3142,1
idukki,18-12-2020,113,134,3121,0
idukki,19-12-2020,171,93,3199,0
idukki,20-12-2020,225,97,3327,0
idukki,21-12-2020,55,35,3347,0
idukki,22-12-2020,108,417,3038,0
idukki,23-12-2020,242,205,3074,0
idukki,24-12-2020,153,241,2985,1
idukki,25-12-2020,214,54,3145,0
idukki,26-12-2020,67,54,3158,0
idukki,27-12-2020,81,78,3161,0
idukki,28-12-2020,119,49,3231,0
idukki,29-12-2020,100,303,3028,0
idukki,30-12-2020,204,222,3009,1
idukki,31-12-2020,190,205,2992,2
idukki,01-01-2021,107,144,2954,1
idukki,02-01-2021,223,153,3024,0
idukki,03-01-2021,253,178,3098,1
idukki,04-01-2021,89,28,3159,0
idukki,05-01-2021,131,140,3149,1
idukki,06-01-2021,271,125,3294,1
idukki,07-01-2021,283,65,3512,0
idukki,08-01-2021,301,99,3712,1
idukki,09-01-2021,222,70,3864,0
idukki,10-01-2021,209,200,3872,1
idukki,11-01-2021,141,46,3967,0
idukki,12-01-2021,173,74,4066,0
idukki,13-01-2021,284,51,4298,1
idukki,14-01-2021,202,41,4458,1
idukki,15-01-2021,290,73,4675,0
idukki,16-01-2021,181,301,4554,0
idukki,17-01-2021,237,83,4706,2
idukki,18-01-2021,178,49,4835,0
idukki,19-01-2021,130,57,4908,0
idukki,20-01-2021,336,77,5167,0
idukki,21-01-2021,302,129,5340,0
idukki,22-01-2021,246,452,5134,0
idukki,23-01-2021,256,328,5061,1
idukki,24-01-2021,320,325,5055,1
idukki,25-01-2021,117,357,4815,0
idukki,26-01-2021,184,154,4845,0
idukki,27-01-2021,305,377,4772,1
idukki,28-01-2021,279,282,4769,0
idukki,29-01-2021,302,229,4842,0
idukki,30-01-2021,181,154,4869,0
idukki,31-01-2021,187,354,4702,0
idukki,01-02-2021,114,193,4623,0
idukki,02-02-2021,121,70,4673,1
idukki,03-02-2021,268,76,4865,0
idukki,04-02-2021,269,116,5018,0
idukki,05-02-2021,232,330,4920,0
idukki,06-02-2021,167,258,4827,2
idukki,07-02-2021,207,354,4680,0
idukki,08-02-2021,126,545,4261,0
idukki,09-02-2021,100,388,3972,1
idukki,10-02-2021,179,385,3766,0
idukki,11-02-2021,196,481,3481,0
idukki,12-02-2021,189,293,3377,0
idukki,13-02-2021,203,219,3361,0
idukki,14-02-2021,142,211,3292,0
idukki,15-02-2021,44,104,3232,0
idukki,16-02-2021,66,113,3185,0
idukki,17-02-2021,185,205,3165,0
idukki,18-02-2021,78,134,3109,0
idukki,19-02-2021,97,93,3113,0
idukki,20-02-2021,78,263,2928,0
idukki,21-02-2021,97,153,2872,0
idukki,22-02-2021,41,206,2707,0
idukki,23-02-2021,71,327,2450,1
idukki,24-02-2021,103,294,2259,0
idukki,25-02-2021,86,146,2199,0
idukki,26-02-2021,85,108,2176,0
idukki,27-02-2021,71,266,1981,0
idukki,28-02-2021,118,217,1882,0
idukki,01-03-2021,35,40,1877,0
idukki,02-03-2021,62,128,1811,0
idukki,03-03-2021,91,46,1856,0
idukki,04-03-2021,76,62,1870,0
idukki,05-03-2021,93,75,1888,0
idukki,06-03-2021,56,203,1741,0
idukki,07-03-2021,46,139,1648,0
idukki,08-03-2021,104,44,1708,0
idukki,09-03-2021,92,70,1730,0
idukki,10-03-2021,85,90,1725,0
idukki,11-03-2021,46,75,1696,0
idukki,12-03-2021,36,80,1652,0
idukki,13-03-2021,43,67,1627,1
idukki,14-03-2021,59,44,1642,0
idukki,15-03-2021,25,45,1622,0
idukki,16-03-2021,81,97,1606,0
idukki,17-03-2021,67,94,1579,0
idukki,18-03-2021,54,72,1559,2
idukki,19-03-2021,45,46,1557,1
idukki,20-03-2021,126,24,1655,4
idukki,21-03-2021,112,51,1715,1
idukki,22-03-2021,91,17,1789,0
idukki,23-03-2021,47,45,1791,0
idukki,24-03-2021,86,52,1824,1
idukki,25-03-2021,89,59,1854,0
idukki,26-03-2021,60,58,1856,0
idukki,27-03-2021,62,86,1832,0
idukki,28-03-2021,47,25,1854,0
idukki,29-03-2021,53,30,1876,1
idukki,30-03-2021,95,71,1900,0
idukki,31-03-2021,97,43,1954,0
idukki,01-04-2021,123,53,2024,0
idukki,02-04-2021,71,48,2047,0
idukki,03-04-2021,52,88,2011,0
idukki,04-04-2021,113,192,1932,0
idukki,05-04-2021,66,61,1937,0
idukki,06-04-2021,158,41,2054,0
idukki,07-04-2021,92,31,2114,1
idukki,08-04-2021,125,39,2200,0
idukki,09-04-2021,246,48,2398,0
idukki,10-04-2021,230,95,2533,0
idukki,11-04-2021,291,77,2747,0
idukki,12-04-2021,194,46,2894,1
idukki,13-04-2021,259,106,3046,1
idukki,14-04-2021,340,57,3329,0
idukki,15-04-2021,205,40,3494,0
idukki,16-04-2021,293,123,3664,0
idukki,17-04-2021,645,117,4192,0
idukki,18-04-2021,682,70,4804,0
idukki,19-04-2021,469,53,5220,0
idukki,20-04-2021,637,97,5760,0
idukki,21-04-2021,768,142,6386,0
idukki,22-04-2021,931,129,7187,0
idukki,23-04-2021,868,227,7828,0
idukki,24-04-2021,838,96,8569,1
idukki,25-04-2021,848,247,9170,0
idukki,26-04-2021,779,350,9599,0
idukki,27-04-2021,859,272,10186,0
idukki,28-04-2021,1251,210,11227,0
idukki,29-04-2021,1153,349,12031,0
idukki,30-04-2021,1235,533,12733,0
idukki,01-05-2021,978,307,13404,0
idukki,02-05-2021,1036,228,14212,0
idukki,03-05-2021,407,336,14283,0
idukki,04-05-2021,955,913,14325,0
idukki,05-05-2021,1396,326,15395,0
idukki,06-05-2021,956,228,16123,0
idukki,07-05-2021,1117,391,16849,0
idukki,08-05-2021,1053,316,17586,0
idukki,09-05-2021,1046,109,18523,0
idukki,10-05-2021,422,376,18569,0
idukki,11-05-2021,1056,1164,18461,0
idukki,12-05-2021,1305,1287,18479,0
idukki,13-05-2021,1236,1082,18633,0
idukki,14-05-2021,1284,836,19080,1
idukki,15-05-2021,737,691,19125,1
idukki,16-05-2021,1075,697,19503,0
idukki,17-05-2021,461,7005,12959,0
idukki,18-05-2021,830,342,13446,1
idukki,19-05-2021,1281,194,14533,0
idukki,20-05-2021,846,1672,13707,0
idukki,21-05-2021,1111,1500,13318,0
idukki,22-05-2021,987,1094,13211,0
idukki,23-05-2021,837,1101,12947,0
idukki,24-05-2021,511,1052,12404,2
idukki,25-05-2021,802,1266,11939,1
idukki,26-05-2021,1012,1152,11798,1
idukki,27-05-2021,571,946,11423,0
idukki,28-05-2021,501,954,10969,1
idukki,29-05-2021,662,619,11011,1
idukki,30-05-2021,675,986,10700,0
idukki,31-05-2021,263,1308,9654,1
idukki,01-06-2021,462,741,9374,1
idukki,02-06-2021,917,922,9367,2
idukki,03-06-2021,498,735,9126,3
idukki,04-06-2021,474,863,8726,11
idukki,05-06-2021,395,489,8632,0
idukki,06-06-2021,489,714,8401,6
idukki,07-06-2021,234,904,7730,1
idukki,08-06-2021,550,664,7612,4
idukki,09-06-2021,451,497,7563,3
idukki,10-06-2021,673,575,7654,7
idukki,11-06-2021,584,682,7556,0
idukki,12-06-2021,312,314,7554,0
idukki,13-06-2021,407,500,7461,0
idukki,14-06-2021,171,774,6855,3
idukki,15-06-2021,487,518,6805,19
idukki,16-06-2021,303,654,6454,0
idukki,17-06-2021,417,277,6593,1
idukki,18-06-2021,311,422,6481,1
idukki,19-06-2021,324,533,6272,0
idukki,20-06-2021,430,435,6264,3
idukki,21-06-2021,65,720,5609,0
idukki,22-06-2021,268,573,5304,0
idukki,23-06-2021,314,372,5244,2
idukki,24-06-2021,309,472,5081,0
idukki,25-06-2021,239,273,5042,5
idukki,26-06-2021,418,461,4999,0
idukki,27-06-2021,275,405,4869,0
idukki,28-06-2021,98,393,4568,6
idukki,29-06-2021,284,310,4541,1
idukki,30-06-2021,270,285,4525,1
idukki,01-07-2021,361,367,4518,1
idukki,02-07-2021,216,127,4604,3
idukki,03-07-2021,267,267,4602,2
idukki,04-07-2021,261,285,4576,2
idukki,05-07-2021,168,318,4426,0
idukki,06-07-2021,275,257,4442,2
idukki,07-07-2021,291,196,4537,0
idukki,08-07-2021,278,287,4521,7
idukki,09-07-2021,313,206,4628,0
idukki,10-07-2021,313,222,4716,3
idukki,11-07-2021,242,218,4739,1
idukki,12-07-2021,129,227,4641,0
idukki,13-07-2021,239,276,4604,0
idukki,14-07-2021,323,315,4612,0
idukki,15-07-2021,265,226,4650,1
idukki,16-07-2021,301,238,4713,0
idukki,17-07-2021,310,189,4831,3
idukki,18-07-2021,319,235,4909,6
idukki,19-07-2021,147,196,4860,0
idukki,20-07-2021,240,278,4814,7
idukki,21-07-2021,447,262,4999,0
idukki,22-07-2021,318,228,5087,2
idukki,23-07-2021,226,304,5009,0
idukki,24-07-2021,351,235,5125,0
idukki,25-07-2021,353,205,5273,0
idukki,26-07-2021,230,290,5207,6
idukki,27-07-2021,400,245,5357,5
idukki,28-07-2021,375,355,5377,0
idukki,29-07-2021,426,331,5467,5
idukki,30-07-2021,356,222,5601,0
idukki,31-07-2021,375,325,5651,0
idukki,01-08-2021,441,217,5875,0
idukki,02-08-2021,196,354,5717,0
idukki,03-08-2021,340,299,5748,10
idukki,04-08-2021,367,305,5802,8
idukki,05-08-2021,534,384,5952,0
idukki,06-08-2021,433,387,5985,13
idukki,07-08-2021,426,368,6040,3
idukki,08-08-2021,433,400,6073,0
idukki,09-08-2021,263,426,5910,0
idukki,10-08-2021,382,352,5936,4
idukki,11-08-2021,637,353,6218,2
idukki,12-08-2021,589,471,6336,0
idukki,13-08-2021,498,179,6650,5
idukki,14-08-2021,474,330,6793,1
idukki,15-08-2021,598,307,7084,0
idukki,16-08-2021,313,519,6874,4
idukki,17-08-2021,414,420,6868,0
idukki,18-08-2021,773,424,7212,5
idukki,19-08-2021,500,393,7319,0
idukki,20-08-2021,520,303,7536,0
idukki,21-08-2021,460,621,7371,4
idukki,22-08-2021,275,458,7188,0
idukki,23-08-2021,236,484,6940,0
idukki,24-08-2021,612,473,7077,2
idukki,25-08-2021,1166,492,7751,0
idukki,26-08-2021,900,652,7995,4
idukki,27-08-2021,1125,616,8496,8
idukki,28-08-2021,1171,741,8926,0
idukki,29-08-2021,962,485,9403,0
idukki,30-08-2021,504,559,9343,5
idukki,31-08-2021,906,422,9827,0
idukki,01-09-2021,1130,289,10661,7
idukki,02-09-2021,1164,559,11262,4
idukki,03-09-2021,961,601,11622,0
idukki,04-09-2021,1064,787,11899,0
idukki,05-09-2021,1001,865,12033,2
idukki,06-09-2021,506,766,11769,4
idukki,07-09-2021,925,422,12268,4
idukki,08-09-2021,1333,907,12691,3
idukki,09-09-2021,848,1114,12420,5
idukki,10-09-2021,826,544,12695,7
idukki,11-09-2021,799,863,12626,5
idukki,12-09-2021,825,1110,12336,5
idukki,13-09-2021,501,1157,11680,0
idukki,14-09-2021,367,953,11092,2
idukki,15-09-2021,654,1019,10724,3
idukki,16-09-2021,973,987,10705,5
idukki,17-09-2021,692,623,10772,1
idukki,18-09-2021,708,944,10531,5
idukki,19-09-2021,843,1146,10224,4
idukki,20-09-2021,525,889,9858,2
idukki,21-09-2021,373,803,9423,5
idukki,22-09-2021,927,815,9535,0
idukki,23-09-2021,734,1238,9031,0
idukki,24-09-2021,848,372,9502,5
idukki,25-09-2021,486,651,9333,4
idukki,26-09-2021,669,956,9041,5
idukki,27-09-2021,439,681,8796,3
idukki,28-09-2021,287,740,8343,0
idukki,29-09-2021,606,813,8131,5
idukki,30-09-2021,662,502,8289,2
idukki,01-10-2021,671,389,8567,4
idukki,02-10-2021,606,915,8254,4
idukki,03-10-2021,639,688,8205,0
idukki,04-10-2021,376,866,7712,3
idukki,05-10-2021,374,526,7560,0
idukki,06-10-2021,656,651,7565,0
idukki,07-10-2021,622,444,7743,0
idukki,08-10-2021,432,299,7871,5
idukki,09-10-2021,522,586,7803,4
idukki,10-10-2021,558,680,7681,0
idukki,11-10-2021,430,651,7458,2
idukki,12-10-2021,285,608,7135,0
idukki,13-10-2021,729,648,7212,4
idukki,14-10-2021,582,361,7433,0
idukki,15-10-2021,421,370,7478,6
idukki,16-10-2021,444,666,7255,1
idukki,17-10-2021,365,613,7007,0
idukki,18-10-2021,268,430,6845,0
idukki,19-10-2021,400,540,6701,4
idukki,20-10-2021,439,806,6334,0
idukki,21-10-2021,417,386,6365,0
idukki,22-10-2021,537,626,6255,21
idukki,23-10-2021,592,728,6109,10
idukki,24-10-2021,633,1376,5359,7
idukki,25-10-2021,449,445,5359,4
idukki,26-10-2021,274,92,5527,14
idukki,27-10-2021,562,125,5964,0
idukki,28-10-2021,330,211,6060,23
idukki,29-10-2021,431,362,6100,29
idukki,30-10-2021,280,436,5944,0
idukki,31-10-2021,550,195,6298,1
idukki,01-11-2021,255,875,5674,4
idukki,02-11-2021,332,234,5772,0
idukki,03-11-2021,313,469,5600,16
idukki,04-11-2021,461,92,5969,0
idukki,05-11-2021,412,502,5872,7
idukki,06-11-2021,181,399,5654,0
idukki,07-11-2021,384,403,5632,3
idukki,08-11-2021,254,323,5563,0
idukki,09-11-2021,242,284,5520,1
idukki,10-11-2021,408,341,5578,9
idukki,11-11-2021,306,102,5741,41
idukki,12-11-2021,357,262,5828,8
idukki,13-11-2021,325,362,5791,0
idukki,14-11-2021,269,325,5735,0
idukki,15-11-2021,203,476,5440,22
idukki,16-11-2021,236,413,5257,6
idukki,17-11-2021,292,233,5307,9
idukki,18-11-2021,274,386,5170,25
idukki,19-11-2021,262,242,5183,7
idukki,20-11-2021,241,288,5132,4
idukki,21-11-2021,276,514,4894,0
idukki,22-11-2021,162,524,4532,0
idukki,23-11-2021,206,89,4649,0
idukki,24-11-2021,144,242,4542,9
idukki,25-11-2021,277,458,4334,27
idukki,26-11-2021,150,290,4184,10
idukki,27-11-2021,172,294,4062,0
idukki,28-11-2021,164,266,3959,1
idukki,29-11-2021,122,262,3819,0
idukki,30-11-2021,199,242,3764,12
idukki,01-12-2021,193,279,3655,23
idukki,02-12-2021,159,157,3634,23
idukki,03-12-2021,148,208,3572,2
idukki,04-12-2021,139,139,3572,0
idukki,05-12-2021,193,268,3497,0
idukki,06-12-2021,142,146,3479,14
idukki,07-12-2021,172,175,3474,2
idukki,08-12-2021,183,173,3484,0
idukki,09-12-2021,140,126,3491,7
idukki,10-12-2021,144,201,3434,0
idukki,11-12-2021,132,185,3381,0
idukki,12-12-2021,182,142,3421,0
idukki,13-12-2021,63,146,3333,5
idukki,14-12-2021,90,141,3259,23
idukki,15-12-2021,222,184,3290,7
idukki,16-12-2021,80,139,3212,19
idukki,17-12-2021,115,166,3156,5
idukki,18-12-2021,86,175,3067,0
idukki,19-12-2021,160,143,3084,0
idukki,20-12-2021,61,147,2992,6
idukki,21-12-2021,61,126,2890,37
idukki,22-12-2021,120,176,2818,16
idukki,23-12-2021,65,62,2815,6
idukki,24-12-2021,71,86,2800,0
idukki,25-12-2021,43,142,2701,0
idukki,26-12-2021,70,86,2685,0
idukki,27-12-2021,59,102,2642,0
idukki,28-12-2021,60,136,2565,1
idukki,29-12-2021,100,157,2470,38
idukki,30-12-2021,88,87,2471,0
idukki,31-12-2021,77,114,2434,0
idukki,01-01-2022,57,118,2370,3
idukki,02-01-2022,99,113,2353,3
idukki,03-01-2022,65,45,2373,0
idukki,04-01-2022,125,21,2477,0
idukki,05-01-2022,170,39,2608,0
idukki,06-01-2022,112,70,2650,0
idukki,07-01-2022,142,58,2718,16
idukki,08-01-2022,147,62,2772,31
idukki,09-01-2022,145,100,2817,0
idukki,10-01-2022,153,90,2879,1
idukki,11-01-2022,239,82,3035,1
idukki,12-01-2022,367,53,3349,0
idukki,13-01-2022,316,169,3496,0
idukki,14-01-2022,462,203,3755,0
idukki,15-01-2022,417,126,4044,2
idukki,16-01-2022,594,128,4510,0
idukki,17-01-2022,605,227,4888,0
idukki,18-01-2022,969,283,5570,4
idukki,19-01-2022,1435,241,6764,0
idukki,20-01-2022,1441,369,7836,0
idukki,21-01-2022,1354,317,8873,0
idukki,22-01-2022,1637,465,10045,0
idukki,23-01-2022,1433,415,11063,0
idukki,24-01-2022,1033,594,11502,0
idukki,25-01-2022,2452,599,13353,2
idukki,26-01-2022,2203,955,14601,0
idukki,27-01-2022,1986,616,15942,29
idukki,28-01-2022,2485,853,17572,2
idukki,29-01-2022,1936,1445,18063,0
idukki,30-01-2022,1565,1361,18266,1
idukki,31-01-2022,1451,1317,18366,34
idukki,01-02-2022,2130,1222,19242,32
idukki,02-02-2022,1757,1267,19716,16
idukki,03-02-2022,1710,1026,20385,15
idukki,04-02-2022,1442,1713,20112,2
idukki,05-02-2022,1207,2235,19071,13
idukki,06-02-2022,1213,1985,18289,10
idukki,07-02-2022,737,2486,16540,0
idukki,08-02-2022,1252,1937,15818,37
idukki,09-02-2022,1052,1548,15310,12
idukki,10-02-2022,1091,1458,14941,2
idukki,11-02-2022,831,1560,14212,0
idukki,12-02-2022,620,1884,12913,35
idukki,13-02-2022,597,2162,11316,32
idukki,14-02-2022,412,1436,10286,6
idukki,15-02-2022,584,1200,9665,5
idukki,16-02-2022,710,1220,9153,2
idukki,17-02-2022,420,743,8830,0
idukki,18-02-2022,434,1243,8021,0
idukki,19-02-2022,298,1054,7252,13
idukki,20-02-2022,305,1090,6467,0
idukki,21-02-2022,186,838,5805,10
idukki,22-02-2022,301,619,5486,1
idukki,23-02-2022,299,617,5165,3
idukki,24-02-2022,220,414,4955,16
idukki,25-02-2022,169,574,4540,10
idukki,26-02-2022,161,710,3988,3
idukki,27-02-2022,160,425,3723,0
idukki,28-02-2022,111,444,3383,7
idukki,01-03-2022,157,302,3236,2
idukki,02-03-2022,161,195,3183,19
idukki,03-03-2022,118,296,3004,1
idukki,04-03-2022,125,270,2852,7
idukki,05-03-2022,97,211,2731,7
idukki,06-03-2022,85,164,2651,1
idukki,07-03-2022,82,161,2572,0
idukki,08-03-2022,145,111,2606,0
idukki,09-03-2022,104,187,2523,0
idukki,10-03-2022,96,152,2467,0
idukki,11-03-2022,82,159,2390,0
idukki,12-03-2022,63,119,2333,1
idukki,13-03-2022,72,12,2392,1
idukki,14-03-2022,69,207,2254,0
idukki,15-03-2022,73,85,2242,0
idukki,16-03-2022,67,88,2209,12
idukki,17-03-2022,60,124,2138,7
idukki,18-03-2022,76,95,2116,3
idukki,19-03-2022,38,87,2066,1
idukki,20-03-2022,48,84,2028,2
idukki,21-03-2022,33,68,1988,5
idukki,22-03-2022,64,67,1983,2
idukki,23-03-2022,41,69,1954,1
idukki,24-03-2022,30,72,1907,5
idukki,25-03-2022,24,59,1870,2
idukki,26-03-2022,15,62,1823,0
idukki,27-03-2022,24,73,1774,0
idukki,28-03-2022,15,37,1752,0
idukki,29-03-2022,23,48,1727,0
idukki,30-03-2022,23,37,1713,0
idukki,31-03-2022,21,61,1673,0
idukki,01-04-2022,15,42,1646,0
idukki,02-04-2022,16,115,1544,3
idukki,03-04-2022,16,23,1537,0
idukki,04-04-2022,13,9,1541,0
idukki,05-04-2022,10,6,1545,0
idukki,06-04-2022,11,25,1531,0
idukki,07-04-2022,9,13,1527,0
idukki,08-04-2022,19,19,1527,0
idukki,09-04-2022,14,16,1525,0
idukki,10-04-2022,4,18,1511,0
idukki,11-04-2022,5,12,1504,0
idukki,12-04-2022,9,8,1504,1
idukki,13-04-2022,19,9,1514,0
idukki,14-04-2022,2,19,1493,4
idukki,15-04-2022,4,13,1484,0
idukki,16-04-2022,8,4,1488,0
idukki,17-04-2022,4,5,1487,0
idukki,18-04-2022,9,9,1487,0
idukki,19-04-2022,11,19,1476,3
idukki,20-04-2022,8,2,1476,6
idukki,21-04-2022,17,0,1489,4
idukki,22-04-2022,6,8,1487,0
idukki,23-04-2022,10,4,1493,0
idukki,24-04-2022,6,9,1490,0
idukki,25-04-2022,11,10,1491,0
idukki,26-04-2022,19,8,1502,0
idukki,27-04-2022,7,5,1504,0
idukki,28-04-2022,13,13,1495,9
idukki,29-04-2022,15,10,1498,2
idukki,30-04-2022,5,5,1496,2
idukki,01-05-2022,4,10,1490,0
idukki,02-05-2022,16,16,1490,0
idukki,03-05-2022,14,6,1498,0
idukki,04-05-2022,14,13,1499,0
idukki,05-05-2022,14,17,1496,0
idukki,06-05-2022,26,5,1517,0
idukki,07-05-2022,17,5,1529,0
idukki,08-05-2022,13,16,1526,0
idukki,09-05-2022,18,17,1524,3
idukki,10-05-2022,17,14,1525,2
idukki,11-05-2022,6,16,1515,0
idukki,12-05-2022,8,14,1508,1
idukki,13-05-2022,16,24,1500,0
idukki,14-05-2022,21,16,1504,1
idukki,15-05-2022,15,28,1491,0
idukki,16-05-2022,15,18,1488,0
idukki,17-05-2022,38,15,1511,0
idukki,18-05-2022,21,8,1524,0
idukki,19-05-2022,32,8,1545,3
idukki,20-05-2022,11,17,1539,0
idukki,21-05-2022,26,20,1545,0
idukki,22-05-2022,15,15,1545,0
idukki,23-05-2022,12,15,1542,0
idukki,24-05-2022,22,36,1528,0
idukki,25-05-2022,18,24,1522,0
idukki,26-05-2022,24,30,1515,1
idukki,27-05-2022,40,10,1543,2
idukki,28-05-2022,35,25,1553,0
idukki,29-05-2022,17,15,1555,0
idukki,30-05-2022,34,13,1576,0
idukki,31-05-2022,49,23,1602,0
idukki,01-06-2022,44,15,1631,0
idukki,02-06-2022,58,26,1661,2
idukki,03-06-2022,45,40,1665,1
idukki,04-06-2022,78,37,1705,1
idukki,05-06-2022,36,17,1724,0
idukki,06-06-2022,53,32,1745,0
idukki,07-06-2022,84,49,1780,0
idukki,08-06-2022,79,45,1814,0
idukki,09-06-2022,88,58,1843,1
idukki,10-06-2022,79,43,1878,1
idukki,11-06-2022,53,76,1855,0
idukki,12-06-2022,50,35,1870,0
idukki,13-06-2022,42,51,1861,0
idukki,14-06-2022,80,86,1855,0
idukki,15-06-2022,67,73,1849,0
idukki,16-06-2022,68,88,1827,2
idukki,17-06-2022,63,80,1810,0
idukki,18-06-2022,82,63,1828,1
idukki,19-06-2022,76,47,1857,0
idukki,20-06-2022,61,39,1879,0
idukki,21-06-2022,98,81,1895,1
idukki,22-06-2022,125,73,1947,0
idukki,23-06-2022,88,67,1968,0
idukki,24-06-2022,110,64,2014,0
idukki,25-06-2022,74,81,2007,0
idukki,26-06-2022,77,73,2011,0
idukki,27-06-2022,54,60,2005,0
idukki,28-06-2022,76,101,1978,2
idukki,29-06-2022,114,122,1970,0
idukki,30-06-2022,113,85,1998,0
idukki,01-07-2022,60,109,1949,0
idukki,02-07-2022,94,68,1974,1
idukki,03-07-2022,87,76,1985,0
idukki,04-07-2022,70,54,2001,0
idukki,05-07-2022,111,76,2033,3
idukki,06-07-2022,80,125,1987,1
idukki,07-07-2022,71,117,1941,0
idukki,08-07-2022,71,117,1892,3
idukki,09-07-2022,76,93,1874,1
idukki,10-07-2022,61,82,1853,0
idukki,11-07-2022,76,68,1861,0
idukki,12-07-2022,104,86,1879,0
idukki,13-07-2022,100,68,1911,0
idukki,14-07-2022,64,76,1898,1
idukki,15-07-2022,57,76,1879,0
idukki,16-07-2022,78,45,1912,0
idukki,17-07-2022,61,60,1913,0
idukki,18-07-2022,33,42,1904,0
idukki,20-07-2022,100,92,1911,1
idukki,21-07-2022,78,60,1929,0
idukki,22-07-2022,63,60,1931,1
idukki,19-07-2022,71,107,1893,2
idukki,23-07-2022,54,73,1874,0
idukki,24-07-2022,41,59,1856,0
idukki,25-07-2022,34,52,1838,0
idukki,26-07-2022,50,70,1818,0
idukki,27-07-2022,69,99,1788,0
idukki,28-07-2022,50,76,1762,0
idukki,29-07-2022,79,71,1770,0
idukki,30-07-2022,66,55,1778,3
idukki,31-07-2022,40,40,1778,0
idukki,01-08-2022,30,45,1762,1
idukki,02-08-2022,66,48,1780,0
idukki,03-08-2022,32,65,1747,0
idukki,04-08-2022,62,50,1759,0
idukki,05-08-2022,33,76,1716,0
idukki,06-08-2022,37,63,1690,0
idukki,07-08-2022,26,39,1677,0
idukki,08-08-2022,20,29,1668,0
idukki,09-08-2022,83,59,1691,1
idukki,10-08-2022,56,43,1704,0
idukki,11-08-2022,32,59,1676,1
idukki,12-08-2022,62,30,1708,0
idukki,13-08-2022,37,36,1709,0
idukki,14-08-2022,28,26,1711,0
idukki,15-08-2022,15,20,1706,0
idukki,16-08-2022,42,81,1667,0
idukki,17-08-2022,56,52,1669,2
idukki,18-08-2022,64,32,1699,2
idukki,19-08-2022,33,70,1662,0
idukki,20-08-2022,30,37,1654,1
idukki,21-08-2022,34,27,1661,0
idukki,22-08-2022,63,13,1710,1
idukki,23-08-2022,29,41,1698,0
idukki,24-08-2022,65,53,1710,0
idukki,25-08-2022,42,64,1688,0
idukki,26-08-2022,67,33,1722,0
idukki,27-08-2022,39,29,1732,0
idukki,28-08-2022,25,32,1725,0
idukki,29-08-2022,27,60,1692,0
idukki,30-08-2022,74,36,1728,2
idukki,01-09-2022,62,44,1745,1
idukki,02-09-2022,72,63,1754,0
idukki,03-09-2022,29,36,1747,0
idukki,04-09-2022,62,25,1784,0
idukki,05-09-2022,40,32,1792,0
idukki,06-09-2022,80,88,1784,0
idukki,07-09-2022,50,61,1773,0
idukki,08-09-2022,34,69,1738,0
idukki,09-09-2022,46,26,1758,0
eranakulam,20-03-2020,6,0,6,0
eranakulam,21-03-2020,3,0,9,0
eranakulam,22-03-2020,2,0,11,0
eranakulam,23-03-2020,2,0,13,0
eranakulam,24-03-2020,1,0,14,0
eranakulam,25-03-2020,3,0,17,0
eranakulam,26-03-2020,0,4,13,0
eranakulam,28-03-2020,0,0,12,1
eranakulam,29-03-2020,1,0,13,0
eranakulam,1/4/2020,3,0,16,0
eranakulam,4/4/2020,1,0,17,0
eranakulam,7/4/2020,0,4,13,0
eranakulam,9/4/2020,0,4,9,0
eranakulam,10/4/2020,0,1,8,0
eranakulam,14-04-2020,0,2,6,0
eranakulam,16-04-2020,0,1,5,0
eranakulam,17-04-2020,0,2,3,0
eranakulam,27-04-2020,0,1,2,0
eranakulam,1/5/2020,0,1,1,0
eranakulam,8/5/2020,1,0,2,0
eranakulam,10/5/2020,1,0,3,0
eranakulam,17-05-2020,1,0,4,0
eranakulam,18-05-2020,1,0,5,0
eranakulam,20-05-2020,1,0,6,0
eranakulam,21-05-2020,0,1,5,0
eranakulam,24-05-2020,4,0,9,0
eranakulam,25-05-2020,0,1,8,0
eranakulam,26-05-2020,5,1,12,0
eranakulam,27-05-2020,2,0,14,0
eranakulam,29-05-2020,4,0,18,0
eranakulam,30-05-2020,4,0,22,0
eranakulam,31-05-2020,1,1,22,0
eranakulam,1/6/2020,3,0,25,0
eranakulam,2/6/2020,3,0,28,0
eranakulam,3/6/2020,5,0,33,0
eranakulam,4/6/2020,2,0,35,0
eranakulam,5/6/2020,10,4,41,0
eranakulam,6/6/2020,3,4,40,0
eranakulam,8/6/2020,3,0,43,0
eranakulam,9/6/2020,4,1,46,0
eranakulam,10/6/2020,4,2,48,0
eranakulam,11/6/2020,2,6,44,0
eranakulam,12/6/2020,5,3,46,0
eranakulam,13-06-2020,7,0,53,0
eranakulam,14-06-2020,7,1,59,0
eranakulam,15-06-2020,13,2,69,0
eranakulam,16-06-2020,13,1,81,0
eranakulam,17-06-2020,5,2,84,0
eranakulam,18-06-2020,6,4,86,0
eranakulam,19-06-2020,11,0,97,0
eranakulam,20-06-2020,3,1,99,0
eranakulam,21-06-2020,5,0,104,0
eranakulam,22-06-2020,14,9,109,0
eranakulam,23-06-2020,13,6,116,0
eranakulam,24-06-2020,8,4,120,0
eranakulam,25-06-2020,10,2,128,0
eranakulam,26-06-2020,9,0,137,0
eranakulam,27-06-2020,14,0,151,0
eranakulam,28-06-2020,7,0,158,0
eranakulam,29-06-2020,5,2,161,0
eranakulam,30-06-2020,10,7,164,0
eranakulam,1/7/2020,12,1,175,0
eranakulam,2/7/2020,9,10,174,0
eranakulam,3/7/2020,17,20,171,0
eranakulam,4/7/2020,13,7,177,0
eranakulam,5/7/2020,12,7,182,0
eranakulam,6/7/2020,25,16,190,1
eranakulam,7/7/2020,21,20,191,0
eranakulam,8/7/2020,16,12,195,0
eranakulam,9/7/2020,12,15,192,0
eranakulam,10/7/2020,20,4,208,0
eranakulam,11/7/2020,47,3,251,1
eranakulam,12/7/2020,50,5,296,0
eranakulam,13-07-2020,15,10,301,0
eranakulam,14-07-2020,70,0,371,0
eranakulam,15-07-2020,72,1,442,0
eranakulam,16-07-2020,57,7,492,0
eranakulam,17-07-2020,115,4,603,0
eranakulam,18-07-2020,44,8,639,0
eranakulam,19-07-2020,98,7,729,1
eranakulam,20-07-2020,72,7,793,1
eranakulam,21-07-2020,80,5,868,0
eranakulam,22-07-2020,92,18,942,0
eranakulam,23-07-2020,100,95,946,1
eranakulam,24-07-2020,69,151,864,0
eranakulam,25-07-2020,79,77,865,1
eranakulam,26-07-2020,61,107,819,0
eranakulam,27-07-2020,15,69,765,0
eranakulam,28-07-2020,70,83,751,1
eranakulam,29-07-2020,83,58,776,0
eranakulam,30-07-2020,34,69,739,1
eranakulam,31-07-2020,132,66,801,2
eranakulam,1/8/2020,59,35,823,2
eranakulam,2/8/2020,128,37,914,0
eranakulam,3/8/2020,106,38,980,0
eranakulam,4/8/2020,135,49,1065,1
eranakulam,5/8/2020,120,35,1149,1
eranakulam,6/8/2020,73,146,1076,0
eranakulam,7/8/2020,82,29,1127,1
eranakulam,8/8/2020,101,62,1165,0
eranakulam,9/8/2020,54,138,1080,1
eranakulam,10/8/2020,101,47,1133,1
eranakulam,11/8/2020,133,70,1195,1
eranakulam,12/8/2020,121,51,1264,1
eranakulam,13-08-2020,115,109,1270,0
eranakulam,14-08-2020,114,87,1295,2
eranakulam,15-08-2020,106,124,1275,2
eranakulam,16-08-2020,123,120,1276,2
eranakulam,17-08-2020,129,64,1342,0
eranakulam,18-08-2020,192,64,1470,0
eranakulam,19-08-2020,230,101,1596,3
eranakulam,20-08-2020,150,121,1625,0
eranakulam,21-08-2020,165,89,1700,1
eranakulam,22-08-2020,114,98,1714,2
eranakulam,23-08-2020,200,171,1743,0
eranakulam,24-08-2020,165,142,1765,1
eranakulam,25-08-2020,163,85,1843,0
eranakulam,26-08-2020,193,191,1845,0
eranakulam,27-08-2020,140,90,1895,0
eranakulam,28-08-2020,207,155,1947,0
eranakulam,29-08-2020,136,148,1935,0
eranakulam,30-08-2020,231,182,1984,0
eranakulam,31-08-2020,210,90,2104,0
eranakulam,1/9/2020,161,134,2130,1
eranakulam,2/9/2020,136,119,2144,3
eranakulam,3/9/2020,164,209,2098,1
eranakulam,4/9/2020,274,185,2187,0
eranakulam,5/9/2020,186,128,2245,0
eranakulam,6/9/2020,281,185,2341,0
eranakulam,7/9/2020,130,184,2286,1
eranakulam,8/9/2020,318,204,2397,3
eranakulam,9/9/2020,276,105,2567,1
eranakulam,10/9/2020,227,116,2678,0
eranakulam,11/9/2020,295,63,2908,2
eranakulam,12/9/2020,188,233,2862,1
eranakulam,13-09-2020,326,232,2954,2
eranakulam,14-09-2020,255,125,3083,1
eranakulam,15-09-2020,239,209,3112,1
eranakulam,16-09-2020,319,371,3060,0
eranakulam,17-09-2020,383,357,3086,0
eranakulam,18-09-2020,348,221,3212,1
eranakulam,19-09-2020,351,189,3372,2
eranakulam,20-09-2020,537,289,3619,1
eranakulam,21-09-2020,299,297,3621,0
eranakulam,22-09-2020,406,250,3775,1
eranakulam,23-09-2020,624,254,4145,0
eranakulam,24-09-2020,590,248,4486,1
eranakulam,25-09-2020,655,325,4816,0
eranakulam,26-09-2020,729,246,5296,3
eranakulam,27-09-2020,924,337,5881,2
eranakulam,28-09-2020,537,220,6198,0
eranakulam,29-09-2020,859,216,6841,0
eranakulam,30-09-2020,1056,263,7633,1
eranakulam,1/10/2020,934,226,8334,7
eranakulam,2/10/2020,1042,212,9161,3
eranakulam,3/10/2020,925,402,9684,0
eranakulam,4/10/2020,952,405,10229,2
eranakulam,5/10/2020,705,236,10693,5
eranakulam,6/10/2020,837,337,11193,0
eranakulam,7/10/2020,1201,385,12009,0
eranakulam,8/10/2020,391,707,11693,0
eranakulam,9/10/2020,911,458,12142,4
eranakulam,13-10-2020,1122,1123,11988,4
eranakulam,14-10-2020,793,823,11956,2
eranakulam,15-10-2020,1209,719,12445,1
eranakulam,16-10-2020,606,843,12208,0
eranakulam,17-10-2020,1022,941,12287,1
eranakulam,18-10-2020,730,1307,11706,4
eranakulam,19-10-2020,598,978,11321,5
eranakulam,20-10-2020,644,974,10989,2
eranakulam,21-10-2020,1190,970,11206,3
eranakulam,22-10-2020,929,414,11716,5
eranakulam,23-10-2020,874,649,11939,2
eranakulam,24-10-2020,1170,538,12568,3
eranakulam,25-10-2020,816,1116,12263,5
eranakulam,26-10-2020,457,1096,11623,1
eranakulam,27-10-2020,716,914,11421,4
eranakulam,28-10-2020,1250,633,12034,4
eranakulam,29-10-2020,802,600,12235,1
eranakulam,30-10-2020,674,741,12166,2
eranakulam,31-10-2020,1114,853,12419,7
eranakulam,1/11/2020,1042,808,12651,1
eranakulam,2/11/2020,518,1093,12073,3
eranakulam,3/11/2020,850,865,12056,2
eranakulam,4/11/2020,1197,1078,12169,6
eranakulam,5/11/2020,749,1288,11629,1
eranakulam,6/11/2020,673,1075,11220,7
eranakulam,7/11/2020,1042,1010,11248,4
eranakulam,8/11/2020,644,845,11046,1
eranakulam,9/11/2020,433,827,10649,3
eranakulam,13-11-2020,756,707,9895,3
eranakulam,14-11-2020,860,800,9955,0
eranakulam,15-11-2020,489,828,9616,0
eranakulam,16-11-2020,279,503,9388,4
eranakulam,17-11-2020,613,588,9411,2
eranakulam,18-11-2020,887,720,9574,4
eranakulam,19-11-2020,423,936,9059,2
eranakulam,20-11-2020,554,545,9066,2
eranakulam,21-11-2020,797,658,9205,0
eranakulam,22-11-2020,494,953,8745,1
eranakulam,23-11-2020,325,517,8549,4
eranakulam,24-11-2020,570,450,8667,2
eranakulam,25-11-2020,774,750,8689,2
eranakulam,26-11-2020,472,807,8351,3
eranakulam,27-11-2020,397,476,8270,2
eranakulam,28-11-2020,812,451,8626,5
eranakulam,29-11-2020,512,1001,8133,4
eranakulam,30-11-2020,317,518,7930,2
eranakulam,1/12/2020,504,659,7773,2
eranakulam,2/12/2020,732,443,8055,7
eranakulam,3/12/2020,441,770,7725,1
eranakulam,4/12/2020,486,440,7768,3
eranakulam,5/12/2020,665,492,7937,4
eranakulam,6/12/2020,474,685,7723,3
eranakulam,7/12/2020,278,354,7647,0
eranakulam,8/12/2020,528,403,7767,5
eranakulam,9/12/2020,717,532,7952,0
eranakulam,13-12-2020,509,804,7588,2
eranakulam,14-12-2020,343,582,7344,5
eranakulam,15-12-2020,617,416,7545,0
eranakulam,16-12-2020,959,720,7783,1
eranakulam,17-12-2020,481,565,7697,2
eranakulam,18-12-2020,578,504,7769,2
eranakulam,19-12-2020,826,606,7987,2
eranakulam,20-12-2020,591,499,8076,3
eranakulam,21-12-2020,377,476,7969,8
eranakulam,22-12-2020,686,414,8238,3
eranakulam,23-12-2020,953,709,8480,1
eranakulam,24-12-2020,544,979,8041,4
eranakulam,25-12-2020,586,601,8026,0
eranakulam,26-12-2020,403,432,7994,3
eranakulam,27-12-2020,605,450,8146,3
eranakulam,28-12-2020,340,536,7949,1
eranakulam,29-12-2020,734,377,8306,0
eranakulam,30-12-2020,1006,780,8531,1
eranakulam,31-12-2020,574,513,8590,2
eranakulam,1/1/2021,602,594,8589,7
eranakulam,2/1/2021,743,552,8776,2
eranakulam,3/1/2021,728,502,8998,4
eranakulam,4/1/2021,382,749,8628,3
eranakulam,5/1/2021,719,401,8942,4
eranakulam,6/1/2021,1068,946,9061,2
eranakulam,7/1/2021,663,1102,8619,3
eranakulam,8/1/2021,708,686,8638,3
eranakulam,9/1/2021,893,761,8766,4
eranakulam,10/1/2021,650,718,8696,1
eranakulam,11/1/2021,443,485,8650,4
eranakulam,12/1/2021,813,516,8946,1
eranakulam,13-01-2021,998,906,9033,5
eranakulam,14-01-2021,659,599,9092,1
eranakulam,15-01-2021,799,537,9348,3
eranakulam,16-01-2021,1046,846,9545,3
eranakulam,17-01-2021,767,427,9885,0
eranakulam,18-01-2021,574,518,9941,0
eranakulam,19-01-2021,1019,463,10495,1
eranakulam,20-01-2021,1031,803,10721,2
eranakulam,21-01-2021,771,713,10775,3
eranakulam,22-01-2021,1018,1005,10788,0
eranakulam,23-01-2021,1083,1038,10831,2
eranakulam,24-01-2021,822,1045,10607,1
eranakulam,25-01-2021,487,616,10473,5
eranakulam,26-01-2021,866,881,10450,7
eranakulam,27-01-2021,879,739,10589,1
eranakulam,28-01-2021,784,792,10581,0
eranakulam,29-01-2021,865,711,10732,3
eranakulam,30-01-2021,859,826,10765,0
eranakulam,31-01-2021,743,725,10783,0
eranakulam,1/2/2021,424,908,10295,3
eranakulam,2/2/2021,755,667,10375,7
eranakulam,3/2/2021,871,909,10336,1
eranakulam,4/2/2021,833,911,10257,1
eranakulam,5/2/2021,714,802,10169,0
eranakulam,6/2/2021,898,690,10377,0
eranakulam,7/2/2021,558,726,10208,1
eranakulam,8/2/2021,431,627,10011,1
eranakulam,9/2/2021,615,605,10021,0
eranakulam,10/2/2021,811,766,10064,2
eranakulam,11/2/2021,632,669,10025,2
eranakulam,12/2/2021,589,743,9870,1
eranakulam,13-02-2021,746,800,9813,3
eranakulam,14-02-2021,439,640,9611,1
eranakulam,15-02-2021,393,502,9501,1
eranakulam,16-02-2021,643,486,9656,2
eranakulam,17-02-2021,519,604,9570,1
eranakulam,18-02-2021,609,597,9581,1
eranakulam,19-02-2021,535,537,9576,3
eranakulam,20-02-2021,564,658,9482,0
eranakulam,21-02-2021,514,500,9496,0
eranakulam,22-02-2021,246,389,9351,2
eranakulam,23-02-2021,484,746,9088,1
eranakulam,24-02-2021,473,600,8957,4
eranakulam,25-02-2021,408,490,8875,0
eranakulam,26-02-2021,332,345,8862,0
eranakulam,27-02-2021,415,516,8759,2
eranakulam,28-02-2021,352,476,8635,0
eranakulam,1/3/2021,240,500,8374,1
eranakulam,2/3/2021,306,470,8209,1
eranakulam,3/3/2021,281,509,7978,3
eranakulam,4/3/2021,228,627,7578,1
eranakulam,5/3/2021,291,561,7308,0
eranakulam,6/3/2021,237,333,7211,1
eranakulam,7/3/2021,219,784,6645,1
eranakulam,8/3/2021,138,329,6454,0
eranakulam,9/3/2021,231,500,6185,0
eranakulam,10/3/2021,244,1000,5429,0
eranakulam,11/3/2021,205,557,5077,0
eranakulam,12/3/2021,154,623,4608,0
eranakulam,13-03-2021,232,747,4093,0
eranakulam,14-03-2021,132,425,3798,2
eranakulam,15-03-2021,119,632,3282,2
eranakulam,16-03-2021,238,752,2762,5
eranakulam,17-03-2021,255,310,2704,2
eranakulam,18-03-2021,184,206,2680,2
eranakulam,19-03-2021,185,190,2673,1
eranakulam,20-03-2021,228,128,2772,1
eranakulam,21-03-2021,154,130,2795,1
eranakulam,22-03-2021,106,102,2797,2
eranakulam,23-03-2021,178,310,2665,0
eranakulam,24-03-2021,245,103,2807,0
eranakulam,25-03-2021,188,171,2824,0
eranakulam,26-03-2021,171,326,2669,0
eranakulam,27-03-2021,247,391,2521,4
eranakulam,28-03-2021,220,326,2415,0
eranakulam,29-03-2021,184,508,2090,1
eranakulam,30-03-2021,283,309,2064,0
eranakulam,31-03-2021,316,232,2146,2
eranakulam,1/4/2021,327,157,2316,0
eranakulam,2/4/2021,278,393,2199,2
eranakulam,3/4/2021,268,176,2289,1
eranakulam,4/4/2021,368,142,2514,1
eranakulam,5/4/2021,316,150,2680,0
eranakulam,6/4/2021,487,191,2976,0
eranakulam,7/4/2021,504,125,3354,1
eranakulam,8/4/2021,654,137,3867,3
eranakulam,9/4/2021,607,126,4345,3
eranakulam,10/4/2021,977,139,5183,0
eranakulam,11/4/2021,842,120,5905,0
eranakulam,12/4/2021,779,137,6546,1
eranakulam,13-04-2021,1162,336,7371,1
eranakulam,14-04-2021,1226,201,8394,2
eranakulam,15-04-2021,1267,337,9324,0
eranakulam,16-04-2021,1391,515,10194,6
eranakulam,17-04-2021,2187,327,12052,2
eranakulam,18-04-2021,2835,355,14532,0
eranakulam,19-04-2021,1781,350,15961,2
eranakulam,20-04-2021,3212,458,18711,4
eranakulam,21-04-2021,3980,700,21990,1
eranakulam,22-04-2021,4396,541,25844,1
eranakulam,23-04-2021,4548,572,29820,0
eranakulam,24-04-2021,3320,821,32316,3
eranakulam,25-04-2021,4468,1002,35781,1
eranakulam,26-04-2021,2515,801,37494,1
eranakulam,27-04-2021,4270,2000,39761,1
eranakulam,28-04-2021,5287,1012,44036,0
eranakulam,29-04-2021,5369,1293,48107,2
eranakulam,30-04-2021,4642,2689,50051,7
eranakulam,1/5/2021,5002,1987,53066,0
eranakulam,2/5/2021,3502,2279,54289,0
eranakulam,3/5/2021,3291,3500,54076,4
eranakulam,4/5/2021,5030,4235,54867,4
eranakulam,5/5/2021,6558,2732,58692,1
eranakulam,6/5/2021,6506,2999,62197,2
eranakulam,7/5/2021,5361,2735,64820,3
eranakulam,8/5/2021,5492,4052,66249,11
eranakulam,9/5/2021,4767,3393,67613,10
eranakulam,10/5/2021,2834,3999,66442,5
eranakulam,11/5/2021,4514,5200,65755,1
eranakulam,12/5/2021,6410,4474,67672,17
eranakulam,13-05-2021,5026,3468,69226,4
eranakulam,14-05-2021,3855,3341,69721,19
eranakulam,15-05-2021,3744,3065,70391,9
eranakulam,16-05-2021,3154,4620,68920,5
eranakulam,17-05-2021,2315,14900,56325,10
eranakulam,18-05-2021,3517,6336,53489,16
eranakulam,19-05-2021,4282,5513,52243,13
eranakulam,20-05-2021,3336,4418,51156,5
eranakulam,21-05-2021,3102,3118,51120,19
eranakulam,22-05-2021,3219,8296,46033,10
eranakulam,23-05-2021,2823,4016,44821,19
eranakulam,24-05-2021,1885,4393,42295,16
eranakulam,25-05-2021,3063,3917,41390,51
eranakulam,26-05-2021,3444,4999,39824,11
eranakulam,27-05-2021,2779,4280,38312,10
eranakulam,28-05-2021,2237,2303,38237,9
eranakulam,29-05-2021,2606,4280,36528,35
eranakulam,30-05-2021,1977,3439,35025,41
eranakulam,31-05-2021,1247,4003,32256,13
eranakulam,1/6/2021,2081,2424,31880,33
eranakulam,2/6/2021,2325,4910,29285,10
eranakulam,3/6/2021,2041,4973,26349,2
eranakulam,4/6/2021,1551,6149,21746,5
eranakulam,5/6/2021,1769,1778,21731,6
eranakulam,6/6/2021,1807,1936,21592,10
eranakulam,7/6/2021,968,2546,20002,11
eranakulam,8/6/2021,1868,1213,20654,3
eranakulam,9/6/2021,2059,2538,20162,13
eranakulam,10/6/2021,1596,2043,19689,26
eranakulam,11/6/2021,1629,1907,19394,17
eranakulam,12/6/2021,1539,2718,18183,31
eranakulam,13-06-2021,1088,2332,16911,25
eranakulam,14-06-2021,977,1771,16078,39
eranakulam,15-06-2021,1702,2027,15728,25
eranakulam,16-06-2021,1793,1801,15705,14
eranakulam,17-06-2021,1322,1899,15123,5
eranakulam,18-06-2021,1315,1533,14892,13
eranakulam,19-06-2021,1557,1010,15439,0
eranakulam,20-06-2021,1461,1186,15699,15
eranakulam,21-06-2021,926,1180,15441,4
eranakulam,22-06-2021,1491,1021,15888,23
eranakulam,23-06-2021,1706,1984,15598,11
eranakulam,24-06-2021,1461,2006,15038,14
eranakulam,25-06-2021,1112,1504,14634,12
eranakulam,26-06-2021,1414,1174,14869,5
eranakulam,27-06-2021,1103,1532,14428,10
eranakulam,28-06-2021,721,1221,13924,4
eranakulam,29-06-2021,1372,1062,14226,7
eranakulam,30-06-2021,1448,1329,14339,6
eranakulam,1/7/2021,1153,1520,13964,6
eranakulam,2/7/2021,1116,1194,13864,22
eranakulam,3/7/2021,1296,1172,13973,15
eranakulam,4/7/2021,1105,1082,13993,3
eranakulam,5/7/2021,713,1105,13576,24
eranakulam,6/7/2021,1468,868,14161,14
eranakulam,7/7/2021,1727,1199,14673,16
eranakulam,8/7/2021,1323,1812,14155,29
eranakulam,9/7/2021,1291,1389,14034,23
eranakulam,10/7/2021,1465,1381,14106,12
eranakulam,11/7/2021,1128,1524,13693,16
eranakulam,12/7/2021,582,1046,13222,7
eranakulam,13-07-2021,1624,634,14198,14
eranakulam,14-07-2021,1894,904,15166,21
eranakulam,15-07-2021,1536,1274,15420,7
eranakulam,16-07-2021,1352,708,16031,33
eranakulam,17-07-2021,1908,1112,16809,18
eranakulam,18-07-2021,1555,1224,17122,18
eranakulam,19-07-2021,921,1197,16841,5
eranakulam,20-07-2021,1901,1091,17644,7
eranakulam,21-07-2021,2270,1600,18309,5
eranakulam,22-07-2021,1554,1052,18795,16
eranakulam,23-07-2021,1832,1093,19526,8
eranakulam,24-07-2021,2009,1419,20104,12
eranakulam,25-07-2021,1687,1306,20467,18
eranakulam,26-07-2021,1153,1477,20138,5
eranakulam,27-07-2021,2352,1151,21327,12
eranakulam,28-07-2021,2397,1993,21721,10
eranakulam,29-07-2021,2359,2026,22033,21
eranakulam,30-07-2021,2306,1599,22730,10
eranakulam,31-07-2021,2072,1135,23661,6
eranakulam,1/8/2021,2246,1621,24286,0
eranakulam,2/8/2021,1219,1521,23972,12
eranakulam,3/8/2021,2702,2000,24663,11
eranakulam,4/8/2021,2663,1544,25770,12
eranakulam,5/8/2021,2373,1888,26248,7
eranakulam,6/8/2021,2310,1353,27196,9
eranakulam,7/8/2021,2121,2308,26978,31
eranakulam,8/8/2021,2216,2339,26844,11
eranakulam,9/8/2021,1329,2394,25770,9
eranakulam,10/8/2021,2539,2196,26101,12
eranakulam,11/8/2021,2856,2024,26921,12
eranakulam,12/8/2021,2425,2703,26629,14
eranakulam,13-08-2021,2388,2103,26905,9
eranakulam,14-08-2021,2243,2037,27096,15
eranakulam,15-08-2021,2161,1885,27370,2
eranakulam,16-08-2021,1353,2289,26427,7
eranakulam,17-08-2021,2643,2292,26770,8
eranakulam,18-08-2021,2636,2100,27289,17
eranakulam,19-08-2021,2527,2174,27619,23
eranakulam,20-08-2021,2707,1507,28801,18
eranakulam,21-08-2021,1957,2327,28421,10
eranakulam,22-08-2021,1101,7420,22097,5
eranakulam,23-08-2021,1566,4553,19101,9
eranakulam,24-08-2021,3149,1170,21067,13
eranakulam,25-08-2021,4048,1872,23230,13
eranakulam,26-08-2021,3872,2136,24944,21
eranakulam,27-08-2021,3627,1843,26719,9
eranakulam,28-08-2021,3807,1819,28695,12
eranakulam,29-08-2021,3178,2022,29851,0
eranakulam,30-08-2021,2315,2477,29676,13
eranakulam,31-08-2021,3548,2020,31200,4
eranakulam,1/9/2021,4324,2126,33377,21
eranakulam,2/9/2021,3768,2190,34934,21
eranakulam,3/9/2021,3435,2321,36041,7
eranakulam,4/9/2021,3456,2828,36651,18
eranakulam,5/9/2021,2915,2422,37144,0
eranakulam,6/9/2021,2029,2842,36312,19
eranakulam,7/9/2021,3194,2319,37163,24
eranakulam,8/9/2021,3611,2648,38109,17
eranakulam,9/9/2021,3175,2872,38403,9
eranakulam,10/9/2021,3034,2722,38705,10
eranakulam,11/9/2021,2490,3229,37941,25
eranakulam,12/9/2021,2572,3773,36734,6
eranakulam,13-09-2021,1694,3699,34724,5
eranakulam,14-09-2021,1893,3401,33194,22
eranakulam,15-09-2021,1645,3377,31456,6
eranakulam,16-09-2021,2901,3362,30983,12
eranakulam,17-09-2021,3143,2202,31906,18
eranakulam,18-09-2021,2626,7075,27433,24
eranakulam,19-09-2021,2810,5708,24527,8
eranakulam,20-09-2021,1720,2730,23514,3
eranakulam,21-09-2021,1545,2712,22321,26
eranakulam,22-09-2021,2792,2000,23094,19
eranakulam,23-09-2021,2564,2814,22833,11
eranakulam,24-09-2021,2397,614,24600,16
eranakulam,25-09-2021,2500,567,26521,12
eranakulam,26-09-2021,2572,635,28448,10
eranakulam,27-09-2021,1529,606,29366,5
eranakulam,28-09-2021,1132,3090,27400,8
eranakulam,29-09-2021,1526,2518,26399,9
eranakulam,30-09-2021,2332,2474,26251,6
eranakulam,1/10/2021,1812,1500,26553,10
eranakulam,2/10/2021,1730,1486,26779,18
eranakulam,3/10/2021,1904,1728,26941,14
eranakulam,4/10/2021,920,3566,24286,9
eranakulam,5/10/2021,1099,2498,22878,9
eranakulam,6/10/2021,1932,2328,22476,6
eranakulam,7/10/2021,1839,3280,21023,12
eranakulam,8/10/2021,1495,1212,21301,5
eranakulam,9/10/2021,1337,1318,21311,9
eranakulam,13-10-2021,1794,978,17035,5
eranakulam,14-10-2021,1332,1191,17171,5
eranakulam,15-10-2021,1377,1641,16889,18
eranakulam,16-10-2021,1280,1512,16652,5
eranakulam,17-10-2021,975,1671,15944,12
eranakulam,18-10-2021,1199,1015,16121,7
eranakulam,19-10-2021,817,2005,14923,10
eranakulam,20-10-2021,2012,593,16337,5
eranakulam,21-10-2021,1434,1072,16690,9
eranakulam,22-10-2021,1552,1891,16298,53
eranakulam,23-10-2021,1233,1266,16199,66
eranakulam,24-10-2021,1481,676,16967,37
eranakulam,25-10-2021,1168,1453,16657,25
eranakulam,26-10-2021,709,1298,15925,143
eranakulam,27-10-2021,1517,884,16459,99
eranakulam,28-10-2021,1298,930,16803,24
eranakulam,29-10-2021,1047,1733,15913,204
eranakulam,30-10-2021,862,1323,15216,236
eranakulam,31-10-2021,1046,918,15333,11
eranakulam,1/11/2021,867,1366,14793,41
eranakulam,2/11/2021,916,1730,13881,98
eranakulam,3/11/2021,1025,1157,13689,60
eranakulam,4/11/2021,1163,840,13992,20
eranakulam,5/11/2021,791,1345,13338,100
eranakulam,6/11/2021,1037,944,13293,138
eranakulam,7/11/2021,1061,1039,13302,13
eranakulam,8/11/2021,577,971,12862,46
eranakulam,9/11/2021,767,1022,12480,127
eranakulam,13-11-2021,907,772,13033,9
eranakulam,14-11-2021,919,826,13116,10
eranakulam,15-11-2021,616,1134,12565,33
eranakulam,16-11-2021,614,942,12230,7
eranakulam,17-11-2021,958,634,12499,55
eranakulam,18-11-2021,812,913,12328,70
eranakulam,19-11-2021,1109,973,12454,10
eranakulam,20-11-2021,835,963,12324,2
eranakulam,21-11-2021,873,874,12323,0
eranakulam,22-11-2021,622,963,11941,41
eranakulam,23-11-2021,469,1064,11310,36
eranakulam,24-11-2021,825,656,11419,60
eranakulam,25-11-2021,963,484,11880,18
eranakulam,26-11-2021,823,947,11747,9
eranakulam,27-11-2021,797,662,11849,33
eranakulam,28-11-2021,823,1078,11594,0
eranakulam,29-11-2021,666,946,11311,3
eranakulam,30-11-2021,592,813,11090,0
eranakulam,1/12/2021,822,676,11232,4
eranakulam,2/12/2021,794,523,11491,12
eranakulam,3/12/2021,770,848,11387,26
eranakulam,4/12/2021,606,806,11144,43
eranakulam,5/12/2021,678,702,11087,33
eranakulam,6/12/2021,568,724,10926,5
eranakulam,7/12/2021,776,1029,10673,0
eranakulam,8/12/2021,764,559,10872,6
eranakulam,9/12/2021,691,563,10995,5
eranakulam,13-12-2021,525,704,10343,5
eranakulam,14-12-2021,580,788,10135,0
eranakulam,15-12-2021,598,508,10212,13
eranakulam,16-12-2021,501,639,10059,15
eranakulam,17-12-2021,680,760,9975,4
eranakulam,18-12-2021,437,633,9772,7
eranakulam,19-12-2021,522,590,9694,10
eranakulam,20-12-2021,397,527,9532,32
eranakulam,21-12-2021,333,601,9236,28
eranakulam,22-12-2021,575,502,9221,88
eranakulam,23-12-2021,369,593,8989,8
eranakulam,24-12-2021,496,584,8890,11
eranakulam,25-12-2021,424,662,8647,5
eranakulam,26-12-2021,292,324,8578,37
eranakulam,27-12-2021,190,460,8248,60
eranakulam,28-12-2021,419,512,8108,47
eranakulam,29-12-2021,526,402,8165,67
eranakulam,30-12-2021,455,567,8053,0
eranakulam,31-12-2021,503,324,8232,0
eranakulam,1/1/2022,400,434,8192,6
eranakulam,2/1/2022,434,414,8209,3
eranakulam,3/1/2022,410,280,8337,2
eranakulam,4/1/2022,641,538,8432,8
eranakulam,5/1/2022,1081,323,9109,81
eranakulam,6/1/2022,928,301,9632,104
eranakulam,7/1/2022,1086,230,10461,27
eranakulam,8/1/2022,1214,502,11170,3
eranakulam,9/1/2022,1066,410,11819,7
eranakulam,10/1/2022,929,402,12341,5
eranakulam,11/1/2022,1478,508,13302,9
eranakulam,12/1/2022,2214,458,15042,16
eranakulam,13-01-2022,2394,921,16506,9
eranakulam,14-01-2022,3198,976,18690,38
eranakulam,15-01-2022,2637,757,20554,16
eranakulam,16-01-2022,3204,1492,22246,20
eranakulam,17-01-2022,4100,1607,24713,26
eranakulam,18-01-2022,4013,2468,26202,56
eranakulam,19-01-2022,5953,1490,30636,29
eranakulam,20-01-2022,9605,4216,36017,8
eranakulam,21-01-2022,7339,4888,38463,5
eranakulam,22-01-2022,8143,3324,43269,13
eranakulam,23-01-2022,11091,2901,51444,15
eranakulam,24-01-2022,4443,6050,49767,70
eranakulam,25-01-2022,9405,8641,50519,12
eranakulam,26-01-2022,9567,4768,55284,34
eranakulam,27-01-2022,9708,12102,52876,14
eranakulam,28-01-2022,10571,450,62957,40
eranakulam,29-01-2022,11103,8571,65464,25
eranakulam,30-01-2022,9704,1382,73774,12
eranakulam,31-01-2022,9453,7632,75548,47
eranakulam,1/2/2022,9331,8808,76001,70
eranakulam,2/2/2022,11224,11021,76189,15
eranakulam,3/2/2022,7055,14478,68730,36
eranakulam,4/2/2022,6398,2676,72372,80
eranakulam,5/2/2022,5577,9135,68758,56
eranakulam,6/2/2022,3989,10794,61876,77
eranakulam,7/2/2022,3490,8943,56415,8
eranakulam,8/2/2022,5676,9692,52376,23
eranakulam,9/2/2022,4441,9781,46924,112
eranakulam,10/2/2022,3012,9691,40232,13
eranakulam,11/2/2022,2732,6251,36643,70
eranakulam,12/2/2022,2973,6015,33531,70
eranakulam,13-02-2022,1509,4577,30460,3
eranakulam,14-02-2022,1608,3056,29005,7
eranakulam,15-02-2022,2141,7750,23356,40
eranakulam,16-02-2022,2944,3514,22776,10
eranakulam,17-02-2022,1696,2783,21616,73
eranakulam,18-02-2022,1403,2932,20081,6
eranakulam,19-02-2022,1462,3145,18302,96
eranakulam,20-02-2022,767,1659,17397,13
eranakulam,21-02-2022,647,1555,16472,17
eranakulam,22-02-2022,1041,2048,15451,14
eranakulam,23-02-2022,825,2923,13303,50
eranakulam,24-02-2022,553,2078,11722,56
eranakulam,25-02-2022,637,1253,11103,3
eranakulam,26-02-2022,552,1486,10162,7
eranakulam,27-02-2022,393,881,9672,2
eranakulam,28-02-2022,324,718,9253,25
eranakulam,1/3/2022,436,813,8807,69
eranakulam,2/3/2022,405,964,8242,6
eranakulam,3/3/2022,354,650,7933,13
eranakulam,4/3/2022,405,632,7619,87
eranakulam,5/3/2022,350,456,7467,46
eranakulam,6/3/2022,204,406,7259,6
eranakulam,7/3/2022,227,302,7159,25
eranakulam,8/3/2022,318,377,7064,36
eranakulam,9/3/2022,304,390,6950,28
eranakulam,10/3/2022,260,387,6810,13
eranakulam,11/3/2022,181,111,6866,14
eranakulam,12/3/2022,217,344,6737,2
eranakulam,13-03-2022,122,290,6569,0
eranakulam,14-03-2022,141,313,6397,0
eranakulam,15-03-2022,187,213,6369,2
eranakulam,16-03-2022,200,345,6219,5
eranakulam,17-03-2022,190,212,6153,44
eranakulam,18-03-2022,165,273,6043,2
eranakulam,19-03-2022,152,137,6057,1
eranakulam,20-03-2022,122,192,5987,0
eranakulam,21-03-2022,117,146,5955,3
eranakulam,22-03-2022,146,103,5981,17
eranakulam,23-03-2022,155,198,5936,2
eranakulam,24-03-2022,119,193,5839,23
eranakulam,25-03-2022,109,171,5769,8
eranakulam,26-03-2022,138,172,5726,9
eranakulam,27-03-2022,88,109,5704,1
eranakulam,28-03-2022,76,143,5637,0
eranakulam,29-03-2022,104,110,5630,1
eranakulam,30-03-2022,100,151,5579,0
eranakulam,31-03-2022,89,159,5509,0
eranakulam,1/4/2022,95,113,5483,8
eranakulam,2/4/2022,69,65,5439,48
eranakulam,3/4/2022,83,127,5389,6
eranakulam,4/4/2022,60,84,5340,25
eranakulam,5/4/2022,94,87,5344,3
eranakulam,6/4/2022,117,110,5338,13
eranakulam,7/4/2022,73,68,5321,22
eranakulam,8/4/2022,95,75,5329,12
eranakulam,9/4/2022,106,119,5316,0
eranakulam,10/4/2022,55,55,5316,0
eranakulam,11/4/2022,62,65,5311,2
eranakulam,12/4/2022,96,60,5347,0
eranakulam,13-04-2022,69,93,5316,7
eranakulam,14-04-2022,54,71,5265,34
eranakulam,15-04-2022,43,49,5239,20
eranakulam,16-04-2022,64,76,5190,37
eranakulam,17-04-2022,71,74,5178,9
eranakulam,18-04-2022,44,50,5154,18
eranakulam,19-04-2022,77,34,5164,33
eranakulam,20-04-2022,76,92,5147,1
eranakulam,21-04-2022,89,0,5161,75
eranakulam,22-04-2022,70,50,5180,1
eranakulam,23-04-2022,76,37,5219,0
eranakulam,24-04-2022,51,51,5219,0
eranakulam,25-04-2022,90,102,5207,0
eranakulam,26-04-2022,88,40,5255,0
eranakulam,27-04-2022,97,79,5273,0
eranakulam,28-04-2022,148,69,5340,12
eranakulam,29-04-2022,107,87,5359,1
eranakulam,30-04-2022,88,63,5384,0
eranakulam,1/5/2022,63,56,5382,9
eranakulam,2/5/2022,87,82,5378,9
eranakulam,3/5/2022,112,26,5419,45
eranakulam,4/5/2022,105,98,5426,0
eranakulam,5/5/2022,114,86,5453,1
eranakulam,6/5/2022,154,194,5405,8
eranakulam,7/5/2022,103,61,5447,0
eranakulam,8/5/2022,105,70,5482,0
eranakulam,9/5/2022,102,86,5498,0
eranakulam,10/5/2022,191,142,5547,0
eranakulam,11/5/2022,127,53,5621,0
eranakulam,12/5/2022,143,94,5670,0
eranakulam,13-05-2022,213,168,5715,0
eranakulam,14-05-2022,154,124,5745,0
eranakulam,15-05-2022,97,67,5775,0
eranakulam,16-05-2022,94,96,5773,0
eranakulam,17-05-2022,168,155,5786,0
eranakulam,18-05-2022,148,170,5764,0
eranakulam,19-05-2022,162,139,5787,0
eranakulam,20-05-2022,193,142,5831,7
eranakulam,21-05-2022,179,171,5839,0
eranakulam,22-05-2022,109,148,5800,0
eranakulam,23-05-2022,131,133,5798,0
eranakulam,24-05-2022,196,93,5901,0
eranakulam,25-05-2022,308,192,6017,0
eranakulam,26-05-2022,232,126,6123,0
eranakulam,27-05-2022,264,161,6223,3
eranakulam,28-05-2022,250,193,6269,11
eranakulam,29-05-2022,281,183,6356,11
eranakulam,30-05-2022,208,115,6447,2
eranakulam,31-05-2022,365,138,6672,2
eranakulam,1/6/2022,463,191,6944,0
eranakulam,2/6/2022,407,289,7062,0
eranakulam,3/6/2022,479,228,7312,1
eranakulam,4/6/2022,481,286,7505,2
eranakulam,5/6/2022,396,216,7685,0
eranakulam,6/6/2022,439,343,7780,1
eranakulam,7/6/2022,622,242,8160,0
eranakulam,8/6/2022,589,377,8371,1
eranakulam,9/6/2022,796,435,8730,2
eranakulam,10/6/2022,750,429,9051,0
eranakulam,11/6/2022,642,431,9262,0
eranakulam,12/6/2022,571,476,9357,0
eranakulam,13-06-2022,515,451,9416,5
eranakulam,14-06-2022,987,482,9920,1
eranakulam,15-06-2022,1072,708,10283,1
eranakulam,16-06-2022,949,503,10727,2
eranakulam,17-06-2022,841,743,10822,3
eranakulam,18-06-2022,838,838,10819,3
eranakulam,19-06-2022,574,562,10831,0
eranakulam,20-06-2022,732,623,10940,0
eranakulam,21-06-2022,1170,543,11566,1
eranakulam,22-06-2022,914,955,11525,0
eranakulam,23-06-2022,970,1069,11425,1
eranakulam,24-06-2022,930,985,11368,2
eranakulam,25-06-2022,863,730,11497,4
eranakulam,26-06-2022,705,764,11438,0
eranakulam,27-06-2022,616,732,11321,1
eranakulam,28-06-2022,1162,766,11714,3
eranakulam,29-06-2022,985,1075,11623,1
eranakulam,30-06-2022,929,920,11631,1
eranakulam,1/7/2022,844,931,11543,1
eranakulam,2/7/2022,837,916,11463,1
eranakulam,3/7/2022,648,785,11326,0
eranakulam,4/7/2022,522,821,11023,4
eranakulam,5/7/2022,963,656,11329,1
eranakulam,6/7/2022,753,1041,11037,4
eranakulam,7/7/2022,736,1017,10749,7
eranakulam,8/7/2022,670,890,10526,3
eranakulam,9/7/2022,694,817,10399,4
eranakulam,10/7/2022,506,781,10122,2
eranakulam,11/7/2022,506,762,9866,0
eranakulam,12/7/2022,731,505,10091,1
eranakulam,13-07-2022,709,902,9893,5
eranakulam,14-07-2022,667,805,9749,6
eranakulam,15-07-2022,634,705,9672,6
eranakulam,16-07-2022,554,652,9566,8
eranakulam,17-07-2022,445,640,9369,2
eranakulam,18-07-2022,387,582,9174,0
eranakulam,20-07-2022,598,734,9035,3
eranakulam,21-07-2022,569,697,8903,4
eranakulam,22-07-2022,408,653,8657,1
eranakulam,19-07-2022,522,496,8681,2
eranakulam,23-07-2022,450,660,8469,2
eranakulam,24-07-2022,345,487,8327,0
eranakulam,25-07-2022,337,487,8175,2
eranakulam,26-07-2022,422,377,8218,2
eranakulam,27-07-2022,339,491,8064,2
eranakulam,28-07-2022,395,612,7842,5
eranakulam,29-07-2022,323,549,7612,4
eranakulam,30-07-2022,325,402,7533,2
eranakulam,31-07-2022,266,421,7378,0
eranakulam,1/8/2022,204,365,7217,0
eranakulam,2/8/2022,304,346,7175,0
eranakulam,3/8/2022,281,407,7045,4
eranakulam,4/8/2022,310,353,7001,1
eranakulam,5/8/2022,236,344,6892,1
eranakulam,6/8/2022,285,315,6862,0
eranakulam,7/8/2022,195,251,6799,7
eranakulam,8/8/2022,154,288,6665,0
eranakulam,9/8/2022,323,232,6755,1
eranakulam,10/8/2022,308,301,6762,0
eranakulam,11/8/2022,296,257,6798,3
eranakulam,12/8/2022,322,339,6781,0
eranakulam,13-08-2022,278,178,6879,2
eranakulam,14-08-2022,213,290,6802,0
eranakulam,15-08-2022,105,197,6708,2
eranakulam,16-08-2022,280,201,6787,0
eranakulam,17-08-2022,340,287,6838,2
eranakulam,18-08-2022,296,300,6832,2
eranakulam,19-08-2022,289,301,6817,3
eranakulam,20-08-2022,287,304,6798,2
eranakulam,21-08-2022,260,265,6793,0
eranakulam,22-08-2022,224,274,6742,1
eranakulam,23-08-2022,321,77,6986,0
eranakulam,24-08-2022,314,290,7010,0
eranakulam,25-08-2022,314,344,6980,0
eranakulam,26-08-2022,341,289,7021,11
eranakulam,27-08-2022,264,256,7023,6
eranakulam,28-08-2022,309,286,7046,0
eranakulam,29-08-2022,224,311,6957,2
eranakulam,30-08-2022,488,179,7261,5
eranakulam,1/9/2022,348,338,7271,0
eranakulam,2/9/2022,420,323,7366,2
eranakulam,3/9/2022,352,314,7404,0
eranakulam,4/9/2022,274,233,7444,1
eranakulam,5/9/2022,289,372,7359,2
eranakulam,6/9/2022,496,219,7633,3
eranakulam,7/9/2022,324,427,7530,0
eranakulam,8/9/2022,270,350,7450,0
eranakulam,9/9/2022,274,393,7330,1
trissur,30-01-2020,1,0,1,0
trissur,20-02-2020,0,1,0,0
trissur,12/3/2020,1,0,1,0
trissur,23-03-2020,1,0,2,0
trissur,25-03-2020,0,1,1,0
trissur,26-03-2020,2,0,3,0
trissur,27-03-2020,1,0,4,0
trissur,29-03-2020,1,0,5,0
trissur,31-03-2020,1,0,6,0
trissur,1/4/2020,2,0,8,0
trissur,2/4/2020,1,0,9,0
trissur,3/4/2020,1,0,10,0
trissur,6/4/2020,0,1,9,0
trissur,8/4/2020,1,3,7,0
trissur,10/4/2020,0,1,6,0
trissur,11/4/2020,0,1,5,0
trissur,13-04-2020,0,3,2,0
trissur,14-04-2020,0,1,1,0
trissur,19-04-2020,0,1,0,0
trissur,10/5/2020,2,0,2,0
trissur,16-05-2020,4,0,6,0
trissur,17-05-2020,1,0,7,0
trissur,18-05-2020,4,0,11,0
trissur,19-05-2020,1,0,12,0
trissur,20-05-2020,2,2,12,0
trissur,21-05-2020,3,0,15,0
trissur,22-05-2020,4,0,18,1
trissur,26-05-2020,4,0,22,0
trissur,28-05-2020,7,0,29,0
trissur,29-05-2020,6,0,35,0
trissur,30-05-2020,10,3,42,0
trissur,31-05-2020,3,0,45,0
trissur,1/6/2020,9,0,54,0
trissur,2/6/2020,6,0,60,0
trissur,3/6/2020,4,1,63,0
trissur,4/6/2020,4,2,65,0
trissur,5/6/2020,8,5,68,0
trissur,6/6/2020,16,0,84,0
trissur,7/6/2020,26,13,97,0
trissur,8/6/2020,27,0,123,1
trissur,9/6/2020,6,4,125,0
trissur,10/6/2020,9,0,133,1
trissur,11/6/2020,25,7,151,0
trissur,12/6/2020,14,4,161,0
trissur,13-06-2020,4,3,162,0
trissur,14-06-2020,7,8,161,0
trissur,15-06-2020,3,6,158,0
trissur,16-06-2020,7,3,162,0
trissur,17-06-2020,8,11,159,0
trissur,18-06-2020,6,22,143,0
trissur,19-06-2020,1,13,131,0
trissur,20-06-2020,6,0,137,0
trissur,21-06-2020,16,38,115,0
trissur,22-06-2020,12,6,121,0
trissur,23-06-2020,14,10,125,0
trissur,24-06-2020,15,4,136,0
trissur,25-06-2020,10,3,143,0
trissur,26-06-2020,7,15,135,0
trissur,27-06-2020,22,7,150,0
trissur,28-06-2020,17,5,162,0
trissur,29-06-2020,26,5,183,0
trissur,30-06-2020,4,13,174,0
trissur,1/7/2020,16,16,174,0
trissur,2/7/2020,9,8,175,0
trissur,3/7/2020,21,5,191,0
trissur,4/7/2020,20,10,201,0
trissur,5/7/2020,12,12,201,0
trissur,6/7/2020,14,16,199,0
trissur,7/7/2020,10,6,203,0
trissur,8/7/2020,25,11,217,0
trissur,9/7/2020,27,29,215,0
trissur,10/7/2020,17,19,213,0
trissur,11/7/2020,29,17,225,0
trissur,12/7/2020,19,20,223,1
trissur,13-07-2020,9,16,216,0
trissur,14-07-2020,42,10,248,0
trissur,15-07-2020,5,2,251,0
trissur,16-07-2020,32,8,274,1
trissur,17-07-2020,32,31,274,1
trissur,18-07-2020,21,11,284,0
trissur,19-07-2020,61,21,324,0
trissur,20-07-2020,42,45,321,0
trissur,21-07-2020,19,6,334,0
trissur,22-07-2020,56,33,357,0
trissur,23-07-2020,83,21,419,0
trissur,24-07-2020,33,12,440,0
trissur,25-07-2020,36,37,439,0
trissur,26-07-2020,41,57,422,1
trissur,27-07-2020,40,45,417,0
trissur,28-07-2020,109,45,481,0
trissur,29-07-2020,31,56,456,0
trissur,30-07-2020,83,68,471,0
trissur,31-07-2020,60,27,504,0
trissur,1/8/2020,76,54,525,1
trissur,2/8/2020,58,63,520,0
trissur,3/8/2020,85,52,553,0
trissur,4/8/2020,72,45,580,0
trissur,5/8/2020,86,51,615,0
trissur,6/8/2020,74,48,641,0
trissur,7/8/2020,33,60,613,0
trissur,8/8/2020,64,72,605,0
trissur,9/8/2020,24,57,572,0
trissur,10/8/2020,40,60,552,0
trissur,11/8/2020,32,65,519,0
trissur,12/8/2020,19,55,483,0
trissur,13-08-2020,75,47,511,0
trissur,14-08-2020,80,53,537,1
trissur,15-08-2020,85,63,559,0
trissur,16-08-2020,30,64,525,0
trissur,17-08-2020,156,42,639,0
trissur,18-08-2020,48,33,654,0
trissur,19-08-2020,97,28,723,0
trissur,20-08-2020,72,35,759,0
trissur,21-08-2020,119,55,823,0
trissur,22-08-2020,179,50,950,2
trissur,23-08-2020,116,70,996,0
trissur,24-08-2020,46,62,980,0
trissur,25-08-2020,227,90,1117,0
trissur,26-08-2020,204,100,1221,0
trissur,27-08-2020,162,95,1287,1
trissur,28-08-2020,189,110,1366,0
trissur,29-08-2020,225,142,1449,0
trissur,30-08-2020,151,115,1484,1
trissur,31-08-2020,85,125,1444,0
trissur,1/9/2020,133,120,1457,0
trissur,2/9/2020,121,100,1478,0
trissur,3/9/2020,93,145,1426,0
trissur,4/9/2020,204,140,1488,2
trissur,5/9/2020,169,110,1546,1
trissur,6/9/2020,169,145,1570,0
trissur,7/9/2020,128,155,1542,1
trissur,8/9/2020,129,110,1560,1
trissur,9/9/2020,323,145,1737,1
trissur,10/9/2020,300,83,1953,1
trissur,11/9/2020,184,105,2029,3
trissur,12/9/2020,172,135,2064,2
trissur,13-09-2020,182,115,2130,1
trissur,14-09-2020,161,140,2151,0
trissur,15-09-2020,188,120,2216,3
trissur,16-09-2020,263,220,2259,0
trissur,17-09-2020,296,140,2413,2
trissur,18-09-2020,326,142,2596,1
trissur,19-09-2020,351,191,2752,4
trissur,20-09-2020,322,210,2862,2
trissur,21-09-2020,183,140,2905,0
trissur,22-09-2020,369,240,3033,1
trissur,23-09-2020,478,180,3331,0
trissur,24-09-2020,474,327,3476,1
trissur,25-09-2020,607,252,3828,3
trissur,26-09-2020,594,240,4180,2
trissur,27-09-2020,573,215,4537,1
trissur,28-09-2020,383,240,4680,0
trissur,29-09-2020,484,236,4925,3
trissur,30-09-2020,808,155,5578,0
trissur,1/10/2020,613,290,5895,6
trissur,2/10/2020,812,270,6437,0
trissur,3/10/2020,778,420,6794,1
trissur,4/10/2020,793,260,7327,0
trissur,5/10/2020,425,285,7463,3
trissur,6/10/2020,757,380,7840,0
trissur,7/10/2020,948,320,8468,0
trissur,8/10/2020,385,460,8393,0
trissur,9/10/2020,755,860,8287,1
trissur,13-10-2020,1010,650,9329,0
trissur,14-10-2020,581,631,9279,0
trissur,15-10-2020,867,550,9595,1
trissur,16-10-2020,809,831,9568,5
trissur,17-10-2020,1109,1227,9447,3
trissur,18-10-2020,862,1006,9301,2
trissur,19-10-2020,533,1261,8570,3
trissur,20-10-2020,896,760,8701,5
trissur,21-10-2020,946,203,9438,6
trissur,22-10-2020,847,1170,9113,2
trissur,23-10-2020,1020,939,9193,1
trissur,24-10-2020,1086,481,9795,3
trissur,25-10-2020,1011,483,10323,0
trissur,26-10-2020,480,723,10076,4
trissur,27-10-2020,730,1103,9697,6
trissur,28-10-2020,1018,916,9789,10
trissur,29-10-2020,983,1037,9733,2
trissur,30-10-2020,1096,778,10048,3
trissur,31-10-2020,1112,582,10572,6
trissur,1/11/2020,943,1049,10464,2
trissur,2/11/2020,433,967,9928,2
trissur,3/11/2020,856,921,9859,4
trissur,4/11/2020,1114,936,10031,6
trissur,5/11/2020,900,1032,9896,2
trissur,6/11/2020,951,1042,9801,4
trissur,7/11/2020,864,423,10239,3
trissur,8/11/2020,641,834,10036,10
trissur,9/11/2020,430,904,9562,0
trissur,13-11-2020,677,866,8673,3
trissur,14-11-2020,759,431,8996,5
trissur,15-11-2020,425,892,8525,4
trissur,16-11-2020,228,647,8106,0
trissur,17-11-2020,667,723,8047,3
trissur,18-11-2020,703,793,7950,7
trissur,19-11-2020,631,836,7741,4
trissur,20-11-2020,653,803,7584,7
trissur,21-11-2020,483,680,7386,1
trissur,22-11-2020,543,417,7506,6
trissur,23-11-2020,278,674,7106,4
trissur,24-11-2020,556,924,6735,3
trissur,25-11-2020,652,631,6752,4
trissur,26-11-2020,573,589,6730,6
trissur,27-11-2020,525,826,6424,5
trissur,28-11-2020,647,405,6660,5
trissur,29-11-2020,525,293,6886,6
trissur,30-11-2020,250,659,6471,6
trissur,1/12/2020,630,683,6414,4
trissur,2/12/2020,655,537,6531,1
trissur,3/12/2020,647,734,6440,4
trissur,4/12/2020,528,377,6589,2
trissur,5/12/2020,536,590,6523,11
trissur,6/12/2020,476,270,6726,3
trissur,7/12/2020,304,563,6463,4
trissur,8/12/2020,625,700,6382,6
trissur,9/12/2020,511,470,6418,5
trissur,13-12-2020,438,276,6054,3
trissur,14-12-2020,268,575,5747,0
trissur,15-12-2020,712,706,5748,5
trissur,16-12-2020,585,550,5781,2
trissur,17-12-2020,457,440,5798,0
trissur,18-12-2020,630,577,5850,1
trissur,19-12-2020,656,442,6064,0
trissur,20-12-2020,408,279,6189,4
trissur,21-12-2020,259,590,5854,3
trissur,22-12-2020,747,606,5994,1
trissur,23-12-2020,564,420,6138,0
trissur,24-12-2020,591,292,6434,3
trissur,25-12-2020,374,594,6214,0
trissur,26-12-2020,377,391,6200,0
trissur,27-12-2020,384,257,6326,1
trissur,28-12-2020,294,676,5944,0
trissur,29-12-2020,649,604,5982,7
trissur,30-12-2020,450,451,5980,1
trissur,31-12-2020,515,590,5900,5
trissur,1/1/2021,436,637,5698,0
trissur,2/1/2021,414,418,5690,4
trissur,3/1/2021,328,277,5737,4
trissur,4/1/2021,281,677,5339,2
trissur,5/1/2021,616,520,5434,1
trissur,6/1/2021,502,542,5392,1
trissur,7/1/2021,432,395,5427,2
trissur,8/1/2021,500,366,5557,4
trissur,9/1/2021,403,403,5557,0
trissur,10/1/2021,335,303,5587,2
trissur,11/1/2021,168,563,5190,2
trissur,12/1/2021,479,432,5235,2
trissur,13-01-2021,437,518,5151,3
trissur,14-01-2021,446,402,5195,0
trissur,15-01-2021,499,426,5266,2
trissur,16-01-2021,421,367,5319,1
trissur,17-01-2021,262,433,5146,2
trissur,18-01-2021,182,605,4722,1
trissur,19-01-2021,540,329,4928,5
trissur,20-01-2021,441,442,4927,0
trissur,21-01-2021,468,402,4989,4
trissur,22-01-2021,547,463,5070,2
trissur,23-01-2021,401,412,5057,2
trissur,24-01-2021,436,383,5106,4
trissur,25-01-2021,301,222,5185,0
trissur,26-01-2021,579,485,5277,2
trissur,27-01-2021,336,428,5184,0
trissur,28-01-2021,424,612,4992,4
trissur,29-01-2021,497,588,4900,1
trissur,30-01-2021,524,524,4892,7
trissur,31-01-2021,378,484,4786,0
trissur,1/2/2021,263,523,4524,1
trissur,2/2/2021,565,437,4652,0
trissur,3/2/2021,479,559,4571,1
trissur,4/2/2021,481,439,4611,2
trissur,5/2/2021,495,494,4612,0
trissur,6/2/2021,448,451,4609,0
trissur,7/2/2021,421,398,4631,1
trissur,8/2/2021,288,483,4433,3
trissur,9/2/2021,498,506,4423,2
trissur,10/2/2021,540,440,4522,1
trissur,11/2/2021,375,373,4523,1
trissur,12/2/2021,472,414,4580,1
trissur,13-02-2021,553,477,4653,3
trissur,14-02-2021,377,452,4575,3
trissur,15-02-2021,173,477,4268,3
trissur,16-02-2021,503,494,4276,1
trissur,17-02-2021,442,426,4289,3
trissur,18-02-2021,346,340,4293,2
trissur,19-02-2021,336,430,4197,2
trissur,20-02-2021,503,404,4292,3
trissur,21-02-2021,361,450,4200,2
trissur,22-02-2021,141,395,3945,1
trissur,23-02-2021,386,351,3979,1
trissur,24-02-2021,341,362,3958,0
trissur,25-02-2021,260,366,3850,2
trissur,26-02-2021,490,276,4063,1
trissur,27-02-2021,416,385,4092,2
trissur,28-02-2021,201,355,3934,4
trissur,1/3/2021,107,272,3765,4
trissur,2/3/2021,354,339,3774,5
trissur,3/3/2021,242,307,3707,2
trissur,4/3/2021,248,357,3596,2
trissur,5/3/2021,283,308,3568,3
trissur,6/3/2021,231,232,3565,2
trissur,7/3/2021,213,462,3315,1
trissur,8/3/2021,90,304,3101,0
trissur,9/3/2021,244,272,3071,2
trissur,10/3/2021,195,264,2998,4
trissur,11/3/2021,172,241,2927,2
trissur,12/3/2021,197,245,2878,1
trissur,13-03-2021,153,436,2592,3
trissur,14-03-2021,108,243,2455,2
trissur,15-03-2021,70,225,2299,1
trissur,16-03-2021,166,216,2249,0
trissur,17-03-2021,137,202,2182,2
trissur,18-03-2021,131,200,2107,6
trissur,19-03-2021,203,244,2065,1
trissur,20-03-2021,166,248,1980,3
trissur,21-03-2021,173,199,1954,0
trissur,22-03-2021,89,215,1827,1
trissur,23-03-2021,196,211,1810,2
trissur,24-03-2021,195,219,1782,3
trissur,25-03-2021,94,185,1690,1
trissur,26-03-2021,137,139,1686,2
trissur,27-03-2021,198,196,1688,0
trissur,28-03-2021,176,155,1708,1
trissur,29-03-2021,88,201,1595,0
trissur,30-03-2021,208,147,1654,2
trissur,31-03-2021,170,199,1625,0
trissur,1/4/2021,240,181,1683,1
trissur,2/4/2021,182,184,1680,1
trissur,3/4/2021,201,163,1716,2
trissur,4/4/2021,210,171,1754,1
trissur,5/4/2021,176,164,1766,0
trissur,6/4/2021,282,186,1862,0
trissur,7/4/2021,280,175,1967,0
trissur,8/4/2021,393,202,2156,2
trissur,9/4/2021,414,207,2361,2
trissur,10/4/2021,530,218,2670,3
trissur,11/4/2021,423,205,2887,1
trissur,12/4/2021,320,207,2998,2
trissur,13-04-2021,690,186,3502,0
trissur,14-04-2021,544,249,3792,5
trissur,15-04-2021,704,234,4262,0
trissur,16-04-2021,737,245,4753,1
trissur,17-04-2021,1149,348,5550,4
trissur,18-04-2021,1780,428,6896,6
trissur,19-04-2021,1388,502,7780,2
trissur,20-04-2021,1868,521,9121,6
trissur,21-04-2021,2293,452,10961,1
trissur,22-04-2021,2781,579,13159,4
trissur,23-04-2021,2952,614,15492,5
trissur,24-04-2021,2584,684,17391,1
trissur,25-04-2021,2871,769,19488,5
trissur,26-04-2021,2416,861,21040,3
trissur,27-04-2021,3097,1302,22835,0
trissur,28-04-2021,4107,1152,25782,8
trissur,29-04-2021,3954,1361,28366,9
trissur,30-04-2021,4281,1283,31360,4
trissur,1/5/2021,4070,1467,33942,21
trissur,2/5/2021,3942,1242,36628,14
trissur,3/5/2021,2621,1486,37756,7
trissur,4/5/2021,3567,1686,39637,0
trissur,5/5/2021,3731,1532,41822,14
trissur,6/5/2021,3587,1519,43884,6
trissur,7/5/2021,3738,1837,45779,6
trissur,8/5/2021,4230,1686,48310,13
trissur,9/5/2021,3753,1929,50118,16
trissur,10/5/2021,3280,2076,51315,7
trissur,11/5/2021,3282,2161,52425,11
trissur,12/5/2021,3994,2319,54080,20
trissur,13-05-2021,3587,2403,55254,9
trissur,14-05-2021,3162,2679,55712,25
trissur,15-05-2021,3334,2742,56292,12
trissur,16-05-2021,3056,2989,56345,14
trissur,17-05-2021,2045,17884,40498,8
trissur,18-05-2021,2312,4898,37893,19
trissur,19-05-2021,2888,4844,35937,0
trissur,20-05-2021,2231,7332,30825,11
trissur,21-05-2021,2481,6814,26490,2
trissur,22-05-2021,2404,7353,21528,12
trissur,23-05-2021,2506,4874,19149,11
trissur,24-05-2021,1430,6501,14015,62
trissur,25-05-2021,2147,2489,13663,9
trissur,26-05-2021,2209,1827,14038,7
trissur,27-05-2021,1938,1531,14411,33
trissur,28-05-2021,1726,2073,14046,18
trissur,29-05-2021,1707,2574,13163,16
trissur,30-05-2021,2034,2403,12777,17
trissur,31-05-2021,1055,2437,11361,34
trissur,1/6/2021,1598,2157,10786,15
trissur,2/6/2021,1401,1706,10454,26
trissur,3/6/2021,1766,1634,10562,24
trissur,4/6/2021,1510,1726,10342,4
trissur,5/6/2021,1582,1537,10365,22
trissur,6/6/2021,1417,1472,10299,11
trissur,7/6/2021,925,1325,9876,23
trissur,8/6/2021,1213,1128,9957,4
trissur,9/6/2021,1447,1212,10179,13
trissur,10/6/2021,1359,1254,10272,12
trissur,11/6/2021,1291,1222,10327,14
trissur,12/6/2021,1319,1263,10367,16
trissur,13-06-2021,1373,1227,10498,14
trissur,14-06-2021,770,1147,10109,12
trissur,15-06-2021,1095,837,10364,3
trissur,16-06-2021,1162,1130,10380,16
trissur,17-06-2021,1157,1189,10346,2
trissur,18-06-2021,972,1084,10231,3
trissur,19-06-2021,1422,935,10714,4
trissur,20-06-2021,1113,1251,10559,17
trissur,21-06-2021,820,1907,9464,8
trissur,22-06-2021,1298,1272,9479,11
trissur,23-06-2021,1210,1303,9380,6
trissur,24-06-2021,1025,1185,9208,12
trissur,25-06-2021,1134,1133,9199,10
trissur,26-06-2021,1311,1194,9308,8
trissur,27-06-2021,941,1158,9086,5
trissur,28-06-2021,944,1108,8916,6
trissur,29-06-2021,1483,1162,9223,14
trissur,30-06-2021,1500,1176,9525,22
trissur,1/7/2021,1304,1386,9427,16
trissur,2/7/2021,1175,1154,9423,25
trissur,3/7/2021,1450,1856,9008,9
trissur,4/7/2021,1240,1528,8717,3
trissur,5/7/2021,922,1513,8118,8
trissur,6/7/2021,1363,1452,8011,18
trissur,7/7/2021,1724,1209,8518,8
trissur,8/7/2021,1403,1206,8700,15
trissur,9/7/2021,1344,1243,8789,12
trissur,10/7/2021,1705,1254,9226,14
trissur,11/7/2021,1307,1334,9199,0
trissur,12/7/2021,1092,1222,9053,16
trissur,13-07-2021,1364,1326,9083,8
trissur,14-07-2021,1704,1353,9417,17
trissur,15-07-2021,1405,1567,9240,15
trissur,16-07-2021,1558,1551,9228,19
trissur,17-07-2021,1758,1432,9539,15
trissur,18-07-2021,1486,1539,9475,11
trissur,19-07-2021,996,1429,9034,8
trissur,20-07-2021,1929,1479,9468,16
trissur,21-07-2021,1983,1583,9855,13
trissur,22-07-2021,1605,1888,9558,14
trissur,23-07-2021,2023,1826,9736,19
trissur,24-07-2021,2498,1970,10251,13
trissur,25-07-2021,2190,2006,10425,10
trissur,26-07-2021,1498,2022,9896,5
trissur,27-07-2021,2623,2016,10486,17
trissur,28-07-2021,3005,2034,11447,10
trissur,29-07-2021,2752,2713,11469,17
trissur,30-07-2021,2287,2659,11084,13
trissur,31-07-2021,2693,2432,11331,14
trissur,1/8/2021,2689,2256,11764,0
trissur,2/8/2021,2350,2313,11772,29
trissur,3/8/2021,2908,2293,12364,23
trissur,4/8/2021,2912,2651,12612,13
trissur,5/8/2021,2921,2605,12914,14
trissur,6/8/2021,2167,2584,12473,24
trissur,7/8/2021,2500,2418,12540,15
trissur,8/8/2021,2472,2815,12197,0
trissur,9/8/2021,1762,2717,11214,28
trissur,10/8/2021,2231,2694,10736,15
trissur,11/8/2021,3124,2602,11239,19
trissur,12/8/2021,2465,2847,10839,18
trissur,13-08-2021,2384,2679,10527,17
trissur,14-08-2021,2475,2551,10444,7
trissur,15-08-2021,2423,2536,10314,17
trissur,16-08-2021,1394,2483,9208,17
trissur,17-08-2021,2470,2468,9193,17
trissur,18-08-2021,2307,2530,8949,21
trissur,19-08-2021,2873,2542,9251,29
trissur,20-08-2021,2795,2492,9543,11
trissur,21-08-2021,2027,2433,9137,0
trissur,22-08-2021,1007,2289,7836,19
trissur,23-08-2021,1828,2117,7537,10
trissur,24-08-2021,3046,2476,8076,31
trissur,25-08-2021,3865,2517,9390,34
trissur,26-08-2021,3157,2204,10324,19
trissur,27-08-2021,3953,2490,11751,36
trissur,28-08-2021,3957,2521,13168,19
trissur,29-08-2021,3965,2359,14758,16
trissur,30-08-2021,3177,2662,15262,11
trissur,31-08-2021,2806,2602,15447,19
trissur,1/9/2021,4425,2597,17250,25
trissur,2/9/2021,4334,2700,18865,19
trissur,3/9/2021,3530,2803,19574,18
trissur,4/9/2021,3474,2791,20235,22
trissur,5/9/2021,3214,2696,20753,0
trissur,6/9/2021,3120,2528,21319,26
trissur,7/9/2021,2557,2776,21068,32
trissur,8/9/2021,3832,2698,22179,23
trissur,9/9/2021,3279,2812,22627,19
trissur,10/9/2021,3226,2833,23005,15
trissur,11/9/2021,2812,2878,22914,25
trissur,12/9/2021,2451,2845,22520,0
trissur,13-09-2021,2158,2790,21870,18
trissur,14-09-2021,1936,2843,20957,6
trissur,15-09-2021,1567,2807,19690,27
trissur,16-09-2021,3252,2992,19932,18
trissur,17-09-2021,4013,2928,20988,29
trissur,18-09-2021,2329,2640,20657,20
trissur,19-09-2021,2620,2584,20681,12
trissur,20-09-2021,2504,2369,20798,18
trissur,21-09-2021,1843,2448,20168,25
trissur,22-09-2021,2266,2386,20033,15
trissur,23-09-2021,3033,2455,20584,27
trissur,24-09-2021,2784,2587,20749,32
trissur,25-09-2021,1801,2496,20024,30
trissur,26-09-2021,1855,4764,17106,9
trissur,27-09-2021,1667,4496,14264,13
trissur,28-09-2021,1271,3706,11809,20
trissur,29-09-2021,1541,3976,9344,30
trissur,30-09-2021,1918,2572,8667,23
trissur,1/10/2021,1823,2203,8274,13
trissur,2/10/2021,1579,2002,7842,9
trissur,3/10/2021,1552,1738,7656,0
trissur,4/10/2021,1077,1273,7450,10
trissur,5/10/2021,1367,1432,7375,10
trissur,6/10/2021,1110,1420,7052,13
trissur,7/10/2021,1698,1846,6895,9
trissur,8/10/2021,1311,1433,6756,17
trissur,9/10/2021,930,1421,6257,8
trissur,13-10-2021,1111,1374,5365,17
trissur,14-10-2021,1045,1354,5041,15
trissur,15-10-2021,1091,1296,4831,5
trissur,16-10-2021,812,1304,4331,8
trissur,17-10-2021,998,1172,4143,14
trissur,18-10-2021,732,1602,3267,6
trissur,19-10-2021,1017,1247,3027,10
trissur,20-10-2021,1168,1137,3055,3
trissur,21-10-2021,1031,1181,2890,15
trissur,22-10-2021,910,1121,2639,40
trissur,23-10-2021,1105,1034,2703,7
trissur,24-10-2021,852,1085,2462,8
trissur,25-10-2021,560,953,2050,19
trissur,26-10-2021,974,963,1955,106
trissur,27-10-2021,952,987,1758,162
trissur,28-10-2021,836,145,2445,4
trissur,29-10-2021,847,440,2841,11
trissur,30-10-2021,829,121,3522,27
trissur,31-10-2021,753,38,4178,59
trissur,1/11/2021,537,107,4581,27
trissur,2/11/2021,780,107,5247,7
trissur,3/11/2021,649,1472,4280,144
trissur,4/11/2021,875,110,5045,0
trissur,5/11/2021,743,27,5726,35
trissur,6/11/2021,724,119,6329,2
trissur,7/11/2021,726,74,6981,0
trissur,8/11/2021,569,25,7518,7
trissur,9/11/2021,734,98,8148,6
trissur,13-11-2021,772,854,5084,1
trissur,14-11-2021,637,869,4852,0
trissur,15-11-2021,484,781,4554,1
trissur,16-11-2021,732,658,4626,2
trissur,17-11-2021,760,1014,4287,85
trissur,18-11-2021,591,612,4103,163
trissur,19-11-2021,530,794,3835,4
trissur,20-11-2021,722,507,4049,1
trissur,21-11-2021,521,938,3632,0
trissur,22-11-2021,247,858,2987,34
trissur,23-11-2021,619,514,3084,8
trissur,24-11-2021,428,764,2745,3
trissur,25-11-2021,450,445,2749,1
trissur,26-11-2021,485,695,2422,117
trissur,27-11-2021,509,512,2313,106
trissur,28-11-2021,434,479,2268,0
trissur,29-11-2021,237,632,1865,8
trissur,30-11-2021,492,656,1694,7
trissur,1/12/2021,526,390,1824,6
trissur,2/12/2021,395,390,1742,87
trissur,3/12/2021,511,502,1681,70
trissur,4/12/2021,489,433,1734,3
trissur,5/12/2021,345,355,1724,0
trissur,6/12/2021,262,598,1387,1
trissur,7/12/2021,468,464,1388,3
trissur,8/12/2021,425,343,1469,1
trissur,9/12/2021,341,344,1463,3
trissur,13-12-2021,136,242,885,9
trissur,14-12-2021,306,384,804,3
trissur,15-12-2021,342,222,915,9
trissur,16-12-2021,269,353,827,4
trissur,17-12-2021,263,481,519,90
trissur,18-12-2021,315,262,527,45
trissur,19-12-2021,203,361,368,1
trissur,20-12-2021,120,349,138,1
trissur,21-12-2021,244,363,19,0
trissur,22-12-2021,194,186,23,4
trissur,5/1/2022,376,62,118,0
trissur,6/1/2022,471,82,507,0
trissur,7/1/2022,437,261,680,3
trissur,8/1/2022,561,153,1000,88
trissur,9/1/2022,407,93,1302,12
trissur,10/1/2022,389,306,1384,1
trissur,11/1/2022,943,42,2285,0
trissur,12/1/2022,989,108,3163,3
trissur,13-01-2022,1067,145,4039,46
trissur,14-01-2022,1389,185,5206,37
trissur,15-01-2022,1731,201,6736,0
trissur,16-01-2022,1700,276,8160,0
trissur,17-01-2022,1861,402,9618,1
trissur,18-01-2022,2622,209,12030,1
trissur,19-01-2022,3604,904,14726,4
trissur,20-01-2022,3627,1072,17228,53
trissur,21-01-2022,3667,1432,19460,3
trissur,22-01-2022,5120,3041,21536,3
trissur,23-01-2022,2779,5086,19223,6
trissur,24-01-2022,2687,1802,20108,0
trissur,25-01-2022,5520,1515,24111,2
trissur,26-01-2022,4449,3600,24960,0
trissur,27-01-2022,3934,4989,23893,12
trissur,28-01-2022,6082,4033,25937,5
trissur,29-01-2022,3822,5905,23794,60
trissur,30-01-2022,7289,1012,29982,89
trissur,31-01-2022,6177,4538,31493,128
trissur,1/2/2022,7306,3910,34873,16
trissur,2/2/2022,4843,2010,37691,15
trissur,3/2/2022,3186,3912,36806,159
trissur,4/2/2022,3426,1034,39044,154
trissur,5/2/2022,2729,2704,39042,27
trissur,6/2/2022,2554,3982,37508,106
trissur,7/2/2022,1780,7038,32219,31
trissur,8/2/2022,1921,6993,27125,22
trissur,9/2/2022,1790,7307,21570,38
trissur,10/2/2022,1532,5283,17807,12
trissur,11/2/2022,1357,3132,15956,76
trissur,12/2/2022,1061,3699,13204,114
trissur,13-02-2022,844,2432,11585,31
trissur,14-02-2022,625,2604,9603,3
trissur,15-02-2022,926,2280,8234,15
trissur,16-02-2022,828,1402,7621,39
trissur,17-02-2022,746,1832,6476,59
trissur,18-02-2022,692,1631,5522,15
trissur,19-02-2022,542,1532,4520,12
trissur,20-02-2022,386,1169,3728,9
trissur,21-02-2022,333,1112,2947,2
trissur,22-02-2022,479,595,2822,9
trissur,23-02-2022,337,999,2138,22
trissur,24-02-2022,315,912,1497,44
trissur,25-02-2022,228,672,1048,5
trissur,26-02-2022,235,714,556,13
trissur,27-02-2022,205,522,239,0
palakkad,24-03-2020,1,0,1,0
palakkad,25-03-2020,2,0,3,0
palakkad,28-03-2020,1,0,4,0
palakkad,29-03-2020,1,0,5,0
palakkad,1/4/2020,1,0,6,0
palakkad,4/4/2020,1,0,7,0
palakkad,11/4/2020,0,4,3,0
palakkad,13-04-2020,1,0,4,0
palakkad,14-04-2020,0,2,2,0
palakkad,21-04-2020,4,0,6,0
palakkad,22-04-2020,0,1,5,0
palakkad,27-04-2020,1,0,6,0
palakkad,30-04-2020,0,4,2,0
palakkad,4/5/2020,0,1,1,0
palakkad,10/5/2020,0,1,0,0
palakkad,11/5/2020,1,0,1,0
palakkad,13-05-2020,2,0,3,0
palakkad,14-05-2020,3,0,6,0
palakkad,15-05-2020,1,0,7,0
palakkad,16-05-2020,2,0,9,0
palakkad,17-05-2020,2,0,11,0
palakkad,18-05-2020,1,0,12,0
palakkad,19-05-2020,1,0,13,0
palakkad,20-05-2020,7,0,20,0
palakkad,21-05-2020,1,0,21,0
palakkad,22-05-2020,5,0,26,0
palakkad,23-05-2020,19,0,45,0
palakkad,24-05-2020,4,0,49,0
palakkad,25-05-2020,5,0,54,0
palakkad,26-05-2020,29,2,81,0
palakkad,27-05-2020,8,0,89,0
palakkad,28-05-2020,16,0,105,0
palakkad,29-05-2020,14,0,119,0
palakkad,30-05-2020,9,0,128,0
palakkad,31-05-2020,12,0,140,0
palakkad,1/6/2020,2,1,141,0
palakkad,2/6/2020,5,0,146,0
palakkad,3/6/2020,5,0,151,0
palakkad,4/6/2020,7,13,144,1
palakkad,5/6/2020,40,0,183,0
palakkad,6/6/2020,11,30,164,0
palakkad,7/6/2020,6,7,163,0
palakkad,8/6/2020,1,2,162,0
palakkad,9/6/2020,14,0,176,0
palakkad,10/6/2020,6,0,182,0
palakkad,11/6/2020,13,13,182,0
palakkad,12/6/2020,5,6,181,0
palakkad,13-06-2020,8,9,180,0
palakkad,14-06-2020,6,27,159,0
palakkad,15-06-2020,7,12,154,0
palakkad,16-06-2020,6,9,151,0
palakkad,17-06-2020,6,24,133,0
palakkad,18-06-2020,14,11,136,0
palakkad,19-06-2020,10,13,133,0
palakkad,20-06-2020,23,10,146,0
palakkad,21-06-2020,15,1,160,0
palakkad,22-06-2020,16,12,164,0
palakkad,23-06-2020,27,0,191,0
palakkad,24-06-2020,16,1,206,0
palakkad,25-06-2020,24,5,225,0
palakkad,26-06-2020,23,2,246,0
palakkad,27-06-2020,25,5,266,0
palakkad,28-06-2020,4,4,266,0
palakkad,29-06-2020,12,3,275,0
palakkad,30-06-2020,17,7,285,0
palakkad,1/7/2020,17,11,291,0
palakkad,2/7/2020,18,54,255,0
palakkad,3/7/2020,14,68,201,0
palakkad,4/7/2020,29,45,185,0
palakkad,5/7/2020,29,8,206,0
palakkad,6/7/2020,8,33,181,0
palakkad,7/7/2020,29,23,187,0
palakkad,8/7/2020,25,9,203,0
palakkad,9/7/2020,50,17,236,0
palakkad,10/7/2020,28,8,256,0
palakkad,11/7/2020,48,7,297,0
palakkad,12/7/2020,59,16,340,0
palakkad,13-07-2020,19,25,334,0
palakkad,14-07-2020,26,49,311,0
palakkad,15-07-2020,19,55,275,0
palakkad,16-07-2020,25,72,228,0
palakkad,17-07-2020,31,0,259,0
palakkad,18-07-2020,49,27,281,0
palakkad,19-07-2020,81,11,351,0
palakkad,20-07-2020,49,94,306,0
palakkad,21-07-2020,46,34,318,0
palakkad,22-07-2020,34,15,337,0
palakkad,23-07-2020,51,45,343,0
palakkad,24-07-2020,58,63,338,0
palakkad,25-07-2020,35,24,348,1
palakkad,26-07-2020,42,5,385,0
palakkad,27-07-2020,41,9,417,0
palakkad,28-07-2020,86,40,463,0
palakkad,29-07-2020,49,19,493,0
palakkad,30-07-2020,4,36,461,0
palakkad,31-07-2020,83,111,433,0
palakkad,1/8/2020,47,42,438,0
palakkad,2/8/2020,38,29,447,0
palakkad,3/8/2020,59,67,438,0
palakkad,4/8/2020,50,56,432,0
palakkad,5/8/2020,41,13,460,0
palakkad,6/8/2020,136,41,555,0
palakkad,7/8/2020,123,33,645,0
palakkad,8/8/2020,39,46,638,0
palakkad,9/8/2020,78,80,636,0
palakkad,10/8/2020,147,102,681,0
palakkad,11/8/2020,141,40,782,0
palakkad,12/8/2020,81,86,777,0
palakkad,13-08-2020,202,67,912,0
palakkad,14-08-2020,180,91,1001,0
palakkad,15-08-2020,74,92,983,0
palakkad,16-08-2020,29,107,905,0
palakkad,17-08-2020,137,54,989,0
palakkad,18-08-2020,51,82,957,1
palakkad,19-08-2020,65,103,919,0
palakkad,20-08-2020,65,91,893,0
palakkad,21-08-2020,83,144,832,0
palakkad,22-08-2020,184,89,927,0
palakkad,23-08-2020,39,250,716,0
palakkad,24-08-2020,99,120,695,0
palakkad,25-08-2020,152,119,728,0
palakkad,26-08-2020,86,66,748,0
palakkad,27-08-2020,195,56,887,0
palakkad,28-08-2020,127,93,921,0
palakkad,29-08-2020,133,74,980,0
palakkad,30-08-2020,45,64,961,0
palakkad,31-08-2020,42,114,889,0
palakkad,1/9/2020,42,153,778,0
palakkad,2/9/2020,30,98,710,0
palakkad,3/9/2020,58,68,699,1
palakkad,4/9/2020,42,93,648,0
palakkad,5/9/2020,100,112,636,0
palakkad,6/9/2020,162,95,703,0
palakkad,7/9/2020,118,95,726,0
palakkad,8/9/2020,226,59,893,0
palakkad,9/9/2020,131,87,937,0
palakkad,10/9/2020,194,33,1098,0
palakkad,11/9/2020,109,46,1160,1
palakkad,12/9/2020,184,39,1303,2
palakkad,13-09-2020,233,66,1469,1
palakkad,14-09-2020,175,93,1548,3
palakkad,15-09-2020,136,120,1563,1
palakkad,16-09-2020,220,117,1660,6
palakkad,17-09-2020,241,114,1787,0
palakkad,18-09-2020,268,118,1936,1
palakkad,19-09-2020,349,130,2153,2
palakkad,20-09-2020,289,145,2296,1
palakkad,21-09-2020,167,171,2289,3
palakkad,22-09-2020,242,235,2295,1
palakkad,23-09-2020,278,150,2423,0
palakkad,24-09-2020,353,114,2662,0
palakkad,25-09-2020,419,223,2858,0
palakkad,26-09-2020,547,223,3182,0
palakkad,27-09-2020,488,206,3462,2
palakkad,28-09-2020,378,200,3640,0
palakkad,29-09-2020,374,269,3743,2
palakkad,30-09-2020,631,206,4160,8
palakkad,1/10/2020,513,113,4560,0
palakkad,2/10/2020,633,221,4972,0
palakkad,3/10/2020,496,186,5282,0
palakkad,4/10/2020,496,217,5560,1
palakkad,5/10/2020,281,327,5514,0
palakkad,6/10/2020,520,276,5758,0
palakkad,7/10/2020,650,337,6071,0
palakkad,8/10/2020,285,407,5949,0
palakkad,9/10/2020,672,315,6306,0
palakkad,13-10-2020,606,385,6745,0
palakkad,14-10-2020,364,449,6660,0
palakkad,15-10-2020,354,441,6573,0
palakkad,16-10-2020,648,322,6899,0
palakkad,17-10-2020,688,343,7244,0
palakkad,18-10-2020,342,275,7305,6
palakkad,19-10-2020,271,347,7229,0
palakkad,20-10-2020,403,271,7361,0
palakkad,21-10-2020,417,373,7403,2
palakkad,22-10-2020,465,239,7629,0
palakkad,23-10-2020,531,239,7921,0
palakkad,24-10-2020,457,459,7919,0
palakkad,25-10-2020,374,419,7874,0
palakkad,26-10-2020,276,454,7695,1
palakkad,27-10-2020,337,188,7843,1
palakkad,28-10-2020,449,735,7555,2
palakkad,29-10-2020,369,568,7356,0
palakkad,30-10-2020,482,286,7552,0
palakkad,31-10-2020,496,458,7588,2
palakkad,1/11/2020,435,390,7631,2
palakkad,2/11/2020,286,463,7453,1
palakkad,3/11/2020,431,1375,6509,0
palakkad,4/11/2020,453,583,6378,1
palakkad,5/11/2020,372,324,6425,1
palakkad,6/11/2020,464,327,6562,0
palakkad,7/11/2020,465,286,6741,0
palakkad,8/11/2020,306,172,6874,0
palakkad,9/11/2020,225,429,6670,0
palakkad,13-11-2020,438,338,6743,2
palakkad,14-11-2020,467,484,6726,0
palakkad,15-11-2020,416,340,6799,3
palakkad,16-11-2020,185,973,6010,1
palakkad,17-11-2020,380,820,5569,1
palakkad,18-11-2020,377,624,5322,0
palakkad,19-11-2020,496,406,5411,0
palakkad,20-11-2020,573,497,5487,0
palakkad,21-11-2020,478,590,5371,3
palakkad,22-11-2020,468,426,5413,0
palakkad,23-11-2020,331,583,5160,1
palakkad,24-11-2020,453,443,5168,2
palakkad,25-11-2020,463,349,5280,2
palakkad,26-11-2020,376,461,5194,1
palakkad,27-11-2020,351,228,5317,0
palakkad,28-11-2020,491,379,5429,0
palakkad,29-11-2020,394,338,5485,0
palakkad,30-11-2020,242,482,5245,0
palakkad,1/12/2020,323,493,5075,0
palakkad,2/12/2020,427,371,5131,0
palakkad,3/12/2020,375,397,5109,0
palakkad,4/12/2020,447,444,5112,0
palakkad,5/12/2020,399,405,5105,1
palakkad,6/12/2020,341,397,5049,0
palakkad,7/12/2020,202,323,4928,0
palakkad,8/12/2020,328,383,4871,1
palakkad,9/12/2020,343,437,4776,0
palakkad,13-12-2020,307,381,4802,1
palakkad,14-12-2020,190,291,4694,7
palakkad,15-12-2020,349,338,4704,1
palakkad,16-12-2020,401,331,4772,1
palakkad,17-12-2020,306,277,4801,0
palakkad,18-12-2020,365,205,4961,0
palakkad,19-12-2020,390,238,5107,6
palakkad,20-12-2020,247,267,5083,4
palakkad,21-12-2020,305,226,5161,1
palakkad,22-12-2020,303,265,5198,1
palakkad,23-12-2020,367,356,5208,1
palakkad,24-12-2020,313,272,5249,0
palakkad,25-12-2020,303,200,5352,0
palakkad,26-12-2020,156,297,5211,0
palakkad,27-12-2020,230,327,5114,0
palakkad,28-12-2020,209,301,5020,2
palakkad,29-12-2020,249,379,4887,3
palakkad,30-12-2020,338,333,4890,2
palakkad,31-12-2020,225,229,4880,6
palakkad,1/1/2021,226,246,4860,0
palakkad,2/1/2021,240,274,4824,2
palakkad,3/1/2021,218,306,4736,0
palakkad,4/1/2021,135,258,4612,1
palakkad,5/1/2021,259,251,4620,0
palakkad,6/1/2021,255,153,4718,4
palakkad,7/1/2021,239,210,4747,0
palakkad,8/1/2021,267,207,4802,5
palakkad,9/1/2021,217,179,4837,3
palakkad,10/1/2021,175,249,4762,1
palakkad,11/1/2021,176,201,4734,3
palakkad,12/1/2021,201,227,4707,1
palakkad,14-01-2021,210,194,4722,1
palakkad,13-01-2021,225,212,4735,0
palakkad,15-01-2021,209,133,4810,0
palakkad,16-01-2021,348,218,4939,1
palakkad,17-01-2021,176,221,4894,0
palakkad,18-01-2021,152,186,4859,1
palakkad,19-01-2021,242,198,4903,0
palakkad,20-01-2021,237,199,4941,0
palakkad,21-01-2021,241,123,5059,0
palakkad,22-01-2021,284,141,5201,1
palakkad,23-01-2021,234,178,5248,9
palakkad,24-01-2021,208,268,5188,0
palakkad,25-01-2021,162,145,5205,0
palakkad,26-01-2021,259,185,5279,0
palakkad,27-01-2021,185,175,5289,0
palakkad,28-01-2021,236,148,5377,0
palakkad,29-01-2021,259,821,4815,0
palakkad,30-01-2021,256,865,4206,0
palakkad,31-01-2021,211,429,3982,5
palakkad,1/2/2021,145,273,3854,0
palakkad,2/2/2021,251,350,3755,0
palakkad,3/2/2021,275,254,3776,0
palakkad,4/2/2021,217,289,3703,1
palakkad,5/2/2021,219,203,3719,0
palakkad,6/2/2021,235,252,3702,0
palakkad,7/2/2021,159,252,3609,0
palakkad,8/2/2021,102,192,3519,0
palakkad,9/2/2021,186,201,3504,0
palakkad,10/2/2021,191,196,3499,0
palakkad,11/2/2021,227,142,3584,0
palakkad,12/2/2021,149,153,3580,0
palakkad,13-02-2021,153,185,3547,1
palakkad,14-02-2021,169,302,3414,0
palakkad,15-02-2021,83,174,3323,0
palakkad,16-02-2021,217,185,3355,0
palakkad,17-02-2021,140,190,3304,1
palakkad,18-02-2021,130,168,3264,1
palakkad,19-02-2021,160,107,3317,0
palakkad,20-02-2021,193,164,3346,0
palakkad,21-02-2021,129,183,3292,0
palakkad,22-02-2021,68,151,3209,0
palakkad,23-02-2021,147,124,3232,0
palakkad,24-02-2021,109,343,2998,0
palakkad,25-02-2021,112,132,2978,0
palakkad,26-02-2021,130,173,2934,1
palakkad,27-02-2021,115,160,2889,0
palakkad,28-02-2021,88,188,2789,0
palakkad,1/3/2021,56,135,2710,0
palakkad,2/3/2021,99,129,2680,0
palakkad,3/3/2021,101,111,2670,0
palakkad,4/3/2021,81,81,2670,0
palakkad,5/3/2021,89,131,2628,0
palakkad,6/3/2021,102,150,2580,0
palakkad,7/3/2021,78,103,2555,0
palakkad,8/3/2021,55,106,2504,0
palakkad,9/3/2021,77,266,2313,2
palakkad,10/3/2021,57,130,2240,0
palakkad,11/3/2021,88,57,2271,0
palakkad,12/3/2021,67,64,2274,0
palakkad,13-03-2021,80,56,2298,0
palakkad,14-03-2021,39,158,2179,0
palakkad,15-03-2021,50,83,2146,0
palakkad,16-03-2021,69,62,2153,0
palakkad,17-03-2021,75,101,2127,0
palakkad,18-03-2021,67,60,2134,0
palakkad,19-03-2021,98,85,2147,0
palakkad,20-03-2021,68,76,2139,0
palakkad,21-03-2021,77,112,2104,0
palakkad,22-03-2021,59,96,2067,0
palakkad,23-03-2021,79,79,2067,0
palakkad,24-03-2021,101,103,2065,0
palakkad,25-03-2021,72,45,2092,0
palakkad,26-03-2021,65,74,2083,0
palakkad,27-03-2021,103,65,2121,0
palakkad,28-03-2021,63,85,2099,0
palakkad,29-03-2021,88,51,2136,0
palakkad,30-03-2021,91,74,2153,0
palakkad,31-03-2021,84,83,2154,0
palakkad,1/4/2021,113,49,2218,0
palakkad,2/4/2021,103,57,2264,0
palakkad,3/4/2021,115,54,2325,0
palakkad,4/4/2021,133,74,2384,0
palakkad,5/4/2021,113,53,2444,0
palakkad,6/4/2021,172,62,2552,2
palakkad,7/4/2021,170,69,2653,0
palakkad,8/4/2021,190,60,2783,0
palakkad,9/4/2021,252,170,2861,4
palakkad,10/4/2021,304,205,2960,0
palakkad,11/4/2021,325,185,3099,1
palakkad,12/4/2021,206,130,3175,0
palakkad,13-04-2021,348,61,3460,2
palakkad,14-04-2021,461,68,3852,0
palakkad,15-04-2021,481,99,4234,0
palakkad,16-04-2021,514,62,4685,1
palakkad,17-04-2021,864,90,5459,0
palakkad,18-04-2021,1077,172,6364,0
palakkad,19-04-2021,581,165,6780,0
palakkad,20-04-2021,1109,175,7711,3
palakkad,21-04-2021,1120,208,8622,0
palakkad,22-04-2021,1518,266,9874,0
palakkad,23-04-2021,1728,221,11380,1
palakkad,24-04-2021,1512,372,12520,0
palakkad,25-04-2021,1820,375,13965,0
palakkad,26-04-2021,1342,320,14987,0
palakkad,27-04-2021,2071,481,16577,0
palakkad,28-04-2021,1920,517,17979,1
palakkad,29-04-2021,2411,931,19459,0
palakkad,30-04-2021,2273,886,20846,0
palakkad,1/5/2021,2499,830,22499,16
palakkad,2/5/2021,1936,943,23492,0
palakkad,3/5/2021,1729,900,24321,0
palakkad,4/5/2021,3111,951,26481,0
palakkad,5/5/2021,2551,998,28034,0
palakkad,6/5/2021,2950,2488,28496,0
palakkad,7/5/2021,2968,3200,28259,5
palakkad,8/5/2021,3216,3487,27988,0
palakkad,9/5/2021,2881,3334,27535,0
palakkad,10/5/2021,2297,3526,26294,12
palakkad,11/5/2021,2959,3620,25623,10
palakkad,12/5/2021,3520,3100,26043,0
palakkad,13-05-2021,3223,3000,26236,30
palakkad,14-05-2021,2948,2924,26246,14
palakkad,15-05-2021,3165,3012,26396,3
palakkad,16-05-2021,3145,2609,26923,9
palakkad,17-05-2021,1871,1257,27516,21
palakkad,18-05-2021,3105,1433,29188,0
palakkad,19-05-2021,2709,4521,27338,38
palakkad,20-05-2021,2560,4701,25193,4
palakkad,21-05-2021,3040,3055,25148,30
palakkad,22-05-2021,3020,3360,24756,52
palakkad,23-05-2021,2700,3168,24249,39
palakkad,24-05-2021,1898,3156,22953,38
palakkad,25-05-2021,3285,3032,23188,18
palakkad,26-05-2021,3038,3139,23086,1
palakkad,27-05-2021,2592,3144,22534,0
palakkad,28-05-2021,2038,2543,22022,7
palakkad,29-05-2021,2682,3060,21626,18
palakkad,30-05-2021,1970,2730,20856,10
palakkad,31-05-2021,1300,2584,19536,36
palakkad,1/6/2021,2178,2979,18694,41
palakkad,2/6/2021,2117,2569,18232,10
palakkad,3/6/2021,2201,2758,17654,20
palakkad,4/6/2021,1925,3206,16364,9
palakkad,5/6/2021,1899,5108,13136,18
palakkad,6/6/2021,1494,1147,13432,50
palakkad,7/6/2021,1028,1550,12845,65
palakkad,8/6/2021,1284,1655,12474,0
palakkad,9/6/2021,1696,1766,12403,1
palakkad,10/6/2021,1312,1677,12005,33
palakkad,11/6/2021,1355,1487,11846,27
palakkad,12/6/2021,1365,2054,11130,27
palakkad,13-06-2021,1027,1744,10401,12
palakkad,14-06-2021,767,1539,9629,0
palakkad,15-06-2021,1066,1449,9231,15
palakkad,16-06-2021,1255,1569,8894,23
palakkad,17-06-2021,957,1428,8408,15
palakkad,18-06-2021,1020,1505,7906,17
palakkad,19-06-2021,1032,1236,7680,21
palakkad,20-06-2021,1045,972,7744,9
palakkad,21-06-2021,710,1124,7320,10
palakkad,22-06-2021,1204,1391,7113,20
palakkad,23-06-2021,1315,1280,7128,20
palakkad,24-06-2021,990,1011,7092,15
palakkad,25-06-2021,1061,1060,7082,11
palakkad,26-06-2021,921,1031,6959,13
palakkad,27-06-2021,1010,1232,6725,12
palakkad,28-06-2021,687,1018,6387,6
palakkad,29-06-2021,1330,1005,6703,9
palakkad,30-06-2021,1273,1090,6876,10
palakkad,1/7/2021,1050,1061,6853,12
palakkad,2/7/2021,1098,1192,6741,18
palakkad,3/7/2021,1094,1183,6634,18
palakkad,4/7/2021,1183,1037,6769,11
palakkad,5/7/2021,902,943,6714,14
palakkad,6/7/2021,1221,1066,6856,13
palakkad,7/7/2021,1180,1162,6860,14
palakkad,8/7/2021,1130,1056,6915,17
palakkad,9/7/2021,1049,1060,6893,11
palakkad,10/7/2021,1207,1064,7025,11
palakkad,11/7/2021,909,1040,6888,6
palakkad,12/7/2021,664,1023,6517,12
palakkad,13-07-2021,1191,1056,6645,7
palakkad,14-07-2021,1111,1087,6661,8
palakkad,15-07-2021,1105,732,7023,10
palakkad,16-07-2021,966,858,7125,6
palakkad,17-07-2021,1140,968,7289,8
palakkad,18-07-2021,952,833,7401,7
palakkad,19-07-2021,846,799,7440,8
palakkad,20-07-2021,1237,1046,7617,14
palakkad,21-07-2021,1394,1040,7948,23
palakkad,22-07-2021,1095,1013,8024,6
palakkad,23-07-2021,1455,1003,8463,13
palakkad,24-07-2021,1624,1026,9047,14
palakkad,25-07-2021,1552,1124,9465,10
palakkad,26-07-2021,1032,1129,9357,11
palakkad,27-07-2021,2115,1015,10444,13
palakkad,28-07-2021,1649,1080,10999,14
palakkad,29-07-2021,2034,960,12067,6
palakkad,30-07-2021,2070,908,13218,11
palakkad,31-07-2021,2209,1295,14127,5
palakkad,1/8/2021,1882,1284,14714,11
palakkad,2/8/2021,1506,1309,14903,8
palakkad,3/8/2021,2223,1014,16096,16
palakkad,4/8/2021,1928,1574,16432,18
palakkad,5/8/2021,2139,1636,16920,14
palakkad,6/8/2021,2031,1641,17289,21
palakkad,7/8/2021,2137,1337,18073,16
palakkad,8/8/2021,1550,2137,17481,5
palakkad,9/8/2021,1336,1682,17121,14
palakkad,10/8/2021,1841,1480,17466,16
palakkad,11/8/2021,2414,2177,17684,19
palakkad,12/8/2021,2168,1850,17985,17
palakkad,13-08-2021,1930,1608,18293,14
palakkad,14-08-2021,1836,1608,18506,15
palakkad,15-08-2021,1771,2243,18018,16
palakkad,16-08-2021,1344,2079,17266,17
palakkad,17-08-2021,2134,2291,17094,15
palakkad,18-08-2021,1924,2200,16805,13
palakkad,19-08-2021,1948,2290,16441,22
palakkad,20-08-2021,1528,2363,15586,20
palakkad,21-08-2021,1624,2211,14986,13
palakkad,22-08-2021,1133,2499,13614,6
palakkad,23-08-2021,1503,2055,13050,12
palakkad,24-08-2021,2212,1773,13463,26
palakkad,25-08-2021,2562,1881,14116,28
palakkad,26-08-2021,2261,2165,14178,34
palakkad,27-08-2021,2727,2190,14696,19
palakkad,28-08-2021,2488,2235,14931,18
palakkad,29-08-2021,2816,2057,15680,9
palakkad,30-08-2021,1752,2392,15020,20
palakkad,31-08-2021,2672,2417,15262,13
palakkad,1/9/2021,2309,2229,15319,23
palakkad,2/9/2021,2998,2652,15648,17
palakkad,3/9/2021,2545,2758,15422,13
palakkad,4/9/2021,2781,2484,15700,19
palakkad,5/9/2021,2373,2780,15289,4
palakkad,6/9/2021,1569,2122,14713,23
palakkad,7/9/2021,2332,1996,15028,21
palakkad,8/9/2021,2288,2267,15029,19
palakkad,9/9/2021,1996,2237,14777,11
palakkad,10/9/2021,2020,1815,14967,15
palakkad,11/9/2021,1600,1931,14622,14
palakkad,12/9/2021,1644,1961,14299,6
palakkad,13-09-2021,1124,2218,13192,13
palakkad,14-09-2021,1591,1768,12995,20
palakkad,15-09-2021,1558,1855,12682,16
palakkad,16-09-2021,1613,1913,12366,16
palakkad,17-09-2021,1674,1526,12499,14
palakkad,18-09-2021,1775,1581,12682,11
palakkad,19-09-2021,1593,1450,12816,9
palakkad,20-09-2021,1156,1590,12364,18
palakkad,21-09-2021,1419,1429,12328,26
palakkad,22-09-2021,1135,1387,12056,20
palakkad,23-09-2021,1378,1467,11955,12
palakkad,24-09-2021,1312,1064,12188,15
palakkad,25-09-2021,1081,711,12543,15
palakkad,26-09-2021,1008,734,12812,5
palakkad,27-09-2021,792,941,12658,5
palakkad,28-09-2021,749,1052,12344,11
palakkad,29-09-2021,831,834,12325,16
palakkad,30-09-2021,888,919,12281,13
palakkad,1/10/2021,683,929,12027,8
palakkad,2/10/2021,946,959,11997,17
palakkad,3/10/2021,720,1108,11602,7
palakkad,4/10/2021,552,920,11216,18
palakkad,5/10/2021,768,734,11233,17
palakkad,6/10/2021,634,759,11094,14
palakkad,7/10/2021,723,732,11071,14
palakkad,8/10/2021,548,767,10846,6
palakkad,9/10/2021,631,662,10803,12
palakkad,13-10-2021,530,958,9475,8
palakkad,14-10-2021,455,752,9168,10
palakkad,15-10-2021,359,582,8937,8
palakkad,16-10-2021,470,790,8612,5
palakkad,17-10-2021,345,681,8272,4
palakkad,18-10-2021,327,781,7809,9
palakkad,19-10-2021,542,595,7749,7
palakkad,20-10-2021,415,662,7493,9
palakkad,21-10-2021,439,602,7313,17
palakkad,22-10-2021,337,437,7174,39
palakkad,23-10-2021,397,620,6945,6
palakkad,24-10-2021,352,545,6742,10
palakkad,25-10-2021,306,326,6707,15
palakkad,26-10-2021,441,250,6846,52
palakkad,27-10-2021,393,450,6758,31
palakkad,28-10-2021,364,358,6718,46
palakkad,29-10-2021,335,257,6786,10
palakkad,30-10-2021,382,480,6683,5
palakkad,31-10-2021,339,423,6583,16
palakkad,1/11/2021,264,398,6443,6
palakkad,2/11/2021,345,429,6345,14
palakkad,3/11/2021,284,331,6285,13
palakkad,4/11/2021,292,399,6164,14
palakkad,5/11/2021,234,369,6025,4
palakkad,6/11/2021,343,300,6059,9
palakkad,7/11/2021,278,444,5870,23
palakkad,8/11/2021,193,389,5669,5
palakkad,9/11/2021,285,358,5586,10
palakkad,13-11-2021,313,259,5459,9
palakkad,14-11-2021,287,348,5392,6
palakkad,15-11-2021,176,284,5273,11
palakkad,16-11-2021,285,287,5269,2
palakkad,17-11-2021,249,228,5273,17
palakkad,18-11-2021,269,340,5196,6
palakkad,19-11-2021,199,276,5118,1
palakkad,20-11-2021,205,187,5123,13
palakkad,21-11-2021,175,283,5002,13
palakkad,22-11-2021,115,285,4831,1
palakkad,23-11-2021,238,330,4703,36
palakkad,24-11-2021,203,264,4620,22
palakkad,25-11-2021,188,308,4485,15
palakkad,26-11-2021,208,285,4375,33
palakkad,27-11-2021,198,178,4372,23
palakkad,28-11-2021,166,284,4218,36
palakkad,29-11-2021,174,253,4138,1
palakkad,30-11-2021,189,264,4061,2
palakkad,1/12/2021,180,193,4034,14
palakkad,2/12/2021,104,199,3908,31
palakkad,3/12/2021,130,169,3819,50
palakkad,4/12/2021,151,104,3822,44
palakkad,5/12/2021,141,193,3717,53
palakkad,6/12/2021,99,187,3611,18
palakkad,7/12/2021,130,175,3537,29
palakkad,8/12/2021,108,189,3420,36
palakkad,9/12/2021,142,184,3358,20
palakkad,13-12-2021,68,60,3458,9
palakkad,14-12-2021,105,24,3521,18
palakkad,15-12-2021,115,50,3556,30
palakkad,16-12-2021,128,81,3597,6
palakkad,17-12-2021,92,71,3618,0
palakkad,18-12-2021,74,29,3659,4
palakkad,19-12-2021,76,50,3684,1
palakkad,20-12-2021,73,29,3727,1
palakkad,21-12-2021,86,62,3747,4
palakkad,22-12-2021,77,43,3769,12
palakkad,23-12-2021,66,60,3739,36
palakkad,24-12-2021,62,50,3704,47
palakkad,25-12-2021,67,48,3719,4
palakkad,26-12-2021,73,90,3665,37
palakkad,27-12-2021,39,100,3580,24
palakkad,28-12-2021,60,128,3486,26
palakkad,29-12-2021,51,135,3390,12
palakkad,30-12-2021,64,111,3328,15
palakkad,31-12-2021,87,62,3287,66
palakkad,1/1/2022,58,27,3309,9
palakkad,2/1/2022,91,78,3304,18
palakkad,3/1/2022,80,60,3323,1
palakkad,4/1/2022,124,66,3368,13
palakkad,5/1/2022,140,47,3456,5
palakkad,6/1/2022,172,50,3576,2
palakkad,7/1/2022,201,63,3705,9
palakkad,8/1/2022,248,80,3857,16
palakkad,9/1/2022,251,44,4061,3
palakkad,10/1/2022,222,91,4155,37
palakkad,11/1/2022,511,43,4616,7
palakkad,12/1/2022,495,117,4910,84
palakkad,13-01-2022,553,57,5390,16
palakkad,14-01-2022,703,157,5896,40
palakkad,15-01-2022,835,186,6543,2
palakkad,16-01-2022,889,248,7148,36
palakkad,17-01-2022,1191,215,8120,4
palakkad,18-01-2022,1546,222,9440,4
palakkad,19-01-2022,1920,511,10829,20
palakkad,20-01-2022,2268,476,12618,3
palakkad,21-01-2022,2345,551,14395,17
palakkad,22-01-2022,2607,687,16309,6
palakkad,23-01-2022,2137,835,17589,22
palakkad,24-01-2022,1498,869,18183,35
palakkad,25-01-2022,3550,1156,20558,19
palakkad,26-01-2022,2683,1539,21671,31
palakkad,27-01-2022,3356,1895,23116,16
palakkad,28-01-2022,3248,2258,24067,39
palakkad,29-01-2022,2748,2335,24441,39
palakkad,30-01-2022,3412,2489,25341,23
palakkad,31-01-2022,2718,2121,25920,18
palakkad,1/2/2022,3049,1480,27433,56
palakkad,2/2/2022,2598,3504,26479,48
palakkad,3/2/2022,1972,2643,25756,52
palakkad,4/2/2022,1792,3314,24173,61
palakkad,5/2/2022,1577,3206,22502,42
palakkad,6/2/2022,1215,2729,20942,46
palakkad,7/2/2022,816,3387,18320,51
palakkad,8/2/2022,1120,2673,16706,61
palakkad,9/2/2022,866,3005,14474,93
palakkad,10/2/2022,858,2539,12716,77
palakkad,11/2/2022,686,1923,11439,40
palakkad,12/2/2022,606,1762,10246,37
palakkad,13-02-2022,462,1554,9144,10
palakkad,14-02-2022,386,1213,8296,21
palakkad,15-02-2022,552,804,8017,27
palakkad,16-02-2022,438,1115,7282,58
palakkad,17-02-2022,343,821,6777,27
palakkad,18-02-2022,363,837,6279,24
palakkad,19-02-2022,316,665,5911,19
palakkad,20-02-2022,230,595,5538,8
palakkad,21-02-2022,151,459,5217,13
palakkad,22-02-2022,247,376,5073,15
palakkad,23-02-2022,225,545,4741,12
palakkad,24-02-2022,198,428,4485,26
palakkad,25-02-2022,171,325,4314,17
palakkad,26-02-2022,127,351,4066,24
palakkad,27-02-2022,96,296,3863,3
palakkad,28-02-2022,77,230,3701,9
palakkad,1/3/2022,114,146,3656,13
palakkad,2/3/2022,75,238,3490,3
palakkad,3/3/2022,70,223,3329,8
palakkad,4/3/2022,87,193,3215,8
palakkad,5/3/2022,74,167,3112,10
palakkad,6/3/2022,47,32,3120,7
palakkad,7/3/2022,53,24,3138,11
palakkad,8/3/2022,70,30,3175,3
palakkad,9/3/2022,48,30,3182,11
palakkad,10/3/2022,51,30,3200,3
palakkad,11/3/2022,46,132,3109,5
palakkad,12/3/2022,34,132,3005,6
palakkad,13-03-2022,32,23,3013,1
palakkad,14-03-2022,33,34,3010,2
palakkad,15-03-2022,29,34,2997,8
palakkad,16-03-2022,23,22,2998,0
palakkad,17-03-2022,35,24,3005,4
palakkad,18-03-2022,35,20,3011,9
palakkad,19-03-2022,20,20,3006,5
palakkad,20-03-2022,25,20,3010,1
palakkad,21-03-2022,12,20,2998,4
palakkad,22-03-2022,15,20,2993,0
palakkad,23-03-2022,19,5,2999,8
palakkad,24-03-2022,18,5,3009,3
palakkad,25-03-2022,20,5,3019,5
palakkad,26-03-2022,10,8,3021,0
palakkad,27-03-2022,8,8,3021,0
palakkad,28-03-2022,10,3,3014,14
palakkad,29-03-2022,16,3,3025,2
palakkad,30-03-2022,3,3,3023,2
palakkad,31-03-2022,8,3,3028,0
palakkad,1/4/2022,10,3,3035,0
palakkad,2/4/2022,7,3,3028,11
palakkad,3/4/2022,3,5,3026,0
palakkad,4/4/2022,7,3,3030,0
palakkad,5/4/2022,10,3,3031,6
palakkad,6/4/2022,7,2,3036,0
palakkad,7/4/2022,2,2,3036,0
palakkad,8/4/2022,9,2,3030,13
palakkad,9/4/2022,3,2,3031,0
palakkad,10/4/2022,7,1,3037,0
palakkad,11/4/2022,9,2,3040,4
palakkad,12/4/2022,10,2,3047,1
palakkad,13-04-2022,9,1,3045,10
palakkad,14-04-2022,6,3,3046,2
palakkad,15-04-2022,2,1,3047,0
palakkad,16-04-2022,7,1,3044,9
palakkad,17-04-2022,7,2,3049,0
palakkad,18-04-2022,4,1,3052,0
palakkad,19-04-2022,9,2,3059,0
palakkad,20-04-2022,5,3,3057,4
palakkad,21-04-2022,2,0,3056,3
palakkad,22-04-2022,14,2,3068,0
palakkad,23-04-2022,10,3,3070,5
palakkad,24-04-2022,4,3,3070,1
palakkad,25-04-2022,2,2,3069,1
palakkad,26-04-2022,6,2,3072,1
palakkad,27-04-2022,6,1,3076,1
palakkad,28-04-2022,8,2,3079,3
palakkad,29-04-2022,4,1,3082,0
palakkad,30-04-2022,11,2,3091,0
palakkad,1/5/2022,6,2,3091,4
palakkad,2/5/2022,5,2,3094,0
palakkad,3/5/2022,4,2,3094,2
palakkad,4/5/2022,2,2,3094,0
palakkad,5/5/2022,7,2,3096,3
palakkad,6/5/2022,5,2,3099,0
palakkad,7/5/2022,12,2,3106,3
palakkad,8/5/2022,2,2,3106,0
palakkad,9/5/2022,8,2,3112,0
palakkad,10/5/2022,4,2,3114,0
palakkad,11/5/2022,6,2,3118,0
palakkad,12/5/2022,7,2,3120,3
palakkad,13-05-2022,15,2,3129,4
palakkad,14-05-2022,8,2,3135,0
palakkad,15-05-2022,12,2,3137,8
palakkad,16-05-2022,12,2,3140,7
palakkad,17-05-2022,14,2,3152,0
palakkad,18-05-2022,21,2,3170,1
palakkad,19-05-2022,18,2,3185,1
palakkad,20-05-2022,9,2,3192,0
palakkad,21-05-2022,10,2,3200,0
palakkad,22-05-2022,7,2,3205,0
palakkad,23-05-2022,5,2,3205,3
palakkad,24-05-2022,14,2,3216,1
palakkad,25-05-2022,17,2,3227,4
palakkad,26-05-2022,15,2,3236,4
palakkad,27-05-2022,21,2,3255,0
palakkad,28-05-2022,12,2,3261,4
palakkad,29-05-2022,10,2,3269,0
palakkad,30-05-2022,11,2,3278,0
palakkad,31-05-2022,29,2,3305,0
palakkad,1/6/2022,23,1,3325,2
palakkad,2/6/2022,19,2,3341,1
palakkad,3/6/2022,26,2,3364,1
palakkad,4/6/2022,26,2,3387,1
palakkad,5/6/2022,32,2,3417,0
palakkad,6/6/2022,37,2,3452,0
palakkad,7/6/2022,51,2,3501,0
palakkad,8/6/2022,56,124,3431,2
palakkad,9/6/2022,33,19,3445,0
palakkad,10/6/2022,60,23,3482,0
palakkad,11/6/2022,57,26,3513,0
palakkad,12/6/2022,48,32,3529,0
palakkad,13-06-2022,39,37,3531,0
palakkad,14-06-2022,70,51,3550,0
palakkad,15-06-2022,68,56,3561,1
palakkad,16-06-2022,53,33,3581,0
palakkad,17-06-2022,80,60,3601,0
palakkad,18-06-2022,63,33,3630,1
palakkad,19-06-2022,69,48,3651,0
palakkad,20-06-2022,68,70,3649,0
palakkad,21-06-2022,77,70,3656,0
palakkad,22-06-2022,80,69,3667,0
palakkad,23-06-2022,139,53,3752,1
palakkad,24-06-2022,82,63,3770,1
palakkad,25-06-2022,97,69,3798,0
palakkad,26-06-2022,95,69,3823,1
palakkad,27-06-2022,79,68,3834,0
palakkad,28-06-2022,151,77,3908,0
palakkad,29-06-2022,93,80,3921,0
palakkad,30-06-2022,123,139,3902,3
palakkad,1/7/2022,101,82,3921,0
palakkad,2/7/2022,88,97,3911,1
palakkad,3/7/2022,90,96,3903,2
palakkad,4/7/2022,98,79,3922,0
palakkad,5/7/2022,127,151,3898,0
palakkad,6/7/2022,96,93,3901,0
palakkad,7/7/2022,101,123,3878,1
palakkad,8/7/2022,94,101,3870,1
palakkad,9/7/2022,59,88,3841,0
palakkad,10/7/2022,59,90,3810,0
palakkad,11/7/2022,56,98,3766,2
palakkad,12/7/2022,115,127,3752,2
palakkad,13-07-2022,59,96,3715,0
palakkad,14-07-2022,73,101,3685,2
palakkad,15-07-2022,97,84,3698,0
palakkad,16-07-2022,70,59,3708,1
palakkad,17-07-2022,71,63,3716,0
palakkad,18-07-2022,84,56,3744,0
palakkad,20-07-2022,80,59,3763,2
palakkad,21-07-2022,86,73,3775,1
palakkad,22-07-2022,65,97,3743,0
palakkad,19-07-2022,76,115,3704,0
palakkad,23-07-2022,78,70,3712,0
palakkad,24-07-2022,65,71,3706,0
palakkad,25-07-2022,48,84,3667,3
palakkad,26-07-2022,81,84,3663,1
palakkad,27-07-2022,73,82,3654,0
palakkad,28-07-2022,59,86,3626,1
palakkad,29-07-2022,67,65,3628,0
palakkad,30-07-2022,47,78,3597,0
palakkad,31-07-2022,39,66,3570,0
palakkad,1/8/2022,41,48,3561,2
palakkad,2/8/2022,53,81,3533,0
palakkad,3/8/2022,48,73,3508,0
palakkad,4/8/2022,50,59,3499,0
palakkad,5/8/2022,54,67,3486,0
palakkad,6/8/2022,59,47,3498,0
palakkad,7/8/2022,44,43,3498,1
palakkad,8/8/2022,58,41,3515,0
palakkad,9/8/2022,53,55,3513,0
palakkad,10/8/2022,58,48,3523,0
palakkad,11/8/2022,54,50,3527,0
palakkad,12/8/2022,28,54,3501,0
palakkad,13-08-2022,68,59,3509,1
palakkad,14-08-2022,31,44,3496,0
palakkad,15-08-2022,49,58,3487,0
palakkad,16-08-2022,66,53,3500,0
palakkad,17-08-2022,48,58,3490,0
palakkad,18-08-2022,41,56,3475,0
palakkad,19-08-2022,44,28,3486,5
palakkad,20-08-2022,31,68,3449,0
palakkad,21-08-2022,47,31,3465,0
palakkad,22-08-2022,50,49,3466,0
palakkad,23-08-2022,50,66,3450,0
palakkad,24-08-2022,44,48,3443,3
palakkad,25-08-2022,53,41,3455,0
palakkad,26-08-2022,80,46,3489,0
palakkad,27-08-2022,53,31,3511,0
palakkad,28-08-2022,51,47,3515,0
palakkad,29-08-2022,44,50,3504,5
palakkad,30-08-2022,103,50,3556,1
palakkad,1/9/2022,58,53,3561,0
palakkad,2/9/2022,65,80,3545,1
palakkad,3/9/2022,69,53,3561,0
palakkad,4/9/2022,59,51,3569,0
palakkad,5/9/2022,45,44,3570,0
palakkad,6/9/2022,67,103,3534,0
palakkad,7/9/2022,64,68,3530,0
palakkad,8/9/2022,40,58,3512,0
palakkad,9/9/2022,65,65,3512,0
malpurram,16-03-2020,2,0,2,0
malpurram,22-03-2020,2,0,4,0
malpurram,24-03-2020,1,0,5,0
malpurram,26-03-2020,3,0,8,0
malpurram,28-03-2020,1,0,9,0
malpurram,29-03-2020,1,0,10,0
malpurram,1/4/2020,2,0,12,0
malpurram,2/4/2020,1,1,12,0
malpurram,5/4/2020,0,1,11,0
malpurram,6/4/2020,2,0,13,0
malpurram,7/4/2020,1,0,14,0
malpurram,9/4/2020,2,2,14,0
malpurram,10/4/2020,2,0,16,0
malpurram,12/4/2020,0,6,10,0
malpurram,14-04-2020,0,1,9,0
malpurram,16-04-2020,0,1,8,0
malpurram,17-04-2020,0,1,7,0
malpurram,19-04-2020,0,1,6,0
malpurram,21-04-2020,1,0,7,0
malpurram,22-04-2020,1,0,8,0
malpurram,23-04-2020,0,1,7,0
malpurram,24-04-2020,0,3,3,1
malpurram,26-04-2020,0,1,2,0
malpurram,27-04-2020,1,1,2,0
malpurram,30-04-2020,1,1,2,0
malpurram,4/5/2020,0,2,0,0
malpurram,9/5/2020,2,0,2,0
malpurram,10/5/2020,1,0,3,0
malpurram,11/5/2020,1,0,4,0
malpurram,12/5/2020,3,0,7,0
malpurram,13-05-2020,3,0,10,0
malpurram,14-05-2020,5,0,15,0
malpurram,15-05-2020,4,0,19,0
malpurram,16-05-2020,2,0,21,0
malpurram,17-05-2020,4,0,25,0
malpurram,18-05-2020,1,0,26,0
malpurram,19-05-2020,3,0,29,0
malpurram,20-05-2020,4,0,33,0
malpurram,21-05-2020,5,1,37,0
malpurram,22-05-2020,4,2,39,0
malpurram,23-05-2020,8,0,47,0
malpurram,24-05-2020,5,0,52,0
malpurram,25-05-2020,0,1,51,0
malpurram,26-05-2020,5,3,53,0
malpurram,27-05-2020,0,6,47,0
malpurram,28-05-2020,8,1,54,0
malpurram,29-05-2020,5,1,58,0
malpurram,30-05-2020,0,4,54,0
malpurram,31-05-2020,3,2,55,0
malpurram,1/6/2020,14,7,62,0
malpurram,2/6/2020,15,1,76,0
malpurram,3/6/2020,11,0,87,0
malpurram,4/6/2020,8,8,86,1
malpurram,5/6/2020,18,0,104,0
malpurram,6/6/2020,12,0,115,1
malpurram,7/6/2020,27,1,141,0
malpurram,8/6/2020,14,0,155,0
malpurram,9/6/2020,6,0,161,0
malpurram,10/6/2020,7,0,168,0
malpurram,11/6/2020,10,2,176,0
malpurram,12/6/2020,14,0,190,0
malpurram,13-06-2020,15,7,198,0
malpurram,14-06-2020,3,5,196,0
malpurram,15-06-2020,6,10,192,0
malpurram,16-06-2020,15,6,201,0
malpurram,17-06-2020,11,0,212,0
malpurram,18-06-2020,4,2,214,0
malpurram,19-06-2020,18,15,217,0
malpurram,20-06-2020,5,1,221,0
malpurram,21-06-2020,10,28,203,0
malpurram,22-06-2020,17,23,197,0
malpurram,23-06-2020,11,15,193,0
malpurram,24-06-2020,10,7,196,0
malpurram,25-06-2020,6,12,190,0
malpurram,26-06-2020,16,18,188,0
malpurram,27-06-2020,47,19,216,0
malpurram,28-06-2020,5,0,221,0
malpurram,29-06-2020,14,7,227,1
malpurram,30-06-2020,32,22,237,0
malpurram,1/7/2020,34,14,257,0
malpurram,2/7/2020,24,56,225,0
malpurram,3/7/2020,35,10,250,0
malpurram,4/7/2020,37,7,280,0
malpurram,5/7/2020,26,28,278,0
malpurram,6/7/2020,35,13,299,1
malpurram,7/7/2020,63,10,352,0
malpurram,8/7/2020,46,12,386,0
malpurram,9/7/2020,55,7,434,0
malpurram,10/7/2020,41,18,457,0
malpurram,11/7/2020,51,15,493,0
malpurram,12/7/2020,42,16,519,0
malpurram,13-07-2020,47,28,538,0
malpurram,14-07-2020,58,12,584,0
malpurram,15-07-2020,18,42,560,0
malpurram,16-07-2020,42,37,565,0
malpurram,17-07-2020,25,31,559,0
malpurram,18-07-2020,19,26,552,0
malpurram,19-07-2020,25,0,577,0
malpurram,20-07-2020,50,32,595,0
malpurram,21-07-2020,61,53,603,0
malpurram,22-07-2020,61,52,612,0
malpurram,23-07-2020,89,30,671,0
malpurram,24-07-2020,58,24,705,0
malpurram,25-07-2020,68,185,588,0
malpurram,26-07-2020,56,121,522,1
malpurram,27-07-2020,86,88,520,0
malpurram,28-07-2020,112,34,598,0
malpurram,29-07-2020,87,34,649,1
malpurram,30-07-2020,32,12,669,0
malpurram,31-07-2020,75,9,734,0
malpurram,1/8/2020,141,36,837,1
malpurram,2/8/2020,126,44,919,0
malpurram,3/8/2020,85,38,966,0
malpurram,4/8/2020,131,94,1003,0
malpurram,5/8/2020,167,77,1093,0
malpurram,6/8/2020,129,114,1108,0
malpurram,7/8/2020,143,40,1210,1
malpurram,8/8/2020,114,165,1159,0
malpurram,9/8/2020,170,109,1220,0
malpurram,10/8/2020,255,53,1421,1
malpurram,11/8/2020,242,51,1612,0
malpurram,12/8/2020,261,107,1766,0
malpurram,13-08-2020,202,61,1905,1
malpurram,14-08-2020,198,424,1678,1
malpurram,15-08-2020,362,0,2040,0
malpurram,16-08-2020,221,82,2179,0
malpurram,17-08-2020,306,130,2354,1
malpurram,18-08-2020,242,194,2402,0
malpurram,19-08-2020,322,263,2461,0
malpurram,20-08-2020,356,108,2709,0
malpurram,21-08-2020,335,319,2720,4
malpurram,22-08-2020,395,240,2874,1
malpurram,23-08-2020,186,100,2960,0
malpurram,24-08-2020,169,116,3012,1
malpurram,25-08-2020,454,240,3224,2
malpurram,26-08-2020,352,254,3322,0
malpurram,27-08-2020,230,538,3014,0
malpurram,28-08-2020,298,345,2964,2
malpurram,29-08-2020,379,372,2970,1
malpurram,30-08-2020,195,328,2837,0
malpurram,31-08-2020,177,253,2761,0
malpurram,1/9/2020,191,286,2666,0
malpurram,2/9/2020,146,317,2495,0
malpurram,3/9/2020,91,210,2376,0
malpurram,4/9/2020,178,627,1925,2
malpurram,5/9/2020,249,338,1836,0
malpurram,6/9/2020,324,202,1958,0
malpurram,7/9/2020,187,202,1943,0
malpurram,8/9/2020,358,159,2142,0
malpurram,9/9/2020,201,150,2193,0
malpurram,10/9/2020,330,119,2397,7
malpurram,11/9/2020,390,111,2675,1
malpurram,12/9/2020,310,201,2783,1
malpurram,13-09-2020,378,202,2959,0
malpurram,14-09-2020,482,261,3177,3
malpurram,15-09-2020,348,303,3221,1
malpurram,16-09-2020,298,257,3260,2
malpurram,17-09-2020,351,214,3396,1
malpurram,18-09-2020,297,265,3425,3
malpurram,19-09-2020,534,326,3633,0
malpurram,20-09-2020,483,388,3725,3
malpurram,21-09-2020,349,486,3580,8
malpurram,22-09-2020,444,468,3554,2
malpurram,23-09-2020,512,372,3692,2
malpurram,24-09-2020,763,513,3942,0
malpurram,25-09-2020,784,588,4137,1
malpurram,26-09-2020,826,486,4474,3
malpurram,27-09-2020,915,399,4990,0
malpurram,28-09-2020,405,421,4971,3
malpurram,29-09-2020,1040,519,5488,4
malpurram,30-09-2020,977,601,5862,2
malpurram,1/10/2020,968,322,6508,0
malpurram,2/10/2020,1016,951,6573,0
malpurram,3/10/2020,973,641,6905,0
malpurram,4/10/2020,792,715,6976,6
malpurram,5/10/2020,606,757,6822,2
malpurram,6/10/2020,854,541,7131,4
malpurram,7/10/2020,1350,743,7733,5
malpurram,8/10/2020,1024,876,7881,0
malpurram,9/10/2020,1174,909,8142,4
malpurram,13-10-2020,1139,772,9288,3
malpurram,14-10-2020,1013,1519,8776,6
malpurram,15-10-2020,447,1010,8212,0
malpurram,16-10-2020,1025,432,8805,0
malpurram,17-10-2020,1519,513,9807,4
malpurram,18-10-2020,1399,805,10398,3
malpurram,19-10-2020,910,298,11008,2
malpurram,20-10-2020,786,1093,10696,5
malpurram,21-10-2020,668,832,10532,0
malpurram,22-10-2020,897,731,10693,5
malpurram,23-10-2020,1375,324,11744,0
malpurram,24-10-2020,719,207,12255,1
malpurram,25-10-2020,653,1052,11850,6
malpurram,26-10-2020,853,1002,11700,1
malpurram,27-10-2020,706,993,11412,1
malpurram,28-10-2020,548,1028,10931,1
malpurram,29-10-2020,589,1300,10215,5
malpurram,30-10-2020,761,1106,9867,3
malpurram,31-10-2020,769,994,9640,2
malpurram,1/11/2020,522,890,9271,1
malpurram,2/11/2020,467,945,8792,1
malpurram,3/11/2020,467,945,8312,1
malpurram,4/11/2020,784,655,8438,3
malpurram,5/11/2020,627,853,8207,5
malpurram,6/11/2020,761,1180,7785,3
malpurram,7/11/2020,642,1343,7081,3
malpurram,8/11/2020,540,906,6712,3
malpurram,9/11/2020,548,560,6699,1
malpurram,13-11-2020,588,522,6812,3
malpurram,14-11-2020,673,617,6862,6
malpurram,15-11-2020,558,725,6692,3
malpurram,16-11-2020,496,684,6503,1
malpurram,17-11-2020,776,497,6776,6
malpurram,18-11-2020,507,661,6619,3
malpurram,19-11-2020,862,522,6951,8
malpurram,20-11-2020,1054,740,7264,1
malpurram,21-11-2020,764,740,7285,2
malpurram,22-11-2020,796,785,7293,3
malpurram,23-11-2020,1023,527,7788,1
malpurram,24-11-2020,852,617,8022,1
malpurram,25-11-2020,664,588,8094,4
malpurram,26-11-2020,719,789,8023,1
malpurram,27-11-2020,612,779,7852,4
malpurram,28-11-2020,680,766,7762,4
malpurram,29-11-2020,721,776,7704,3
malpurram,30-11-2020,611,507,7806,2
malpurram,1/12/2020,886,862,7828,2
malpurram,2/12/2020,822,1054,7595,1
malpurram,3/12/2020,714,764,7542,3
malpurram,4/12/2020,943,796,7682,7
malpurram,5/12/2020,920,1023,7577,2
malpurram,6/12/2020,664,852,7386,3
malpurram,7/12/2020,541,864,7060,3
malpurram,8/12/2020,694,719,7035,0
malpurram,9/12/2020,709,612,7125,7
malpurram,13-12-2020,649,886,6873,5
malpurram,14-12-2020,441,822,6491,1
malpurram,15-12-2020,377,714,6148,6
malpurram,16-12-2020,437,943,5635,7
malpurram,17-12-2020,515,520,5627,3
malpurram,18-12-2020,485,664,5443,5
malpurram,19-12-2020,657,664,5436,0
malpurram,20-12-2020,662,641,5454,3
malpurram,21-12-2020,626,694,5385,1
malpurram,22-12-2020,565,709,5233,8
malpurram,23-12-2020,500,570,5159,4
malpurram,24-12-2020,482,419,5221,1
malpurram,25-12-2020,466,508,5177,2
malpurram,26-12-2020,513,465,5221,4
malpurram,27-12-2020,517,503,5231,4
malpurram,28-12-2020,504,629,5104,2
malpurram,29-12-2020,610,475,5233,6
malpurram,30-12-2020,407,609,5029,2
malpurram,31-12-2020,388,547,4866,4
malpurram,1/1/2021,511,480,4894,3
malpurram,2/1/2021,580,457,5015,2
malpurram,3/1/2021,522,696,4839,2
malpurram,4/1/2021,406,522,4721,2
malpurram,5/1/2021,385,495,4610,0
malpurram,6/1/2021,432,421,4618,3
malpurram,7/1/2021,435,545,4506,2
malpurram,8/1/2021,419,569,4354,2
malpurram,9/1/2021,523,478,4399,0
malpurram,10/1/2021,441,511,4326,3
malpurram,11/1/2021,388,457,4257,0
malpurram,12/1/2021,400,297,4358,2
malpurram,14-01-2021,712,395,4672,2
malpurram,13-01-2021,409,447,4633,1
malpurram,15-01-2021,478,699,4410,2
malpurram,16-01-2021,489,456,4443,0
malpurram,17-01-2021,479,515,4407,0
malpurram,18-01-2021,357,488,4274,2
malpurram,19-01-2021,509,367,4414,2
malpurram,20-01-2021,537,540,4408,3
malpurram,21-01-2021,657,572,4491,1
malpurram,22-01-2021,582,602,4469,2
malpurram,23-01-2021,535,575,4428,1
malpurram,24-01-2021,403,570,4260,1
malpurram,25-01-2021,220,383,4094,3
malpurram,26-01-2021,511,261,4343,1
malpurram,27-01-2021,404,530,4215,2
malpurram,28-01-2021,413,387,4241,0
malpurram,29-01-2021,414,799,3854,1
malpurram,30-01-2021,423,422,3854,1
malpurram,31-01-2021,482,387,3949,0
malpurram,1/2/2021,516,517,3947,1
malpurram,2/2/2021,454,520,3880,1
malpurram,3/2/2021,383,554,3708,1
malpurram,4/2/2021,489,724,3472,1
malpurram,5/2/2021,605,538,3537,2
malpurram,6/2/2021,652,571,3617,1
malpurram,7/2/2021,671,670,3618,0
malpurram,8/2/2021,503,728,3393,0
malpurram,9/2/2021,449,645,3195,1
malpurram,10/2/2021,421,318,3297,1
malpurram,11/2/2021,413,589,3121,0
malpurram,12/2/2021,529,424,3226,0
malpurram,13-02-2021,308,519,3012,3
malpurram,14-02-2021,630,315,3327,0
malpurram,15-02-2021,560,649,3237,1
malpurram,16-02-2021,345,570,3008,4
malpurram,17-02-2021,332,420,2920,0
malpurram,18-02-2021,493,315,3096,2
malpurram,19-02-2021,476,578,2993,1
malpurram,20-02-2021,529,596,2923,2
malpurram,21-02-2021,346,535,2733,0
malpurram,22-02-2021,229,391,2569,1
malpurram,23-02-2021,355,272,2651,1
malpurram,24-02-2021,329,351,2628,1
malpurram,25-02-2021,270,408,2487,3
malpurram,26-02-2021,278,213,2551,0
malpurram,27-02-2021,388,368,2569,2
malpurram,28-02-2021,354,387,2536,0
malpurram,1/3/2021,241,377,2399,1
malpurram,2/3/2021,344,288,2453,2
malpurram,3/3/2021,280,405,2327,1
malpurram,4/3/2021,171,322,2175,1
malpurram,5/3/2021,298,196,2277,0
malpurram,6/3/2021,286,342,2220,1
malpurram,7/3/2021,176,286,2109,1
malpurram,8/3/2021,132,249,1990,2
malpurram,9/3/2021,142,246,1884,2
malpurram,10/3/2021,283,211,1956,0
malpurram,11/3/2021,179,265,1869,1
malpurram,12/3/2021,205,204,1870,0
malpurram,13-03-2021,173,243,1799,1
malpurram,14-03-2021,151,167,1782,1
malpurram,15-03-2021,124,171,1735,0
malpurram,16-03-2021,102,277,1558,2
malpurram,17-03-2021,163,177,1541,2
malpurram,18-03-2021,146,175,1510,2
malpurram,19-03-2021,155,147,1515,2
malpurram,20-03-2021,146,221,1440,0
malpurram,21-03-2021,139,136,1443,0
malpurram,22-03-2021,81,154,1369,1
malpurram,23-03-2021,92,95,1364,2
malpurram,24-03-2021,173,99,1436,2
malpurram,25-03-2021,193,185,1443,1
malpurram,26-03-2021,103,220,1326,0
malpurram,27-03-2021,140,113,1353,0
malpurram,28-03-2021,207,166,1391,3
malpurram,29-03-2021,134,204,1320,1
malpurram,30-03-2021,250,147,1422,1
malpurram,31-03-2021,206,255,1373,0
malpurram,1/4/2021,170,197,1346,0
malpurram,2/4/2021,224,160,1410,0
malpurram,3/4/2021,191,173,1428,0
malpurram,4/4/2021,240,203,1464,1
malpurram,5/4/2021,193,208,1449,0
malpurram,6/4/2021,261,190,1519,1
malpurram,7/4/2021,276,260,1533,2
malpurram,8/4/2021,359,249,1643,0
malpurram,9/4/2021,359,330,1672,0
malpurram,10/4/2021,549,304,1913,4
malpurram,11/4/2021,728,265,2375,1
malpurram,12/4/2021,612,253,2734,0
malpurram,13-04-2021,633,263,3102,2
malpurram,14-04-2021,888,261,3729,0
malpurram,15-04-2021,744,264,4209,0
malpurram,16-04-2021,882,278,4811,2
malpurram,17-04-2021,1430,249,5992,0
malpurram,18-04-2021,1677,247,7420,2
malpurram,19-04-2021,1661,169,8912,0
malpurram,20-04-2021,1945,159,10696,2
malpurram,21-04-2021,1874,165,12403,1
malpurram,22-04-2021,2776,378,14798,3
malpurram,23-04-2021,2671,529,16939,1
malpurram,24-04-2021,2745,540,19143,1
malpurram,25-04-2021,3123,754,21508,4
malpurram,26-04-2021,2455,825,23136,2
malpurram,27-04-2021,3251,704,25683,0
malpurram,28-04-2021,3684,721,28638,8
malpurram,29-04-2021,3857,999,31490,6
malpurram,30-04-2021,3945,1099,34336,0
malpurram,1/5/2021,3354,1622,36067,1
malpurram,2/5/2021,3085,1758,37389,4
malpurram,3/5/2021,3278,1912,38754,1
malpurram,4/5/2021,4323,2125,40944,8
malpurram,5/5/2021,4166,2711,42396,3
malpurram,6/5/2021,4405,3205,43596,0
malpurram,7/5/2021,3949,3224,44320,1
malpurram,8/5/2021,4558,3388,45490,0
malpurram,9/5/2021,3850,3621,45718,1
malpurram,10/5/2021,3443,3694,45463,4
malpurram,11/5/2021,4774,3877,46360,0
malpurram,12/5/2021,5388,3946,47797,5
malpurram,13-05-2021,5044,2908,49933,0
malpurram,14-05-2021,3997,3981,49949,0
malpurram,15-05-2021,4782,3669,51054,8
malpurram,16-05-2021,4424,4050,51427,1
malpurram,17-05-2021,2941,4050,50318,0
malpurram,18-05-2021,4320,4460,50172,6
malpurram,19-05-2021,4212,5054,49329,1
malpurram,20-05-2021,4746,5729,48343,3
malpurram,21-05-2021,3499,4613,47224,5
malpurram,22-05-2021,3932,4555,46600,1
malpurram,23-05-2021,4074,5502,45167,5
malpurram,24-05-2021,2533,5040,42650,9
malpurram,25-05-2021,5315,4052,43902,10
malpurram,26-05-2021,4751,4720,43910,23
malpurram,27-05-2021,4212,4505,43610,7
malpurram,28-05-2021,3938,3260,44279,9
malpurram,29-05-2021,3990,4289,43942,38
malpurram,30-05-2021,3015,4131,42805,21
malpurram,31-05-2021,1689,3508,40985,1
malpurram,1/6/2021,2874,4170,39688,1
malpurram,2/6/2021,2346,4327,37706,1
malpurram,3/6/2021,2448,4143,36011,0
malpurram,4/6/2021,2300,2840,35471,0
malpurram,5/6/2021,1980,4951,32496,4
malpurram,6/6/2021,1687,5087,29032,64
malpurram,7/6/2021,908,5237,24687,16
malpurram,8/6/2021,2121,4831,21975,2
malpurram,9/6/2021,1744,4590,19126,3
malpurram,10/6/2021,1597,3392,17326,3
malpurram,11/6/2021,1413,2306,16433,0
malpurram,12/6/2021,1444,2921,14922,34
malpurram,13-06-2021,1006,2226,13648,52
malpurram,14-06-2021,581,2286,11939,4
malpurram,15-06-2021,1072,2351,10653,7
malpurram,16-06-2021,1350,1997,9990,16
malpurram,17-06-2021,1293,1568,9706,9
malpurram,18-06-2021,1039,1014,9730,1
malpurram,19-06-2021,1282,1560,9442,10
malpurram,20-06-2021,1187,1520,9101,8
malpurram,21-06-2021,689,1336,8439,15
malpurram,22-06-2021,1603,1016,9019,7
malpurram,23-06-2021,1321,1092,9239,9
malpurram,24-06-2021,1287,904,9611,11
malpurram,25-06-2021,1374,862,10107,16
malpurram,26-06-2021,1339,1006,10429,11
malpurram,27-06-2021,1103,1290,10239,3
malpurram,28-06-2021,824,1104,9940,19
malpurram,29-06-2021,1708,923,10725,0
malpurram,30-06-2021,1610,1045,11270,20
malpurram,1/7/2021,1561,1107,11712,12
malpurram,2/7/2021,1553,841,12410,14
malpurram,3/7/2021,1640,1535,12504,11
malpurram,4/7/2021,1541,1295,12738,12
malpurram,5/7/2021,894,1188,12439,5
malpurram,6/7/2021,2110,1334,13200,15
malpurram,7/7/2021,2052,1259,13973,20
malpurram,8/7/2021,1981,1091,14862,1
malpurram,9/7/2021,1962,1038,15770,16
malpurram,10/7/2021,1883,1307,16338,8
malpurram,11/7/2021,1861,1382,16806,11
malpurram,12/7/2021,722,1485,16033,10
malpurram,13-07-2021,2115,1566,16577,5
malpurram,14-07-2021,2030,1624,16966,17
malpurram,15-07-2021,1917,1574,17300,9
malpurram,16-07-2021,1763,1054,18006,3
malpurram,17-07-2021,2033,2502,17518,19
malpurram,18-07-2021,2271,2299,17486,4
malpurram,19-07-2021,1615,2504,16597,0
malpurram,20-07-2021,2752,2453,16885,10
malpurram,21-07-2021,2318,2221,16982,0
malpurram,22-07-2021,1249,1860,16355,16
malpurram,23-07-2021,2871,1033,18172,21
malpurram,24-07-2021,2816,2401,18570,17
malpurram,25-07-2021,2684,2467,18786,1
malpurram,26-07-2021,1779,2244,18317,4
malpurram,27-07-2021,4037,2214,20128,12
malpurram,28-07-2021,3831,2557,21391,11
malpurram,29-07-2021,3679,2779,22273,18
malpurram,30-07-2021,3670,1838,24083,22
malpurram,31-07-2021,3474,2655,24889,12
malpurram,1/8/2021,3770,2871,25784,4
malpurram,2/8/2021,1925,2653,25034,22
malpurram,3/8/2021,4276,2277,27014,19
malpurram,4/8/2021,3691,3589,27116,0
malpurram,5/8/2021,3645,2677,28058,26
malpurram,6/8/2021,3417,3674,27780,21
malpurram,7/8/2021,3413,3560,27621,12
malpurram,8/8/2021,3051,2119,28537,16
malpurram,9/8/2021,2052,2801,27782,6
malpurram,10/8/2021,3603,2762,28602,21
malpurram,11/8/2021,3109,2940,28758,13
malpurram,12/8/2021,3300,3297,28735,26
malpurram,13-08-2021,3010,2167,29570,8
malpurram,14-08-2021,3038,2950,29654,4
malpurram,15-08-2021,2681,2987,29337,11
malpurram,16-08-2021,1693,2551,28434,45
malpurram,17-08-2021,3193,2015,29604,8
malpurram,18-08-2021,3089,2935,29737,21
malpurram,19-08-2021,2824,2712,29809,40
malpurram,20-08-2021,2611,2115,30296,9
malpurram,21-08-2021,2558,3577,29261,16
malpurram,22-08-2021,1577,3092,27745,1
malpurram,23-08-2021,1497,3175,26044,23
malpurram,24-08-2021,2778,3025,25773,24
malpurram,25-08-2021,3502,2929,26326,20
malpurram,26-08-2021,2985,2656,26655,0
malpurram,27-08-2021,4032,1948,28708,31
malpurram,28-08-2021,3199,3002,28881,24
malpurram,29-08-2021,3190,3057,29006,8
malpurram,30-08-2021,1526,2757,27769,6
malpurram,31-08-2021,3576,2532,28800,13
malpurram,1/9/2021,3099,2540,29338,21
malpurram,2/9/2021,2664,1850,30151,1
malpurram,3/9/2021,2736,1493,31370,24
malpurram,4/9/2021,3166,2805,31720,11
malpurram,5/9/2021,2568,3317,30962,9
malpurram,6/9/2021,1695,3144,29503,10
malpurram,7/9/2021,2952,3964,28463,28
malpurram,8/9/2021,2580,3019,28011,13
malpurram,9/9/2021,2452,3146,27308,9
malpurram,10/9/2021,2606,2537,27367,10
malpurram,11/9/2021,1554,2641,26249,31
malpurram,12/9/2021,1546,3092,24693,10
malpurram,13-09-2021,1199,2701,23178,13
malpurram,14-09-2021,1523,2713,21979,9
malpurram,15-09-2021,1372,2864,20473,14
malpurram,16-09-2021,2061,2878,19638,18
malpurram,17-09-2021,1818,1864,19578,13
malpurram,18-09-2021,1596,2689,18480,5
malpurram,19-09-2021,1387,2614,17239,14
malpurram,20-09-2021,1204,2423,16001,19
malpurram,21-09-2021,1377,2591,14766,21
malpurram,22-09-2021,1298,1572,14473,19
malpurram,23-09-2021,1401,1591,14265,18
malpurram,24-09-2021,1285,1366,14173,11
malpurram,25-09-2021,1200,1397,13972,4
malpurram,26-09-2021,1211,1328,13844,11
malpurram,27-09-2021,942,1947,12832,7
malpurram,28-09-2021,1061,1820,12064,9
malpurram,29-09-2021,1017,1593,11473,15
malpurram,30-09-2021,942,1440,10968,7
malpurram,1/10/2021,1125,1228,10859,6
malpurram,2/10/2021,845,1346,10346,12
malpurram,3/10/2021,894,1268,9970,2
malpurram,4/10/2021,747,1360,9345,12
malpurram,5/10/2021,686,1293,8720,18
malpurram,6/10/2021,931,1153,8485,13
malpurram,7/10/2021,762,1169,8062,16
malpurram,8/10/2021,764,1047,7776,3
malpurram,9/10/2021,660,1045,7383,8
malpurram,13-10-2021,699,948,5726,9
malpurram,14-10-2021,437,893,5264,6
malpurram,15-10-2021,593,750,5105,2
malpurram,16-10-2021,438,681,4857,5
malpurram,17-10-2021,414,907,4357,7
malpurram,18-10-2021,356,790,3923,0
malpurram,19-10-2021,353,754,3518,4
malpurram,20-10-2021,656,631,3537,6
malpurram,21-10-2021,499,685,3343,8
malpurram,22-10-2021,517,556,3292,12
malpurram,23-10-2021,436,349,3361,18
malpurram,24-10-2021,430,503,3268,20
malpurram,25-10-2021,396,345,3305,14
malpurram,26-10-2021,336,362,3273,6
malpurram,27-10-2021,441,277,3430,7
malpurram,28-10-2021,362,395,3376,21
malpurram,29-10-2021,371,487,3257,3
malpurram,30-10-2021,394,503,3139,9
malpurram,31-10-2021,334,560,2865,48
malpurram,1/11/2021,302,454,2709,4
malpurram,2/11/2021,290,510,2477,12
malpurram,3/11/2021,342,410,2399,10
malpurram,4/11/2021,370,452,2312,5
malpurram,5/11/2021,240,402,2122,28
malpurram,6/11/2021,215,319,1996,22
malpurram,7/11/2021,314,407,1902,1
malpurram,8/11/2021,234,357,1770,9
malpurram,9/11/2021,155,365,1495,65
malpurram,13-11-2021,250,282,1067,1
malpurram,14-11-2021,251,345,970,3
malpurram,15-11-2021,159,377,743,9
malpurram,16-11-2021,208,248,701,2
malpurram,17-11-2021,237,223,691,24
malpurram,18-11-2021,287,323,651,4
malpurram,19-11-2021,191,249,569,24
malpurram,20-11-2021,215,158,622,4
malpurram,21-11-2021,203,178,647,0
malpurram,22-11-2021,179,335,491,0
malpurram,23-11-2021,135,191,428,7
malpurram,24-11-2021,101,263,236,30
malpurram,25-11-2021,414,247,403,0
malpurram,26-11-2021,162,160,371,34
malpurram,27-11-2021,207,208,320,50
malpurram,28-11-2021,253,228,345,0
malpurram,29-11-2021,106,293,149,9
malpurram,30-11-2021,211,191,167,2
malpurram,1/12/2021,282,212,223,14
malpurram,2/12/2021,136,206,144,9
malpurram,3/12/2021,205,187,161,1
malpurram,4/12/2021,233,130,264,0
malpurram,5/12/2021,158,105,317,0
malpurram,6/12/2021,135,397,55,0
malpurram,7/12/2021,163,156,62,0
malpurram,8/12/2021,202,195,69,0
malpurram,10/1/2022,267,82,74,0
malpurram,11/1/2022,309,103,280,0
malpurram,12/1/2022,449,112,610,7
malpurram,13-01-2022,589,117,1079,3
malpurram,14-01-2022,708,120,1646,21
malpurram,15-01-2022,728,123,2238,13
malpurram,16-01-2022,821,135,2911,13
malpurram,17-01-2022,935,133,3713,0
malpurram,18-01-2022,1375,174,4903,11
malpurram,19-01-2022,1579,216,6246,20
malpurram,20-01-2022,2259,652,7851,2
malpurram,21-01-2022,2148,796,9199,4
malpurram,22-01-2022,2431,720,10905,5
malpurram,23-01-2022,2371,698,12575,3
malpurram,24-01-2022,1710,972,13306,7
malpurram,25-01-2022,3138,1061,15370,13
malpurram,26-01-2022,2517,1681,16199,7
malpurram,27-01-2022,2855,1897,17151,6
malpurram,28-01-2022,3003,2130,17977,47
malpurram,29-01-2022,2996,2809,18116,48
malpurram,30-01-2022,2796,1131,19743,38
malpurram,31-01-2022,2463,2165,20011,30
malpurram,1/2/2022,2838,2375,20205,269
malpurram,2/2/2022,3268,2095,21321,57
malpurram,3/2/2022,2380,2841,20756,104
malpurram,4/2/2022,2616,2719,20558,95
malpurram,5/2/2022,2086,2927,19651,66
malpurram,6/2/2022,1639,2680,18572,38
malpurram,7/2/2022,1218,2185,17320,285
malpurram,8/2/2022,1349,2417,16170,82
malpurram,9/2/2022,1200,2696,14431,243
malpurram,10/2/2022,1234,3068,12576,21
malpurram,11/2/2022,750,2207,11063,56
malpurram,12/2/2022,838,2489,9390,22
malpurram,13-02-2022,557,1999,7939,9
malpurram,14-02-2022,443,1586,6777,19
malpurram,15-02-2022,557,1165,6146,23
malpurram,16-02-2022,419,1300,5248,17
malpurram,17-02-2022,405,1183,4456,14
malpurram,18-02-2022,444,1343,3534,23
malpurram,19-02-2022,339,970,2891,12
malpurram,20-02-2022,279,1039,2130,1
malpurram,21-02-2022,222,894,1411,47
malpurram,22-02-2022,264,636,1022,17
malpurram,23-02-2022,342,581,763,20
malpurram,24-02-2022,270,471,560,2
malpurram,25-02-2022,176,415,292,29
wayanad,26-03-2020,1,0,1,0
wayanad,30-03-2020,2,0,3,0
wayanad,8/4/2020,0,2,1,0
wayanad,25-04-2020,0,1,0,0
wayanad,2/5/2020,1,0,1,0
wayanad,5/5/2020,3,0,4,0
wayanad,10/5/2020,3,0,7,0
wayanad,11/5/2020,1,0,8,0
wayanad,13-05-2020,2,0,10,0
wayanad,14-05-2020,3,0,13,0
wayanad,15-05-2020,5,0,18,0
wayanad,16-05-2020,0,2,16,0
wayanad,20-05-2020,0,1,15,0
wayanad,21-05-2020,0,4,11,0
wayanad,22-05-2020,1,0,12,0
wayanad,23-05-2020,1,0,13,0
wayanad,24-05-2020,0,3,9,1
wayanad,25-05-2020,0,1,8,0
wayanad,27-05-2020,3,1,10,0
wayanad,29-05-2020,2,5,7,0
wayanad,31-05-2020,3,0,10,0
wayanad,1/6/2020,0,1,9,0
wayanad,2/6/2020,6,0,15,0
wayanad,4/6/2020,2,2,15,0
wayanad,5/6/2020,3,0,18,0
wayanad,8/6/2020,2,2,18,0
wayanad,9/6/2020,6,1,23,0
wayanad,10/6/2020,4,6,21,0
wayanad,13-06-2020,1,1,21,0
wayanad,14-06-2020,1,1,21,0
wayanad,15-06-2020,1,0,22,0
wayanad,16-06-2020,0,5,17,0
wayanad,17-06-2020,3,0,20,0
wayanad,18-06-2020,0,2,18,0
wayanad,19-06-2020,4,0,22,0
wayanad,20-06-2020,5,2,25,0
wayanad,22-06-2020,5,0,30,0
wayanad,23-06-2020,2,3,29,0
wayanad,24-06-2020,2,0,31,0
wayanad,25-06-2020,2,0,33,0
wayanad,26-06-2020,5,0,38,0
wayanad,27-06-2020,5,0,43,0
wayanad,28-06-2020,5,1,47,0
wayanad,30-06-2020,0,4,43,0
wayanad,1/7/2020,3,3,43,0
wayanad,2/7/2020,1,0,44,0
wayanad,3/7/2020,1,10,35,0
wayanad,4/7/2020,2,0,37,0
wayanad,5/7/2020,6,6,37,0
wayanad,6/7/2020,8,0,45,0
wayanad,7/7/2020,3,4,44,0
wayanad,8/7/2020,14,0,58,0
wayanad,9/7/2020,7,3,62,0
wayanad,10/7/2020,0,4,58,0
wayanad,11/7/2020,11,0,69,0
wayanad,12/7/2020,19,0,88,0
wayanad,13-07-2020,14,16,86,0
wayanad,14-07-2020,12,0,98,0
wayanad,15-07-2020,4,1,101,0
wayanad,16-07-2020,13,1,113,0
wayanad,17-07-2020,28,4,137,0
wayanad,18-07-2020,26,4,159,0
wayanad,19-07-2020,1,0,160,0
wayanad,20-07-2020,26,0,186,0
wayanad,21-07-2020,17,14,189,0
wayanad,22-07-2020,4,5,188,0
wayanad,23-07-2020,10,5,193,0
wayanad,24-07-2020,15,21,187,0
wayanad,25-07-2020,17,45,159,0
wayanad,26-07-2020,28,0,187,0
wayanad,27-07-2020,17,49,155,0
wayanad,28-07-2020,53,18,190,0
wayanad,29-07-2020,43,9,224,0
wayanad,30-07-2020,3,17,210,0
wayanad,31-07-2020,124,19,315,0
wayanad,1/8/2020,46,5,356,0
wayanad,2/8/2020,19,19,356,0
wayanad,3/8/2020,31,8,379,0
wayanad,4/8/2020,17,9,387,0
wayanad,5/8/2020,14,40,361,0
wayanad,6/8/2020,46,20,387,0
wayanad,7/8/2020,55,34,408,0
wayanad,8/8/2020,10,55,363,0
wayanad,9/8/2020,25,48,340,0
wayanad,10/8/2020,33,41,331,1
wayanad,11/8/2020,18,48,301,0
wayanad,12/8/2020,12,15,298,0
wayanad,13-08-2020,27,30,295,0
wayanad,14-08-2020,57,33,319,0
wayanad,15-08-2020,48,20,347,0
wayanad,16-08-2020,49,61,335,0
wayanad,17-08-2020,15,13,337,0
wayanad,18-08-2020,47,46,337,1
wayanad,19-08-2020,17,12,342,0
wayanad,20-08-2020,35,24,353,0
wayanad,21-08-2020,26,44,335,0
wayanad,22-08-2020,25,52,308,0
wayanad,23-08-2020,10,39,279,0
wayanad,24-08-2020,20,25,274,0
wayanad,25-08-2020,37,32,278,1
wayanad,26-08-2020,30,32,276,0
wayanad,27-08-2020,25,44,257,0
wayanad,28-08-2020,19,7,269,0
wayanad,29-08-2020,21,38,251,1
wayanad,30-08-2020,13,22,242,0
wayanad,31-08-2020,25,28,239,0
wayanad,1/9/2020,8,24,223,0
wayanad,2/9/2020,38,26,235,0
wayanad,3/9/2020,18,17,236,0
wayanad,4/9/2020,84,28,292,0
wayanad,5/9/2020,20,29,283,0
wayanad,6/9/2020,40,30,293,0
wayanad,7/9/2020,4,20,277,0
wayanad,8/9/2020,24,25,276,0
wayanad,9/9/2020,77,25,328,0
wayanad,10/9/2020,95,10,413,0
wayanad,11/9/2020,52,15,450,0
wayanad,12/9/2020,54,31,473,0
wayanad,13-09-2020,56,33,496,0
wayanad,14-09-2020,20,76,440,0
wayanad,15-09-2020,64,32,472,0
wayanad,16-09-2020,99,12,559,0
wayanad,17-09-2020,107,79,587,0
wayanad,18-09-2020,68,79,576,0
wayanad,19-09-2020,95,31,640,0
wayanad,20-09-2020,97,53,684,0
wayanad,21-09-2020,18,46,656,0
wayanad,22-09-2020,81,61,676,0
wayanad,23-09-2020,59,27,708,0
wayanad,24-09-2020,106,105,709,0
wayanad,25-09-2020,74,79,704,0
wayanad,26-09-2020,89,94,699,0
wayanad,27-09-2020,172,117,754,0
wayanad,28-09-2020,44,63,735,0
wayanad,29-09-2020,169,53,851,0
wayanad,30-09-2020,214,51,1014,0
wayanad,1/10/2020,143,59,1098,0
wayanad,2/10/2020,108,75,1131,0
wayanad,3/10/2020,81,92,1120,0
wayanad,4/10/2020,109,97,1132,0
wayanad,5/10/2020,31,90,1073,0
wayanad,6/10/2020,135,102,1106,0
wayanad,7/10/2020,138,103,1141,0
wayanad,8/10/2020,131,129,1143,0
wayanad,9/10/2020,127,152,1118,0
wayanad,13-10-2020,110,122,1147,0
wayanad,14-10-2020,84,66,1165,0
wayanad,15-10-2020,143,119,1189,0
wayanad,16-10-2020,158,155,1192,0
wayanad,17-10-2020,121,144,1169,0
wayanad,18-10-2020,144,122,1191,0
wayanad,19-10-2020,51,128,1114,0
wayanad,20-10-2020,87,113,1088,0
wayanad,21-10-2020,132,92,1128,0
wayanad,22-10-2020,71,120,1079,0
wayanad,23-10-2020,146,113,1112,0
wayanad,24-10-2020,79,126,1065,0
wayanad,25-10-2020,87,133,1019,0
wayanad,26-10-2020,28,107,936,4
wayanad,27-10-2020,103,111,928,0
wayanad,28-10-2020,188,137,978,1
wayanad,29-10-2020,93,99,971,1
wayanad,30-10-2020,90,109,951,1
wayanad,31-10-2020,145,88,1007,1
wayanad,1/11/2020,86,132,961,0
wayanad,2/11/2020,46,72,935,0
wayanad,3/11/2020,118,83,969,1
wayanad,4/11/2020,151,87,1033,0
wayanad,5/11/2020,114,79,1067,1
wayanad,6/11/2020,167,134,1099,1
wayanad,7/11/2020,113,106,1106,0
wayanad,8/11/2020,105,105,1105,1
wayanad,9/11/2020,50,104,1049,2
wayanad,13-11-2020,106,160,1065,0
wayanad,14-11-2020,171,109,1127,0
wayanad,15-11-2020,101,126,1101,1
wayanad,16-11-2020,37,67,1070,1
wayanad,17-11-2020,97,117,1050,0
wayanad,18-11-2020,158,76,1132,0
wayanad,19-11-2020,114,118,1128,0
wayanad,20-11-2020,135,151,1112,0
wayanad,21-11-2020,152,79,1185,0
wayanad,22-11-2020,153,121,1217,0
wayanad,23-11-2020,39,82,1173,1
wayanad,24-11-2020,103,111,1165,0
wayanad,25-11-2020,239,71,1333,0
wayanad,26-11-2020,151,129,1355,0
wayanad,27-11-2020,105,93,1367,0
wayanad,28-11-2020,251,145,1473,0
wayanad,29-11-2020,147,140,1479,1
wayanad,30-11-2020,90,116,1453,0
wayanad,1/12/2020,150,138,1464,1
wayanad,2/12/2020,275,108,1631,0
wayanad,3/12/2020,238,97,1771,1
wayanad,4/12/2020,180,139,1810,2
wayanad,5/12/2020,258,148,1919,1
wayanad,6/12/2020,213,80,2051,0
wayanad,7/12/2020,63,150,1964,0
wayanad,8/12/2020,284,125,2122,1
wayanad,9/12/2020,241,111,2252,0
wayanad,13-12-2020,234,201,2180,1
wayanad,14-12-2020,61,154,2086,1
wayanad,15-12-2020,281,162,2204,1
wayanad,16-12-2020,361,155,2409,1
wayanad,17-12-2020,140,209,2340,0
wayanad,18-12-2020,219,192,2365,2
wayanad,19-12-2020,239,157,2446,1
wayanad,20-12-2020,206,164,2487,1
wayanad,21-12-2020,65,120,2431,1
wayanad,22-12-2020,202,195,2435,3
wayanad,23-12-2020,260,152,2542,1
wayanad,24-12-2020,165,179,2527,1
wayanad,25-12-2020,259,196,2590,0
wayanad,26-12-2020,68,109,2549,0
wayanad,27-12-2020,231,162,2617,1
wayanad,28-12-2020,160,72,2705,0
wayanad,29-12-2020,208,223,2690,0
wayanad,30-12-2020,267,217,2740,0
wayanad,31-12-2020,165,298,2606,1
wayanad,1/1/2021,174,214,2566,0
wayanad,2/1/2021,204,178,2591,1
wayanad,3/1/2021,148,127,2612,0
wayanad,4/1/2021,79,151,2540,0
wayanad,5/1/2021,175,171,2541,3
wayanad,6/1/2021,210,110,2640,1
wayanad,7/1/2021,244,256,2628,0
wayanad,8/1/2021,238,126,2740,0
wayanad,9/1/2021,213,139,2814,0
wayanad,10/1/2021,173,228,2759,0
wayanad,11/1/2021,76,34,2801,0
wayanad,12/1/2021,207,110,2897,1
wayanad,14-01-2021,229,171,2955,0
wayanad,13-01-2021,248,179,3022,2
wayanad,15-01-2021,241,208,3055,0
wayanad,16-01-2021,238,180,3112,1
wayanad,17-01-2021,226,179,3158,1
wayanad,18-01-2021,68,55,3170,1
wayanad,19-01-2021,245,196,3217,2
wayanad,20-01-2021,322,192,3347,0
wayanad,21-01-2021,238,235,3350,0
wayanad,22-01-2021,255,163,3442,0
wayanad,23-01-2021,290,142,3588,2
wayanad,24-01-2021,292,177,3702,1
wayanad,25-01-2021,67,63,3705,1
wayanad,26-01-2021,245,264,3686,0
wayanad,27-01-2021,241,69,3858,0
wayanad,28-01-2021,193,224,3826,1
wayanad,29-01-2021,173,206,3793,0
wayanad,30-01-2021,187,237,3742,1
wayanad,31-01-2021,153,287,3607,1
wayanad,1/2/2021,84,126,3564,1
wayanad,2/2/2021,218,545,3237,0
wayanad,3/2/2021,190,49,3378,0
wayanad,4/2/2021,114,206,3286,0
wayanad,5/2/2021,163,354,3095,0
wayanad,6/2/2021,179,340,2933,1
wayanad,7/2/2021,212,263,2880,2
wayanad,8/2/2021,71,181,2770,0
wayanad,9/2/2021,74,266,2577,1
wayanad,10/2/2021,201,315,2462,1
wayanad,11/2/2021,180,308,2334,0
wayanad,12/2/2021,127,198,2262,0
wayanad,13-02-2021,161,237,2186,0
wayanad,14-02-2021,145,217,2113,1
wayanad,15-02-2021,70,104,2078,1
wayanad,16-02-2021,135,150,2063,0
wayanad,17-02-2021,144,173,2032,2
wayanad,18-02-2021,133,178,1987,0
wayanad,19-02-2021,115,142,1959,1
wayanad,20-02-2021,143,151,1950,0
wayanad,21-02-2021,83,122,1909,1
wayanad,22-02-2021,52,142,1818,1
wayanad,23-02-2021,131,168,1780,1
wayanad,24-02-2021,121,86,1813,2
wayanad,25-02-2021,93,117,1789,0
wayanad,26-02-2021,159,114,1834,0
wayanad,27-02-2021,82,96,1820,0
wayanad,28-02-2021,99,134,1785,0
wayanad,1/3/2021,62,27,1820,0
wayanad,2/3/2021,57,102,1775,0
wayanad,3/3/2021,83,128,1730,0
wayanad,4/3/2021,89,97,1722,0
wayanad,5/3/2021,67,117,1672,0
wayanad,6/3/2021,61,87,1644,2
wayanad,7/3/2021,47,71,1619,1
wayanad,8/3/2021,31,104,1546,0
wayanad,9/3/2021,64,112,1498,0
wayanad,10/3/2021,63,248,1313,0
wayanad,11/3/2021,35,77,1271,0
wayanad,12/3/2021,41,106,1206,0
wayanad,13-03-2021,53,69,1190,0
wayanad,14-03-2021,40,59,1171,0
wayanad,15-03-2021,20,118,1072,1
wayanad,16-03-2021,49,35,1086,0
wayanad,17-03-2021,59,100,1044,1
wayanad,18-03-2021,24,75,993,0
wayanad,19-03-2021,52,56,989,0
wayanad,20-03-2021,45,43,991,0
wayanad,21-03-2021,38,53,976,0
wayanad,22-03-2021,24,18,982,0
wayanad,23-03-2021,59,48,993,0
wayanad,24-03-2021,70,79,984,0
wayanad,25-03-2021,43,43,984,0
wayanad,26-03-2021,40,32,991,1
wayanad,27-03-2021,58,35,1013,1
wayanad,28-03-2021,64,35,1042,0
wayanad,29-03-2021,31,29,1044,0
wayanad,30-03-2021,78,38,1083,1
wayanad,31-03-2021,55,24,1114,0
wayanad,1/4/2021,66,48,1132,0
wayanad,2/4/2021,69,44,1157,0
wayanad,3/4/2021,77,34,1200,0
wayanad,4/4/2021,59,78,1180,1
wayanad,5/4/2021,39,42,1177,0
wayanad,6/4/2021,118,53,1242,0
wayanad,7/4/2021,82,48,1276,0
wayanad,8/4/2021,176,37,1414,0
wayanad,9/4/2021,152,60,1505,1
wayanad,10/4/2021,191,71,1625,0
wayanad,11/4/2021,200,34,1791,0
wayanad,12/4/2021,133,17,1907,0
wayanad,13-04-2021,199,63,2043,0
wayanad,14-04-2021,273,66,2250,0
wayanad,15-04-2021,166,30,2386,0
wayanad,16-04-2021,348,79,2655,0
wayanad,17-04-2021,484,100,3039,0
wayanad,18-04-2021,605,86,3558,0
wayanad,19-04-2021,388,75,3871,0
wayanad,20-04-2021,590,133,4327,1
wayanad,21-04-2021,538,89,4774,1
wayanad,22-04-2021,614,83,5305,0
wayanad,23-04-2021,812,219,5898,0
wayanad,24-04-2021,873,127,6641,3
wayanad,25-04-2021,659,199,7101,0
wayanad,26-04-2021,500,117,7484,0
wayanad,27-04-2021,968,233,8219,0
wayanad,28-04-2021,732,278,8673,0
wayanad,29-04-2021,909,305,9274,3
wayanad,30-04-2021,743,249,9767,1
wayanad,1/5/2021,814,328,10253,0
wayanad,2/5/2021,769,188,10834,0
wayanad,3/5/2021,325,151,11005,3
wayanad,4/5/2021,959,250,11713,1
wayanad,5/5/2021,890,300,12302,1
wayanad,6/5/2021,1056,182,13174,1
wayanad,7/5/2021,1173,277,14069,1
wayanad,8/5/2021,1196,591,14671,3
wayanad,9/5/2021,655,187,15134,3
wayanad,10/5/2021,328,383,15079,0
wayanad,11/5/2021,892,645,15326,0
wayanad,12/5/2021,701,446,15581,0
wayanad,13-05-2021,787,490,15878,0
wayanad,14-05-2021,482,644,15716,0
wayanad,15-05-2021,702,458,15951,9
wayanad,16-05-2021,590,495,16039,7
wayanad,17-05-2021,211,6907,9343,0
wayanad,18-05-2021,631,1309,8664,1
wayanad,19-05-2021,497,947,8211,3
wayanad,20-05-2021,517,823,7903,2
wayanad,21-05-2021,392,560,7733,2
wayanad,22-05-2021,499,487,7740,5
wayanad,23-05-2021,486,449,7773,4
wayanad,24-05-2021,158,84,7846,1
wayanad,25-05-2021,411,572,7683,2
wayanad,26-05-2021,373,372,7681,3
wayanad,27-05-2021,315,378,7618,0
wayanad,28-05-2021,264,2444,5438,0
wayanad,29-05-2021,244,839,4843,0
wayanad,30-05-2021,249,213,4873,6
wayanad,31-05-2021,170,440,4603,0
wayanad,1/6/2021,281,228,4655,1
wayanad,2/6/2021,307,397,4564,1
wayanad,3/6/2021,234,487,4301,10
wayanad,4/6/2021,272,55,4516,2
wayanad,5/6/2021,241,405,4349,3
wayanad,6/6/2021,198,302,4243,2
wayanad,7/6/2021,128,306,4065,0
wayanad,8/6/2021,272,297,4038,2
wayanad,9/6/2021,310,246,4101,1
wayanad,10/6/2021,194,278,4014,3
wayanad,11/6/2021,191,152,4053,0
wayanad,12/6/2021,266,285,4034,0
wayanad,13-06-2021,147,307,3872,2
wayanad,14-06-2021,104,228,3747,1
wayanad,15-06-2021,184,209,3719,3
wayanad,16-06-2021,228,244,3703,0
wayanad,17-06-2021,259,383,3577,2
wayanad,18-06-2021,206,166,3614,3
wayanad,19-06-2021,222,239,3590,6
wayanad,20-06-2021,179,272,3497,0
wayanad,21-06-2021,114,201,3410,0
wayanad,22-06-2021,266,235,3441,0
wayanad,23-06-2021,311,335,3415,2
wayanad,24-06-2021,352,245,3522,0
wayanad,25-06-2021,203,94,3628,3
wayanad,26-06-2021,230,177,3678,2
wayanad,27-06-2021,246,229,3692,3
wayanad,28-06-2021,175,263,3601,2
wayanad,29-06-2021,268,193,3673,3
wayanad,30-06-2021,372,235,3810,0
wayanad,1/7/2021,266,194,3875,7
wayanad,2/7/2021,300,114,4060,1
wayanad,3/7/2021,328,274,4112,2
wayanad,4/7/2021,276,300,4084,4
wayanad,5/7/2021,138,314,3907,1
wayanad,6/7/2021,362,231,4038,0
wayanad,7/7/2021,453,219,4271,1
wayanad,8/7/2021,459,209,4518,2
wayanad,9/7/2021,335,128,4721,4
wayanad,10/7/2021,330,249,4800,2
wayanad,11/7/2021,397,332,4863,1
wayanad,12/7/2021,137,282,4716,2
wayanad,13-07-2021,436,239,4910,3
wayanad,14-07-2021,433,292,5049,2
wayanad,15-07-2021,325,344,5029,1
wayanad,16-07-2021,345,164,5207,3
wayanad,17-07-2021,494,420,5281,0
wayanad,18-07-2021,473,352,5401,1
wayanad,19-07-2021,247,426,5220,2
wayanad,20-07-2021,450,299,5370,1
wayanad,21-07-2021,475,335,5510,0
wayanad,22-07-2021,282,416,5373,3
wayanad,23-07-2021,363,135,5598,3
wayanad,24-07-2021,526,387,5737,0
wayanad,25-07-2021,383,423,5697,0
wayanad,26-07-2021,221,304,5608,6
wayanad,27-07-2021,583,325,5861,5
wayanad,28-07-2021,685,441,6100,5
wayanad,29-07-2021,693,463,6330,0
wayanad,30-07-2021,564,239,6654,1
wayanad,31-07-2021,530,407,6777,0
wayanad,1/8/2021,666,493,6950,0
wayanad,2/8/2021,263,237,6974,2
wayanad,3/8/2021,787,394,7367,0
wayanad,4/8/2021,696,534,7528,1
wayanad,5/8/2021,676,387,7815,2
wayanad,6/8/2021,548,239,8121,3
wayanad,7/8/2021,660,546,8232,3
wayanad,8/8/2021,551,726,8057,0
wayanad,9/8/2021,291,690,7654,4
wayanad,10/8/2021,723,480,7897,0
wayanad,11/8/2021,564,522,7938,1
wayanad,12/8/2021,720,661,7994,3
wayanad,13-08-2021,547,280,8260,1
wayanad,14-08-2021,603,772,8090,1
wayanad,15-08-2021,497,658,7921,8
wayanad,16-08-2021,202,703,7419,1
wayanad,17-08-2021,619,504,7531,3
wayanad,18-08-2021,559,676,7411,3
wayanad,19-08-2021,729,594,7542,4
wayanad,20-08-2021,524,292,7771,3
wayanad,21-08-2021,648,709,7710,0
wayanad,22-08-2021,265,542,7433,0
wayanad,23-08-2021,378,706,7103,2
wayanad,24-08-2021,879,663,7313,6
wayanad,25-08-2021,962,647,7623,5
wayanad,26-08-2021,1161,470,8313,1
wayanad,27-08-2021,961,220,9051,3
wayanad,28-08-2021,1224,649,9626,0
wayanad,29-08-2021,1002,667,9954,7
wayanad,30-08-2021,423,680,9695,2
wayanad,31-08-2021,1044,526,10210,3
wayanad,1/9/2021,1151,643,10711,7
wayanad,2/9/2021,1012,400,11322,1
wayanad,3/9/2021,1003,256,12068,1
wayanad,4/9/2021,923,888,12098,5
wayanad,5/9/2021,793,955,11935,1
wayanad,6/9/2021,694,974,11654,1
wayanad,7/9/2021,607,914,11345,2
wayanad,8/9/2021,894,1222,11015,2
wayanad,9/9/2021,981,969,11025,2
wayanad,10/9/2021,802,393,11428,6
wayanad,11/9/2021,849,986,11287,4
wayanad,12/9/2021,566,1114,10739,0
wayanad,13-09-2021,445,966,10216,2
wayanad,14-09-2021,296,960,9550,2
wayanad,15-09-2021,869,956,9463,0
wayanad,16-09-2021,740,835,9360,8
wayanad,17-09-2021,639,663,9336,0
wayanad,18-09-2021,452,610,9174,4
wayanad,19-09-2021,443,976,8639,2
wayanad,20-09-2021,510,942,8205,2
wayanad,21-09-2021,237,801,7641,0
wayanad,22-09-2021,738,932,7444,3
wayanad,23-09-2021,631,594,7479,2
wayanad,24-09-2021,338,442,7375,0
wayanad,25-09-2021,661,331,7702,3
wayanad,26-09-2021,502,968,7235,1
wayanad,27-09-2021,286,801,6715,5
wayanad,28-09-2021,230,615,6327,3
wayanad,29-09-2021,457,458,6326,0
wayanad,30-09-2021,566,574,6317,1
wayanad,1/10/2021,339,577,6076,3
wayanad,2/10/2021,458,280,6250,4
wayanad,3/10/2021,366,674,5942,0
wayanad,4/10/2021,105,656,5389,2
wayanad,5/10/2021,290,276,5400,3
wayanad,6/10/2021,440,735,5104,1
wayanad,7/10/2021,337,484,4954,3
wayanad,8/10/2021,389,285,5052,6
wayanad,9/10/2021,318,378,4990,2
wayanad,13-10-2021,387,461,4201,1
wayanad,14-10-2021,249,411,4039,0
wayanad,15-10-2021,286,91,4233,1
wayanad,16-10-2021,217,312,4137,1
wayanad,17-10-2021,271,420,3987,1
wayanad,18-10-2021,214,367,3832,2
wayanad,19-10-2021,185,397,3620,0
wayanad,20-10-2021,328,309,3637,2
wayanad,21-10-2021,288,253,3669,3
wayanad,22-10-2021,310,141,3837,1
wayanad,23-10-2021,270,231,3853,23
wayanad,24-10-2021,311,357,3803,4
wayanad,25-10-2021,194,242,3730,25
wayanad,26-10-2021,166,239,3654,3
wayanad,27-10-2021,333,210,3777,0
wayanad,28-10-2021,294,286,3783,2
wayanad,29-10-2021,257,195,3845,0
wayanad,30-10-2021,310,190,3965,0
wayanad,31-10-2021,269,329,3905,0
wayanad,1/11/2021,184,269,3804,16
wayanad,2/11/2021,92,272,3622,2
wayanad,3/11/2021,331,316,3637,0
wayanad,4/11/2021,298,310,3621,4
wayanad,5/11/2021,285,204,3702,0
wayanad,6/11/2021,220,293,3629,0
wayanad,7/11/2021,322,212,3737,2
wayanad,8/11/2021,210,283,3661,3
wayanad,9/11/2021,118,252,3523,4
wayanad,13-11-2021,192,56,3820,0
wayanad,14-11-2021,335,333,3822,0
wayanad,15-11-2021,168,286,3704,0
wayanad,16-11-2021,104,273,3501,34
wayanad,17-11-2021,330,183,3645,3
wayanad,18-11-2021,289,315,3619,0
wayanad,19-11-2021,209,191,3636,1
wayanad,20-11-2021,203,118,3716,5
wayanad,21-11-2021,228,451,3492,1
wayanad,22-11-2021,119,253,3356,2
wayanad,23-11-2021,212,262,3296,10
wayanad,24-11-2021,209,179,3324,2
wayanad,25-11-2021,275,329,3270,0
wayanad,26-11-2021,202,182,3290,0
wayanad,27-11-2021,131,105,3311,5
wayanad,28-11-2021,167,335,3143,0
wayanad,29-11-2021,82,268,2954,3
wayanad,30-11-2021,206,201,2959,0
wayanad,1/12/2021,220,199,2978,2
wayanad,2/12/2021,176,227,2927,0
wayanad,3/12/2021,158,123,2958,4
wayanad,4/12/2021,135,207,2867,19
wayanad,5/12/2021,128,185,2809,1
wayanad,6/12/2021,62,266,2602,3
wayanad,7/12/2021,168,186,2584,0
wayanad,8/12/2021,203,136,2651,0
wayanad,9/12/2021,98,182,2565,2
wayanad,13-12-2021,39,153,2201,0
wayanad,14-12-2021,102,148,2152,3
wayanad,15-12-2021,132,125,2158,1
wayanad,16-12-2021,79,75,2162,0
wayanad,17-12-2021,90,103,2145,4
wayanad,18-12-2021,102,159,2070,18
wayanad,19-12-2021,68,174,1964,0
wayanad,20-12-2021,46,87,1922,1
wayanad,21-12-2021,107,110,1914,5
wayanad,22-12-2021,87,83,1918,0
wayanad,23-12-2021,78,119,1873,4
wayanad,24-12-2021,57,39,1891,0
wayanad,25-12-2021,77,96,1872,0
wayanad,26-12-2021,30,128,1774,0
wayanad,27-12-2021,28,80,1710,12
wayanad,28-12-2021,90,75,1725,0
wayanad,29-12-2021,69,19,1775,0
wayanad,30-12-2021,67,64,1778,0
wayanad,31-12-2021,115,49,1842,2
wayanad,1/1/2022,65,101,1806,0
wayanad,2/1/2022,80,99,1787,0
wayanad,3/1/2022,62,78,1770,1
wayanad,4/1/2022,79,61,1763,25
wayanad,5/1/2022,128,61,1830,0
wayanad,6/1/2022,73,29,1874,0
wayanad,7/1/2022,118,30,1959,3
wayanad,8/1/2022,116,86,1968,21
wayanad,9/1/2022,119,43,2044,0
wayanad,10/1/2022,67,71,2039,1
wayanad,11/1/2022,155,114,2080,0
wayanad,12/1/2022,200,63,2217,0
wayanad,13-01-2022,244,71,2390,0
wayanad,14-01-2022,240,66,2564,0
wayanad,15-01-2022,250,82,2730,2
wayanad,16-01-2022,318,125,2923,0
wayanad,17-01-2022,227,66,3084,0
wayanad,18-01-2022,525,137,3471,1
wayanad,19-01-2022,798,128,4141,0
wayanad,20-01-2022,827,142,4826,0
wayanad,21-01-2022,850,89,5587,0
wayanad,22-01-2022,972,824,5735,0
wayanad,23-01-2022,941,260,6416,0
wayanad,24-01-2022,524,317,6623,0
wayanad,25-01-2022,1070,214,7477,2
wayanad,26-01-2022,1368,520,8324,1
wayanad,27-01-2022,1344,810,8856,2
wayanad,28-01-2022,1379,799,9423,13
wayanad,29-01-2022,1593,829,10184,3
wayanad,30-01-2022,1338,964,10553,5
wayanad,31-01-2022,1062,927,10659,29
wayanad,1/2/2022,1000,497,11154,8
wayanad,2/2/2022,1602,1100,11649,7
wayanad,3/2/2022,1504,1374,11778,1
wayanad,4/2/2022,1202,1346,11626,8
wayanad,5/2/2022,923,1416,11130,3
wayanad,6/2/2022,825,1594,10357,4
wayanad,7/2/2022,617,1296,9675,3
wayanad,8/2/2022,512,1060,9123,4
wayanad,9/2/2022,803,959,8957,10
wayanad,10/2/2022,638,1579,8011,5
wayanad,11/2/2022,557,1479,7086,3
wayanad,12/2/2022,427,1160,6349,4
wayanad,13-02-2022,447,938,5856,2
wayanad,14-02-2022,205,807,5249,5
wayanad,15-02-2022,301,602,4943,5
wayanad,16-02-2022,495,511,4927,0
wayanad,17-02-2022,332,780,4469,10
wayanad,18-02-2022,324,639,4152,2
wayanad,19-02-2022,285,562,3873,2
wayanad,20-02-2022,296,424,3745,0
wayanad,21-02-2022,104,461,3386,2
wayanad,22-02-2022,222,204,3403,1
wayanad,23-02-2022,230,285,3340,8
wayanad,24-02-2022,135,490,2984,1
wayanad,25-02-2022,129,321,2788,4
wayanad,26-02-2022,108,330,2565,1
wayanad,27-02-2022,101,287,2379,0
wayanad,28-02-2022,63,295,2143,4
wayanad,1/3/2022,112,96,2159,0
wayanad,2/3/2022,90,224,2023,2
wayanad,3/3/2022,89,227,1880,5
wayanad,4/3/2022,77,134,1823,0
wayanad,5/3/2022,83,130,1775,1
wayanad,6/3/2022,61,107,1729,0
wayanad,7/3/2022,28,98,1654,5
wayanad,8/3/2022,79,56,1677,0
wayanad,9/3/2022,61,115,1621,2
wayanad,10/3/2022,50,101,1568,2
wayanad,11/3/2022,42,86,1524,0
wayanad,12/3/2022,37,82,1479,0
wayanad,13-03-2022,21,73,1427,0
wayanad,14-03-2022,28,63,1392,0
wayanad,15-03-2022,41,27,1404,2
wayanad,16-03-2022,21,77,1348,0
wayanad,17-03-2022,29,59,1318,0
wayanad,18-03-2022,37,51,1304,0
wayanad,19-03-2022,15,45,1269,5
wayanad,20-03-2022,19,35,1252,1
wayanad,21-03-2022,13,21,1243,1
wayanad,22-03-2022,23,31,1235,0
wayanad,23-03-2022,13,40,1207,1
wayanad,24-03-2022,9,16,1200,0
wayanad,25-03-2022,18,26,1192,0
wayanad,26-03-2022,10,34,1168,0
wayanad,27-03-2022,15,17,1166,0
wayanad,28-03-2022,6,22,1145,5
wayanad,29-03-2022,7,8,1144,0
wayanad,30-03-2022,6,23,1127,0
wayanad,31-03-2022,9,14,1122,0
wayanad,1/4/2022,8,11,1119,0
wayanad,2/4/2022,7,17,1107,2
wayanad,3/4/2022,3,8,1102,0
wayanad,4/4/2022,2,15,1089,0
wayanad,5/4/2022,1,6,1084,0
wayanad,6/4/2022,8,5,1087,0
wayanad,7/4/2022,5,7,1085,0
wayanad,8/4/2022,7,9,1081,2
wayanad,9/4/2022,2,6,1077,0
wayanad,10/4/2022,4,9,1072,0
wayanad,11/4/2022,5,3,1074,0
wayanad,12/4/2022,6,2,1078,0
wayanad,13-04-2022,1,1,1078,0
wayanad,14-04-2022,4,7,1075,0
wayanad,15-04-2022,2,4,1073,0
wayanad,16-04-2022,5,6,1072,0
wayanad,17-04-2022,4,2,1074,0
wayanad,18-04-2022,4,4,1074,0
wayanad,19-04-2022,7,5,1076,0
wayanad,20-04-2022,3,6,1073,0
wayanad,21-04-2022,6,0,1078,1
wayanad,22-04-2022,4,4,1078,0
wayanad,23-04-2022,2,2,1073,5
wayanad,24-04-2022,2,5,1070,0
wayanad,25-04-2022,0,4,1066,0
wayanad,26-04-2022,2,4,1064,0
wayanad,27-04-2022,2,7,1059,0
wayanad,28-04-2022,2,3,1058,0
wayanad,29-04-2022,3,6,1055,0
wayanad,30-04-2022,1,4,1050,2
wayanad,1/5/2022,0,2,1048,0
wayanad,2/5/2022,0,2,1046,0
wayanad,3/5/2022,3,0,1049,0
wayanad,4/5/2022,3,2,1050,0
wayanad,5/5/2022,1,2,1049,0
wayanad,6/5/2022,4,2,1051,0
wayanad,7/5/2022,6,3,1054,0
wayanad,8/5/2022,7,1,1060,0
wayanad,9/5/2022,5,0,1065,0
wayanad,10/5/2022,1,0,1066,0
wayanad,11/5/2022,4,4,1066,0
wayanad,12/5/2022,5,3,1068,0
wayanad,13-05-2022,3,1,1070,0
wayanad,14-05-2022,1,4,1067,0
wayanad,15-05-2022,11,5,1073,0
wayanad,16-05-2022,0,7,1066,0
wayanad,17-05-2022,3,5,1064,0
wayanad,18-05-2022,4,1,1067,0
wayanad,19-05-2022,0,4,1063,0
wayanad,20-05-2022,1,5,1059,0
wayanad,21-05-2022,2,3,1058,0
wayanad,22-05-2022,8,1,1065,0
wayanad,23-05-2022,2,11,1056,0
wayanad,24-05-2022,8,2,1062,0
wayanad,25-05-2022,4,3,1063,0
wayanad,26-05-2022,5,4,1064,0
wayanad,27-05-2022,8,0,1068,4
wayanad,28-05-2022,10,1,1077,0
wayanad,29-05-2022,9,2,1084,0
wayanad,30-05-2022,6,8,1082,0
wayanad,31-05-2022,8,2,1088,0
wayanad,1/6/2022,10,8,1090,0
wayanad,2/6/2022,5,4,1091,0
wayanad,3/6/2022,13,5,1099,0
wayanad,4/6/2022,12,8,1103,0
wayanad,5/6/2022,9,10,1102,0
wayanad,6/6/2022,9,10,1099,2
wayanad,7/6/2022,16,6,1109,0
wayanad,8/6/2022,20,8,1121,0
wayanad,9/6/2022,19,9,1131,0
wayanad,10/6/2022,19,5,1145,0
wayanad,11/6/2022,26,12,1159,0
wayanad,12/6/2022,10,12,1157,0
wayanad,13-06-2022,16,10,1163,0
wayanad,14-06-2022,36,9,1190,0
wayanad,15-06-2022,36,18,1208,0
wayanad,16-06-2022,28,19,1217,0
wayanad,17-06-2022,43,19,1241,0
wayanad,18-06-2022,52,19,1274,0
wayanad,19-06-2022,23,25,1272,0
wayanad,20-06-2022,24,10,1286,0
wayanad,21-06-2022,40,17,1309,0
wayanad,22-06-2022,44,38,1315,0
wayanad,23-06-2022,36,37,1314,0
wayanad,24-06-2022,44,28,1330,0
wayanad,25-06-2022,22,44,1308,0
wayanad,26-06-2022,26,47,1287,0
wayanad,27-06-2022,30,23,1294,0
wayanad,28-06-2022,26,24,1296,0
wayanad,29-06-2022,20,40,1276,0
wayanad,30-06-2022,33,44,1263,2
wayanad,1/7/2022,31,35,1259,0
wayanad,2/7/2022,42,45,1256,0
wayanad,3/7/2022,24,22,1258,0
wayanad,4/7/2022,36,26,1268,0
wayanad,5/7/2022,41,30,1279,0
wayanad,6/7/2022,38,26,1291,0
wayanad,7/7/2022,29,20,1300,0
wayanad,8/7/2022,39,33,1306,0
wayanad,9/7/2022,18,31,1293,0
wayanad,10/7/2022,10,42,1261,0
wayanad,11/7/2022,12,24,1249,0
wayanad,12/7/2022,16,36,1228,1
wayanad,13-07-2022,13,41,1200,0
wayanad,14-07-2022,10,38,1171,1
wayanad,15-07-2022,15,29,1157,0
wayanad,16-07-2022,10,39,1128,0
wayanad,17-07-2022,10,18,1120,0
wayanad,18-07-2022,4,10,1114,0
wayanad,20-07-2022,8,16,1106,0
wayanad,21-07-2022,5,13,1098,0
wayanad,22-07-2022,15,10,1103,0
wayanad,19-07-2022,5,12,1096,0
wayanad,23-07-2022,16,15,1096,1
wayanad,24-07-2022,8,10,1094,0
wayanad,25-07-2022,1,10,1085,0
wayanad,26-07-2022,12,4,1093,0
wayanad,27-07-2022,18,5,1106,0
wayanad,28-07-2022,7,8,1105,0
wayanad,29-07-2022,13,5,1113,0
wayanad,30-07-2022,10,15,1108,0
wayanad,31-07-2022,6,16,1098,0
wayanad,1/8/2022,7,8,1097,0
wayanad,2/8/2022,6,1,1102,0
wayanad,3/8/2022,8,12,1098,0
wayanad,4/8/2022,8,18,1088,0
wayanad,5/8/2022,9,7,1090,0
wayanad,6/8/2022,11,13,1088,0
wayanad,7/8/2022,5,10,1083,0
wayanad,8/8/2022,4,6,1080,1
wayanad,9/8/2022,10,7,1083,0
wayanad,10/8/2022,3,6,1080,0
wayanad,11/8/2022,12,8,1084,0
wayanad,12/8/2022,7,8,1083,0
wayanad,13-08-2022,7,9,1081,0
wayanad,14-08-2022,4,11,1074,0
wayanad,15-08-2022,7,5,1076,0
wayanad,16-08-2022,14,4,1086,0
wayanad,17-08-2022,2,10,1078,0
wayanad,18-08-2022,7,3,1082,0
wayanad,19-08-2022,8,12,1078,0
wayanad,20-08-2022,13,7,1084,0
wayanad,21-08-2022,8,7,1085,0
wayanad,22-08-2022,4,4,1085,0
wayanad,23-08-2022,10,7,1088,0
wayanad,24-08-2022,13,14,1085,2
wayanad,25-08-2022,10,2,1093,0
wayanad,26-08-2022,17,2,1108,0
wayanad,27-08-2022,11,8,1111,0
wayanad,28-08-2022,5,13,1103,0
wayanad,29-08-2022,7,8,1102,0
wayanad,30-08-2022,12,4,1110,0
wayanad,1/9/2022,13,13,1110,0
wayanad,2/9/2022,10,10,1110,0
wayanad,3/9/2022,7,17,1100,0
wayanad,4/9/2022,11,11,1100,0
wayanad,5/9/2022,12,5,1107,0
wayanad,6/9/2022,12,7,1111,1
wayanad,7/9/2022,15,12,1114,0
wayanad,8/9/2022,12,9,1117,0
wayanad,9/9/2022,15,13,1119,0
kaserigod,3/2/2020,1,0,1,0
kaserigod,16-02-2020,0,1,0,0
kaserigod,16-03-2020,1,0,1,0
kaserigod,19-03-2020,1,0,2,0
kaserigod,20-03-2020,6,0,8,0
kaserigod,21-03-2020,6,0,14,0
kaserigod,22-03-2020,5,0,19,0
kaserigod,23-03-2020,19,0,38,0
kaserigod,24-03-2020,6,0,44,0
kaserigod,26-03-2020,3,0,47,0
kaserigod,27-03-2020,34,0,81,0
kaserigod,28-03-2020,1,0,82,0
kaserigod,29-03-2020,7,0,89,0
kaserigod,30-03-2020,17,0,106,0
kaserigod,31-03-2020,2,0,108,0
kaserigod,1/4/2020,12,0,120,0
kaserigod,2/4/2020,8,0,128,0
kaserigod,3/4/2020,7,4,131,0
kaserigod,4/4/2020,6,0,137,0
kaserigod,5/4/2020,1,0,138,0
kaserigod,6/4/2020,9,0,147,0
kaserigod,7/4/2020,4,1,150,0
kaserigod,8/4/2020,1,0,151,0
kaserigod,9/4/2020,4,0,155,0
kaserigod,10/4/2020,3,18,140,0
kaserigod,11/4/2020,2,9,133,0
kaserigod,12/4/2020,0,28,105,0
kaserigod,13-04-2020,0,12,93,0
kaserigod,14-04-2020,1,6,88,0
kaserigod,15-04-2020,0,4,84,0
kaserigod,16-04-2020,1,24,61,0
kaserigod,17-04-2020,0,6,55,0
kaserigod,18-04-2020,0,2,53,0
kaserigod,19-04-2020,1,8,46,0
kaserigod,20-04-2020,0,19,27,0
kaserigod,21-04-2020,3,4,26,0
kaserigod,23-04-2020,0,6,20,0
kaserigod,24-04-2020,3,5,18,0
kaserigod,25-04-2020,0,2,16,0
kaserigod,26-04-2020,0,1,15,0
kaserigod,28-04-2020,1,2,14,0
kaserigod,29-04-2020,1,3,12,0
kaserigod,30-04-2020,1,2,11,0
kaserigod,1/5/2020,0,4,7,0
kaserigod,3/5/2020,0,1,6,0
kaserigod,4/5/2020,0,3,3,0
kaserigod,7/5/2020,0,2,1,0
kaserigod,10/5/2020,0,1,0,0
kaserigod,11/5/2020,4,0,4,0
kaserigod,14-05-2020,10,0,14,0
kaserigod,15-05-2020,1,0,15,0
kaserigod,17-05-2020,1,0,16,0
kaserigod,18-05-2020,2,0,18,0
kaserigod,20-05-2020,1,1,18,0
kaserigod,21-05-2020,1,0,19,0
kaserigod,22-05-2020,7,0,26,0
kaserigod,23-05-2020,4,1,29,0
kaserigod,24-05-2020,5,2,32,0
kaserigod,25-05-2020,14,6,40,0
kaserigod,26-05-2020,3,2,41,0
kaserigod,27-05-2020,10,2,49,0
kaserigod,28-05-2020,18,0,67,0
kaserigod,29-05-2020,4,1,70,0
kaserigod,30-05-2020,3,0,73,0
kaserigod,31-05-2020,10,1,82,0
kaserigod,1/6/2020,14,0,96,0
kaserigod,2/6/2020,9,7,98,0
kaserigod,3/6/2020,3,4,97,0
kaserigod,4/6/2020,12,0,109,0
kaserigod,5/6/2020,1,7,103,0
kaserigod,6/6/2020,10,1,112,0
kaserigod,7/6/2020,3,6,109,0
kaserigod,8/6/2020,8,7,110,0
kaserigod,9/6/2020,2,0,112,0
kaserigod,10/6/2020,0,11,101,0
kaserigod,11/6/2020,10,5,106,0
kaserigod,12/6/2020,4,2,108,0
kaserigod,13-06-2020,9,6,111,0
kaserigod,14-06-2020,6,1,116,0
kaserigod,15-06-2020,3,4,115,0
kaserigod,16-06-2020,2,8,109,0
kaserigod,17-06-2020,9,0,118,0
kaserigod,18-06-2020,3,11,110,0
kaserigod,19-06-2020,4,4,110,0
kaserigod,20-06-2020,7,2,115,0
kaserigod,21-06-2020,6,2,119,0
kaserigod,22-06-2020,9,9,119,0
kaserigod,24-06-2020,6,0,125,0
kaserigod,25-06-2020,4,8,121,0
kaserigod,26-06-2020,2,1,122,0
kaserigod,27-06-2020,11,5,128,0
kaserigod,28-06-2020,6,5,129,0
kaserigod,29-06-2020,4,2,131,0
kaserigod,30-06-2020,8,4,135,0
kaserigod,1/7/2020,10,17,128,0
kaserigod,2/7/2020,5,31,102,0
kaserigod,3/7/2020,7,12,97,0
kaserigod,4/7/2020,14,6,105,0
kaserigod,5/7/2020,28,0,133,0
kaserigod,6/7/2020,6,12,127,0
kaserigod,7/7/2020,13,0,140,0
kaserigod,8/7/2020,4,7,137,0
kaserigod,9/7/2020,11,14,134,0
kaserigod,10/7/2020,17,3,148,0
kaserigod,11/7/2020,18,0,166,0
kaserigod,12/7/2020,56,8,214,0
kaserigod,13-07-2020,9,6,217,0
kaserigod,14-07-2020,44,5,256,0
kaserigod,15-07-2020,74,21,309,0
kaserigod,16-07-2020,18,23,304,0
kaserigod,17-07-2020,32,9,327,0
kaserigod,18-07-2020,29,9,347,0
kaserigod,19-07-2020,57,12,391,1
kaserigod,20-07-2020,28,10,409,0
kaserigod,21-07-2020,40,6,443,0
kaserigod,22-07-2020,101,43,501,0
kaserigod,23-07-2020,47,36,512,0
kaserigod,24-07-2020,106,68,548,2
kaserigod,25-07-2020,105,23,629,1
kaserigod,26-07-2020,107,34,702,0
kaserigod,27-07-2020,38,53,687,0
kaserigod,28-07-2020,38,36,688,1
kaserigod,29-07-2020,49,36,701,0
kaserigod,30-07-2020,28,4,725,0
kaserigod,31-07-2020,52,129,647,0
kaserigod,1/8/2020,153,28,770,1
kaserigod,2/8/2020,113,30,853,0
kaserigod,3/8/2020,66,50,869,0
kaserigod,4/8/2020,91,25,935,0
kaserigod,5/8/2020,128,105,957,1
kaserigod,6/8/2020,153,61,1047,2
kaserigod,7/8/2020,168,123,1092,0
kaserigod,8/8/2020,73,33,1131,1
kaserigod,9/8/2020,56,115,1071,1
kaserigod,10/8/2020,146,11,1205,1
kaserigod,11/8/2020,147,266,1086,0
kaserigod,12/8/2020,68,39,1113,2
kaserigod,13-08-2020,79,28,1164,0
kaserigod,14-08-2020,49,51,1162,0
kaserigod,15-08-2020,81,3,1239,1
kaserigod,16-08-2020,48,203,1083,0
kaserigod,17-08-2020,97,170,1005,5
kaserigod,18-08-2020,42,125,922,0
kaserigod,19-08-2020,174,81,1015,0
kaserigod,20-08-2020,91,154,952,0
kaserigod,21-08-2020,105,34,1023,0
kaserigod,22-08-2020,119,40,1102,0
kaserigod,23-08-2020,85,44,1143,0
kaserigod,24-08-2020,118,83,1175,3
kaserigod,25-08-2020,99,95,1179,0
kaserigod,26-08-2020,101,40,1240,0
kaserigod,27-08-2020,231,84,1387,0
kaserigod,28-08-2020,157,193,1351,0
kaserigod,29-08-2020,198,45,1503,1
kaserigod,30-08-2020,159,111,1550,1
kaserigod,31-08-2020,103,56,1597,0
kaserigod,1/9/2020,15,87,1523,2
kaserigod,2/9/2020,88,150,1460,1
kaserigod,3/9/2020,133,167,1426,0
kaserigod,4/9/2020,236,72,1589,1
kaserigod,5/9/2020,276,78,1786,1
kaserigod,6/9/2020,218,110,1893,1
kaserigod,7/9/2020,134,95,1932,0
kaserigod,8/9/2020,166,92,2006,0
kaserigod,9/9/2020,270,141,2131,4
kaserigod,10/9/2020,140,127,2143,1
kaserigod,11/9/2020,102,128,2117,0
kaserigod,12/9/2020,150,104,2163,0
kaserigod,13-09-2020,124,178,2109,0
kaserigod,14-09-2020,56,130,2034,1
kaserigod,15-09-2020,172,258,1948,0
kaserigod,16-09-2020,119,79,1988,0
kaserigod,17-09-2020,319,124,2183,0
kaserigod,18-09-2020,145,110,2217,1
kaserigod,19-09-2020,191,202,2204,2
kaserigod,20-09-2020,208,163,2248,1
kaserigod,21-09-2020,110,176,2182,0
kaserigod,22-09-2020,197,221,2158,0
kaserigod,23-09-2020,136,302,1992,0
kaserigod,24-09-2020,300,158,2134,0
kaserigod,25-09-2020,268,107,2295,0
kaserigod,26-09-2020,224,77,2436,6
kaserigod,27-09-2020,252,210,2476,1
kaserigod,28-09-2020,122,89,2505,4
kaserigod,29-09-2020,453,119,2839,0
kaserigod,30-09-2020,321,160,2999,1
kaserigod,1/10/2020,471,289,3178,3
kaserigod,2/10/2020,476,158,3496,0
kaserigod,3/10/2020,257,129,3623,1
kaserigod,4/10/2020,278,193,3708,0
kaserigod,5/10/2020,207,165,3750,0
kaserigod,6/10/2020,416,202,3963,1
kaserigod,7/10/2020,432,173,4222,0
kaserigod,8/10/2020,236,105,4351,2
kaserigod,9/10/2020,366,449,4267,1
kaserigod,13-10-2020,323,422,4095,1
kaserigod,14-10-2020,224,343,3976,0
kaserigod,15-10-2020,311,270,4017,0
kaserigod,16-10-2020,234,306,3945,0
kaserigod,17-10-2020,280,516,3709,0
kaserigod,18-10-2020,251,225,3735,0
kaserigod,19-10-2020,120,293,3561,1
kaserigod,20-10-2020,145,409,3297,0
kaserigod,21-10-2020,200,248,3249,0
kaserigod,22-10-2020,216,255,3210,0
kaserigod,23-10-2020,189,313,3086,0
kaserigod,24-10-2020,200,385,2900,1
kaserigod,25-10-2020,137,341,2696,0
kaserigod,26-10-2020,64,202,2556,2
kaserigod,27-10-2020,65,210,2410,1
kaserigod,28-10-2020,203,339,2274,0
kaserigod,29-10-2020,187,171,2290,0
kaserigod,30-10-2020,133,140,2283,0
kaserigod,31-10-2020,156,162,2277,0
kaserigod,1/11/2020,143,170,2250,0
kaserigod,2/11/2020,58,143,2165,0
kaserigod,3/11/2020,147,278,2033,1
kaserigod,4/11/2020,182,169,2045,1
kaserigod,5/11/2020,155,40,2160,0
kaserigod,6/11/2020,137,39,2258,0
kaserigod,7/11/2020,94,210,2142,0
kaserigod,8/11/2020,159,152,2149,0
kaserigod,9/11/2020,75,91,2133,0
kaserigod,13-11-2020,81,157,2003,0
kaserigod,14-11-2020,139,145,1997,0
kaserigod,15-11-2020,62,117,1942,0
kaserigod,16-11-2020,64,109,1897,0
kaserigod,17-11-2020,96,130,1862,1
kaserigod,18-11-2020,109,185,1786,0
kaserigod,19-11-2020,145,146,1785,0
kaserigod,20-11-2020,138,134,1789,0
kaserigod,21-11-2020,104,158,1735,0
kaserigod,22-11-2020,81,88,1728,0
kaserigod,23-11-2020,32,97,1662,1
kaserigod,24-11-2020,99,101,1660,0
kaserigod,25-11-2020,103,61,1702,0
kaserigod,26-11-2020,86,59,1729,0
kaserigod,27-11-2020,96,85,1740,0
kaserigod,28-11-2020,137,101,1776,0
kaserigod,29-11-2020,122,110,1788,0
kaserigod,30-11-2020,86,75,1799,0
kaserigod,1/12/2020,83,143,1739,0
kaserigod,2/12/2020,108,32,1815,0
kaserigod,3/12/2020,90,60,1845,0
kaserigod,4/12/2020,146,70,1921,0
kaserigod,5/12/2020,112,172,1861,0
kaserigod,6/12/2020,75,107,1827,2
kaserigod,7/12/2020,44,64,1807,0
kaserigod,8/12/2020,79,155,1730,1
kaserigod,9/12/2020,52,64,1718,0
kaserigod,13-12-2020,74,47,1686,1
kaserigod,14-12-2020,15,56,1645,0
kaserigod,15-12-2020,20,42,1623,0
kaserigod,16-12-2020,60,129,1553,1
kaserigod,17-12-2020,92,53,1592,0
kaserigod,18-12-2020,78,75,1594,1
kaserigod,19-12-2020,119,68,1645,0
kaserigod,20-12-2020,94,37,1702,0
kaserigod,21-12-2020,43,31,1714,0
kaserigod,22-12-2020,72,99,1687,0
kaserigod,23-12-2020,68,106,1647,2
kaserigod,24-12-2020,84,93,1638,0
kaserigod,25-12-2020,56,49,1645,0
kaserigod,26-12-2020,52,19,1678,0
kaserigod,27-12-2020,37,53,1662,0
kaserigod,28-12-2020,37,36,1662,1
kaserigod,29-12-2020,59,37,1684,0
kaserigod,30-12-2020,75,156,1603,0
kaserigod,31-12-2020,96,62,1637,0
kaserigod,1/1/2021,80,28,1689,0
kaserigod,2/1/2021,83,61,1710,1
kaserigod,3/1/2021,41,33,1718,0
kaserigod,4/1/2021,27,157,1586,2
kaserigod,5/1/2021,58,43,1601,0
kaserigod,6/1/2021,77,40,1638,0
kaserigod,7/1/2021,86,101,1623,0
kaserigod,8/1/2021,65,111,1577,0
kaserigod,9/1/2021,93,60,1610,0
kaserigod,10/1/2021,43,58,1594,1
kaserigod,11/1/2021,48,79,1563,0
kaserigod,12/1/2021,58,68,1552,1
kaserigod,14-01-2021,72,68,1556,0
kaserigod,13-01-2021,92,35,1613,0
kaserigod,15-01-2021,97,112,1597,1
kaserigod,16-01-2021,92,57,1632,0
kaserigod,17-01-2021,79,52,1658,0
kaserigod,18-01-2021,35,17,1676,0
kaserigod,19-01-2021,63,71,1667,1
kaserigod,20-01-2021,64,62,1669,0
kaserigod,21-01-2021,87,61,1694,1
kaserigod,22-01-2021,67,61,1700,0
kaserigod,23-01-2021,87,106,1681,0
kaserigod,24-01-2021,124,50,1755,0
kaserigod,25-01-2021,42,44,1752,1
kaserigod,26-01-2021,85,145,1692,0
kaserigod,27-01-2021,84,47,1728,0
kaserigod,28-01-2021,84,46,1766,0
kaserigod,29-01-2021,120,53,1833,0
kaserigod,30-01-2021,102,33,1902,0
kaserigod,31-01-2021,70,92,1880,0
kaserigod,1/2/2021,41,77,1844,0
kaserigod,2/2/2021,83,36,1891,0
kaserigod,3/2/2021,93,90,1894,0
kaserigod,4/2/2021,96,146,1844,0
kaserigod,5/2/2021,99,45,1898,0
kaserigod,6/2/2021,62,92,1868,0
kaserigod,7/2/2021,87,67,1888,0
kaserigod,8/2/2021,36,82,1841,0
kaserigod,9/2/2021,112,169,1784,0
kaserigod,10/2/2021,71,82,1773,0
kaserigod,11/2/2021,102,49,1826,0
kaserigod,12/2/2021,146,70,1901,1
kaserigod,13-02-2021,133,41,1993,0
kaserigod,14-02-2021,72,49,2016,0
kaserigod,15-02-2021,44,69,1991,0
kaserigod,16-02-2021,126,107,2010,0
kaserigod,17-02-2021,73,82,2000,0
kaserigod,18-02-2021,176,101,2075,0
kaserigod,19-02-2021,73,112,2036,0
kaserigod,20-02-2021,124,40,2120,0
kaserigod,21-02-2021,100,91,2129,0
kaserigod,22-02-2021,86,81,2134,0
kaserigod,23-02-2021,140,76,2197,1
kaserigod,24-02-2021,126,159,2164,0
kaserigod,25-02-2021,141,43,2262,0
kaserigod,26-02-2021,119,140,2241,0
kaserigod,27-02-2021,148,100,2289,0
kaserigod,28-02-2021,123,149,2262,1
kaserigod,1/3/2021,71,49,2284,0
kaserigod,2/3/2021,80,75,2289,0
kaserigod,3/3/2021,109,52,2346,0
kaserigod,4/3/2021,121,187,2280,0
kaserigod,5/3/2021,125,149,2256,0
kaserigod,6/3/2021,89,95,2250,0
kaserigod,7/3/2021,97,122,2225,0
kaserigod,8/3/2021,48,92,2181,0
kaserigod,9/3/2021,73,114,2139,1
kaserigod,10/3/2021,121,100,2160,0
kaserigod,11/3/2021,117,122,2155,0
kaserigod,12/3/2021,66,55,2164,2
kaserigod,13-03-2021,84,105,2142,1
kaserigod,14-03-2021,65,119,2086,2
kaserigod,15-03-2021,29,112,2001,2
kaserigod,16-03-2021,78,90,1989,0
kaserigod,17-03-2021,131,53,2066,1
kaserigod,18-03-2021,104,91,2079,0
kaserigod,19-03-2021,105,143,2041,0
kaserigod,20-03-2021,119,108,2052,0
kaserigod,21-03-2021,79,78,2053,0
kaserigod,22-03-2021,44,51,2045,1
kaserigod,23-03-2021,128,123,2049,1
kaserigod,24-03-2021,103,91,2061,0
kaserigod,25-03-2021,92,81,2071,1
kaserigod,26-03-2021,104,48,2126,1
kaserigod,27-03-2021,78,86,2118,0
kaserigod,28-03-2021,163,36,2244,1
kaserigod,29-03-2021,98,43,2299,0
kaserigod,30-03-2021,80,90,2289,0
kaserigod,31-03-2021,167,44,2412,0
kaserigod,1/4/2021,187,38,2561,0
kaserigod,2/4/2021,184,159,2585,1
kaserigod,3/4/2021,131,90,2626,0
kaserigod,4/4/2021,190,61,2755,0
kaserigod,5/4/2021,144,59,2840,0
kaserigod,6/4/2021,128,108,2856,4
kaserigod,7/4/2021,116,75,2897,0
kaserigod,8/4/2021,234,148,2983,0
kaserigod,9/4/2021,247,91,3137,1
kaserigod,10/4/2021,286,154,3269,0
kaserigod,11/4/2021,251,81,3438,1
kaserigod,12/4/2021,220,44,3614,0
kaserigod,13-04-2021,430,61,3983,0
kaserigod,14-04-2021,424,72,4335,0
kaserigod,15-04-2021,158,61,4432,0
kaserigod,16-04-2021,643,534,4541,0
kaserigod,17-04-2021,333,166,4706,2
kaserigod,18-04-2021,622,154,5173,1
kaserigod,19-04-2021,676,178,5671,0
kaserigod,20-04-2021,861,173,6359,0
kaserigod,21-04-2021,685,131,6912,1
kaserigod,22-04-2021,701,584,7028,1
kaserigod,23-04-2021,1110,247,7891,0
kaserigod,24-04-2021,908,219,8580,0
kaserigod,25-04-2021,771,270,9081,0
kaserigod,26-04-2021,1086,423,9744,0
kaserigod,27-04-2021,906,602,10048,0
kaserigod,28-04-2021,872,822,10098,0
kaserigod,29-04-2021,1063,699,10462,0
kaserigod,30-04-2021,813,713,10562,0
kaserigod,1/5/2021,1006,93,11475,0
kaserigod,2/5/2021,566,81,11960,0
kaserigod,3/5/2021,1139,85,13014,0
kaserigod,4/5/2021,673,116,13571,0
kaserigod,5/5/2021,1056,115,14512,0
kaserigod,6/5/2021,1158,189,15481,0
kaserigod,7/5/2021,939,704,15716,0
kaserigod,8/5/2021,1749,620,16845,0
kaserigod,9/5/2021,766,996,16615,0
kaserigod,10/5/2021,919,825,16709,0
kaserigod,11/5/2021,963,110,17562,0
kaserigod,12/5/2021,969,475,18056,0
kaserigod,13-05-2021,883,282,18657,0
kaserigod,14-05-2021,1092,731,19017,1
kaserigod,15-05-2021,847,224,19640,0
kaserigod,16-05-2021,560,1216,18984,0
kaserigod,17-05-2021,597,5903,13678,0
kaserigod,18-05-2021,739,2850,11567,0
kaserigod,19-05-2021,677,1693,10551,0
kaserigod,20-05-2021,728,748,10528,3
kaserigod,21-05-2021,650,915,10263,0
kaserigod,22-05-2021,702,904,10059,2
kaserigod,23-05-2021,555,947,9664,3
kaserigod,24-05-2021,444,841,9264,3
kaserigod,25-05-2021,602,1045,8821,0
kaserigod,26-05-2021,572,786,8600,7
kaserigod,27-05-2021,584,578,8602,4
kaserigod,28-05-2021,534,585,8551,0
kaserigod,29-05-2021,506,835,8221,1
kaserigod,30-05-2021,532,619,8131,2
kaserigod,31-05-2021,341,675,7796,1
kaserigod,1/6/2021,439,780,7450,4
kaserigod,2/6/2021,461,645,7262,4
kaserigod,3/6/2021,560,545,7277,0
kaserigod,4/6/2021,392,396,7273,0
kaserigod,5/6/2021,520,679,7114,0
kaserigod,6/6/2021,423,534,6997,6
kaserigod,7/6/2021,215,551,6661,0
kaserigod,8/6/2021,454,1843,5262,10
kaserigod,9/6/2021,533,464,5330,1
kaserigod,10/6/2021,443,416,5356,1
kaserigod,11/6/2021,499,537,5310,8
kaserigod,12/6/2021,475,369,5416,0
kaserigod,13-06-2021,419,552,5281,2
kaserigod,14-06-2021,326,449,5156,2
kaserigod,15-06-2021,301,199,5254,4
kaserigod,16-06-2021,430,406,5278,0
kaserigod,17-06-2021,416,573,5121,0
kaserigod,18-06-2021,373,403,5090,1
kaserigod,19-06-2021,493,533,5045,5
kaserigod,20-06-2021,476,433,5086,2
kaserigod,21-06-2021,319,395,5004,6
kaserigod,22-06-2021,430,379,5052,3
kaserigod,23-06-2021,590,285,5354,3
kaserigod,24-06-2021,439,417,5369,7
kaserigod,25-06-2021,729,381,5713,3
kaserigod,26-06-2021,577,336,5953,1
kaserigod,27-06-2021,675,401,6225,1
kaserigod,28-06-2021,513,495,6243,0
kaserigod,29-06-2021,570,415,6392,6
kaserigod,30-06-2021,709,400,6697,3
kaserigod,1/7/2021,765,517,6943,2
kaserigod,2/7/2021,708,376,7268,7
kaserigod,3/7/2021,682,638,7307,5
kaserigod,4/7/2021,593,510,7390,0
kaserigod,5/7/2021,360,653,7092,4
kaserigod,6/7/2021,613,671,7026,8
kaserigod,7/7/2021,786,513,7295,4
kaserigod,8/7/2021,660,638,7311,6
kaserigod,9/7/2021,576,856,7026,5
kaserigod,10/7/2021,691,646,7067,4
kaserigod,11/7/2021,640,555,7152,0
kaserigod,12/7/2021,553,597,7105,3
kaserigod,13-07-2021,657,320,7439,3
kaserigod,14-07-2021,738,593,7580,4
kaserigod,15-07-2021,674,843,7406,5
kaserigod,16-07-2021,726,612,7520,0
kaserigod,17-07-2021,731,617,7630,3
kaserigod,18-07-2021,636,676,7590,0
kaserigod,19-07-2021,646,557,7676,3
kaserigod,20-07-2021,643,503,7816,0
kaserigod,21-07-2021,776,562,8018,12
kaserigod,22-07-2021,706,681,8034,9
kaserigod,23-07-2021,793,644,8181,2
kaserigod,24-07-2021,669,634,8211,5
kaserigod,25-07-2021,644,625,8230,0
kaserigod,26-07-2021,762,807,8183,2
kaserigod,27-07-2021,813,718,8272,6
kaserigod,28-07-2021,895,542,8624,1
kaserigod,29-07-2021,929,745,8802,6
kaserigod,30-07-2021,681,653,8824,6
kaserigod,31-07-2021,715,801,8736,2
kaserigod,1/8/2021,707,748,8695,0
kaserigod,2/8/2021,703,679,8719,0
kaserigod,3/8/2021,789,683,8818,6
kaserigod,4/8/2021,934,594,9158,0
kaserigod,5/8/2021,685,758,9081,4
kaserigod,6/8/2021,738,1192,8618,9
kaserigod,7/8/2021,662,851,8424,5
kaserigod,8/8/2021,523,854,8093,0
kaserigod,9/8/2021,507,627,7973,0
kaserigod,10/8/2021,536,197,8304,8
kaserigod,11/8/2021,562,132,8733,1
kaserigod,12/8/2021,578,626,8685,0
kaserigod,13-08-2021,600,718,8559,8
kaserigod,14-08-2021,520,848,8227,4
kaserigod,15-08-2021,419,643,8000,3
kaserigod,16-08-2021,317,673,7640,4
kaserigod,17-08-2021,509,867,7282,0
kaserigod,18-08-2021,607,519,7360,10
kaserigod,19-08-2021,509,471,7394,4
kaserigod,20-08-2021,440,609,7225,0
kaserigod,21-08-2021,286,503,7008,0
kaserigod,22-08-2021,243,532,6714,5
kaserigod,23-08-2021,257,546,6421,4
kaserigod,24-08-2021,518,621,6312,6
kaserigod,25-08-2021,619,419,6508,4
kaserigod,26-08-2021,613,325,6794,2
kaserigod,27-08-2021,594,448,6938,2
kaserigod,28-08-2021,521,550,6907,2
kaserigod,29-08-2021,500,531,6876,0
kaserigod,30-08-2021,359,391,6836,8
kaserigod,31-08-2021,468,405,6896,3
kaserigod,1/9/2021,614,212,7292,6
kaserigod,2/9/2021,555,331,7513,3
kaserigod,3/9/2021,474,448,7538,1
kaserigod,4/9/2021,479,599,7410,8
kaserigod,5/9/2021,380,597,7187,6
kaserigod,6/9/2021,367,529,7025,0
kaserigod,7/9/2021,388,512,6900,1
kaserigod,8/9/2021,510,472,6938,0
kaserigod,9/9/2021,455,325,7067,1
kaserigod,10/9/2021,364,457,6971,3
kaserigod,11/9/2021,284,620,6629,6
kaserigod,12/9/2021,287,523,6389,4
kaserigod,13-09-2021,194,452,6131,0
kaserigod,14-09-2021,261,431,5956,5
kaserigod,15-09-2021,386,346,5993,3
kaserigod,16-09-2021,280,318,5953,2
kaserigod,17-09-2021,330,382,5899,2
kaserigod,18-09-2021,363,537,5721,4
kaserigod,19-09-2021,263,483,5500,1
kaserigod,20-09-2021,222,381,5341,0
kaserigod,21-09-2021,186,465,5057,5
kaserigod,22-09-2021,312,275,5093,1
kaserigod,23-09-2021,276,189,5177,3
kaserigod,24-09-2021,246,335,5087,1
kaserigod,25-09-2021,283,355,5015,0
kaserigod,26-09-2021,200,298,4917,0
kaserigod,27-09-2021,144,294,4766,1
kaserigod,28-09-2021,148,267,4647,0
kaserigod,29-09-2021,128,377,4392,6
kaserigod,30-09-2021,263,949,3706,0
kaserigod,1/10/2021,186,265,3627,0
kaserigod,2/10/2021,184,251,3560,0
kaserigod,3/10/2021,190,215,3535,0
kaserigod,4/10/2021,92,128,3497,2
kaserigod,5/10/2021,150,154,3491,2
kaserigod,6/10/2021,203,127,3567,0
kaserigod,7/10/2021,182,236,3513,0
kaserigod,8/10/2021,160,219,3451,3
kaserigod,9/10/2021,185,168,3468,0
kaserigod,13-10-2021,250,181,3506,1
kaserigod,14-10-2021,178,210,3474,0
kaserigod,15-10-2021,221,136,3558,1
kaserigod,16-10-2021,117,207,3463,5
kaserigod,17-10-2021,131,131,3463,0
kaserigod,18-10-2021,148,146,3465,0
kaserigod,19-10-2021,141,78,3526,2
kaserigod,20-10-2021,159,217,3468,0
kaserigod,21-10-2021,165,199,3430,4
kaserigod,22-10-2021,171,190,3407,4
kaserigod,23-10-2021,158,119,3441,5
kaserigod,24-10-2021,159,156,3416,28
kaserigod,25-10-2021,149,135,3428,2
kaserigod,26-10-2021,127,167,3383,5
kaserigod,27-10-2021,146,139,3385,5
kaserigod,28-10-2021,198,145,3432,6
kaserigod,29-10-2021,178,163,3437,10
kaserigod,30-10-2021,119,186,3367,3
kaserigod,31-10-2021,137,147,3357,0
kaserigod,1/11/2021,70,142,3285,0
kaserigod,2/11/2021,76,135,3225,1
kaserigod,3/11/2021,158,135,3237,11
kaserigod,4/11/2021,112,170,3166,13
kaserigod,5/11/2021,125,192,3090,9
kaserigod,6/11/2021,99,109,3079,1
kaserigod,7/11/2021,117,126,3051,19
kaserigod,8/11/2021,99,70,3079,1
kaserigod,9/11/2021,102,107,3059,15
kaserigod,13-11-2021,135,88,3206,0
kaserigod,14-11-2021,110,109,3206,1
kaserigod,15-11-2021,46,101,3144,7
kaserigod,16-11-2021,118,115,3130,17
kaserigod,17-11-2021,85,143,3069,3
kaserigod,18-11-2021,97,90,3076,0
kaserigod,19-11-2021,83,160,2995,4
kaserigod,20-11-2021,100,183,2912,0
kaserigod,21-11-2021,83,93,2893,9
kaserigod,22-11-2021,28,32,2889,0
kaserigod,23-11-2021,60,148,2801,0
kaserigod,24-11-2021,34,72,2758,5
kaserigod,25-11-2021,120,84,2794,0
kaserigod,26-11-2021,86,70,2810,0
kaserigod,27-11-2021,95,85,2814,6
kaserigod,28-11-2021,79,85,2808,0
kaserigod,29-11-2021,78,65,2821,0
kaserigod,30-11-2021,79,61,2830,9
kaserigod,1/12/2021,87,49,2860,8
kaserigod,2/12/2021,97,94,2855,8
kaserigod,3/12/2021,79,62,2872,0
kaserigod,4/12/2021,80,77,2869,6
kaserigod,5/12/2021,51,63,2847,10
kaserigod,6/12/2021,53,67,2814,19
kaserigod,7/12/2021,88,136,2758,8
kaserigod,8/12/2021,92,74,2776,0
kaserigod,9/12/2021,94,81,2782,7
kaserigod,13-12-2021,54,41,2861,2
kaserigod,14-12-2021,58,150,2757,12
kaserigod,15-12-2021,70,79,2728,20
kaserigod,16-12-2021,74,80,2722,0
kaserigod,17-12-2021,57,65,2714,0
kaserigod,18-12-2021,72,65,2718,3
kaserigod,19-12-2021,69,63,2724,0
kaserigod,20-12-2021,44,91,2677,0
kaserigod,21-12-2021,56,42,2691,0
kaserigod,22-12-2021,57,59,2689,0
kaserigod,23-12-2021,49,52,2686,0
kaserigod,24-12-2021,46,42,2690,0
kaserigod,25-12-2021,52,58,2684,0
kaserigod,26-12-2021,28,57,2655,0
kaserigod,27-12-2021,42,34,2663,0
kaserigod,28-12-2021,35,86,2604,8
kaserigod,29-12-2021,53,50,2593,14
kaserigod,30-12-2021,32,42,2571,12
kaserigod,31-12-2021,34,30,2562,13
kaserigod,1/1/2022,41,44,2542,17
kaserigod,2/1/2022,42,97,2487,0
kaserigod,3/1/2022,43,32,2494,4
kaserigod,4/1/2022,49,28,2511,4
kaserigod,5/1/2022,83,74,2502,18
kaserigod,6/1/2022,141,31,2603,9
kaserigod,7/1/2022,71,32,2642,0
kaserigod,8/1/2022,150,41,2751,0
kaserigod,9/1/2022,147,38,2860,0
kaserigod,10/1/2022,116,42,2919,15
kaserigod,11/1/2022,118,45,2974,18
kaserigod,12/1/2022,262,128,3106,2
kaserigod,13-01-2022,186,58,3234,0
kaserigod,14-01-2022,371,137,3450,18
kaserigod,15-01-2022,317,116,3642,9
kaserigod,16-01-2022,299,103,3838,0
kaserigod,17-01-2022,574,98,4308,6
kaserigod,18-01-2022,606,235,4679,0
kaserigod,19-01-2022,668,675,4672,0
kaserigod,20-01-2022,1135,344,5463,0
kaserigod,21-01-2022,563,108,5912,6
kaserigod,22-01-2022,623,153,6378,4
kaserigod,23-01-2022,630,511,6497,0
kaserigod,24-01-2022,573,553,6514,3
kaserigod,25-01-2022,1728,611,7621,10
kaserigod,26-01-2022,866,1901,6586,0
kaserigod,27-01-2022,1029,517,7096,2
kaserigod,28-01-2022,1121,83,8125,9
kaserigod,29-01-2022,966,573,8514,4
kaserigod,30-01-2022,769,547,8736,0
kaserigod,31-01-2022,844,1629,7932,19
kaserigod,1/2/2022,552,807,7648,29
kaserigod,2/2/2022,875,937,7569,17
kaserigod,3/2/2022,714,1046,7226,11
kaserigod,4/2/2022,731,887,7067,3
kaserigod,5/2/2022,503,697,6853,20
kaserigod,6/2/2022,463,1190,6121,5
kaserigod,7/2/2022,313,453,5981,0
kaserigod,8/2/2022,340,841,5458,22
kaserigod,9/2/2022,379,599,5219,19
kaserigod,10/2/2022,227,670,4774,2
kaserigod,11/2/2022,256,733,4287,10
kaserigod,12/2/2022,205,390,4102,0
kaserigod,13-02-2022,259,272,4089,0
kaserigod,14-02-2022,170,473,3779,7
kaserigod,15-02-2022,109,317,3561,10
kaserigod,16-02-2022,264,282,3532,11
kaserigod,17-02-2022,102,262,3372,0
kaserigod,18-02-2022,97,224,3233,12
kaserigod,19-02-2022,125,252,3104,2
kaserigod,20-02-2022,92,193,2999,4
kaserigod,21-02-2022,93,158,2932,2
kaserigod,22-02-2022,86,187,2828,3
kaserigod,23-02-2022,94,74,2848,0
kaserigod,24-02-2022,60,80,2828,0
kaserigod,25-02-2022,48,135,2734,7
kaserigod,26-02-2022,63,115,2682,0
kaserigod,27-02-2022,24,76,2630,0
kaserigod,28-02-2022,33,88,2575,0
kaserigod,1/3/2022,20,78,2517,0
kaserigod,2/3/2022,38,34,2512,9
kaserigod,3/3/2022,45,35,2522,0
kaserigod,4/3/2022,16,48,2490,0
kaserigod,5/3/2022,13,47,2456,0
kaserigod,6/3/2022,22,67,2411,0
kaserigod,7/3/2022,23,30,2404,0
kaserigod,8/3/2022,35,32,2407,0
kaserigod,9/3/2022,12,37,2369,13
kaserigod,10/3/2022,12,10,2371,0
kaserigod,11/3/2022,28,13,2385,1
kaserigod,12/3/2022,21,18,2388,0
kaserigod,13-03-2022,10,27,2371,0
kaserigod,14-03-2022,8,25,2341,13
kaserigod,15-03-2022,12,14,2332,7
kaserigod,16-03-2022,9,29,2312,0
kaserigod,17-03-2022,7,23,2296,0
kaserigod,18-03-2022,4,17,2283,0
kaserigod,19-03-2022,6,13,2276,0
kaserigod,20-03-2022,5,6,2263,12
kaserigod,21-03-2022,4,9,2258,0
kaserigod,22-03-2022,6,2,2262,0
kaserigod,23-03-2022,7,0,2269,0
kaserigod,24-03-2022,9,4,2274,0
kaserigod,25-03-2022,2,4,2260,12
kaserigod,26-03-2022,4,2,2262,0
kaserigod,27-03-2022,8,5,2265,0
kaserigod,28-03-2022,1,4,2262,0
kaserigod,29-03-2022,0,4,2258,0
kaserigod,30-03-2022,6,10,2254,0
kaserigod,31-03-2022,2,4,2247,5
kaserigod,1/4/2022,2,0,2249,0
kaserigod,2/4/2022,5,9,2245,0
kaserigod,3/4/2022,4,0,2249,0
kaserigod,4/4/2022,1,4,2246,0
kaserigod,5/4/2022,0,0,2246,0
kaserigod,6/4/2022,0,1,2245,0
kaserigod,7/4/2022,3,5,2243,0
kaserigod,8/4/2022,2,5,2234,6
kaserigod,9/4/2022,1,0,2235,0
kaserigod,10/4/2022,0,0,2235,0
kaserigod,11/4/2022,1,1,2235,0
kaserigod,12/4/2022,0,0,2235,0
kaserigod,13-04-2022,3,4,2234,0
kaserigod,14-04-2022,0,0,2234,0
kaserigod,15-04-2022,1,0,2235,0
kaserigod,16-04-2022,0,0,2235,0
kaserigod,17-04-2022,1,0,2236,0
kaserigod,18-04-2022,0,0,2236,0
kaserigod,19-04-2022,3,0,2239,0
kaserigod,20-04-2022,1,0,2240,0
kaserigod,21-04-2022,4,0,2241,3
kaserigod,22-04-2022,0,1,2233,7
kaserigod,23-04-2022,0,0,2226,7
kaserigod,24-04-2022,1,0,2227,0
kaserigod,25-04-2022,1,4,2224,0
kaserigod,26-04-2022,1,4,2221,0
kaserigod,27-04-2022,2,0,2223,0
kaserigod,28-04-2022,3,0,2226,0
kaserigod,29-04-2022,0,0,2226,0
kaserigod,30-04-2022,3,0,2229,0
kaserigod,1/5/2022,1,2,2228,0
kaserigod,2/5/2022,2,0,2230,0
kaserigod,3/5/2022,4,3,2231,0
kaserigod,4/5/2022,2,3,2230,0
kaserigod,5/5/2022,0,0,2230,0
kaserigod,6/5/2022,1,0,2231,0
kaserigod,7/5/2022,0,6,2225,0
kaserigod,8/5/2022,3,0,2228,0
kaserigod,9/5/2022,3,4,2227,0
kaserigod,10/5/2022,4,2,2228,1
kaserigod,11/5/2022,5,1,2232,0
kaserigod,12/5/2022,4,0,2236,0
kaserigod,13-05-2022,2,0,2238,0
kaserigod,14-05-2022,4,3,2239,0
kaserigod,15-05-2022,4,0,2243,0
kaserigod,16-05-2022,2,7,2238,0
kaserigod,17-05-2022,5,5,2238,0
kaserigod,18-05-2022,2,4,2236,0
kaserigod,19-05-2022,5,2,2239,0
kaserigod,20-05-2022,2,4,2237,0
kaserigod,21-05-2022,1,4,2234,0
kaserigod,22-05-2022,0,0,2234,0
kaserigod,23-05-2022,2,7,2229,0
kaserigod,24-05-2022,2,7,2224,0
kaserigod,25-05-2022,2,2,2224,0
kaserigod,26-05-2022,10,0,2234,0
kaserigod,27-05-2022,4,1,2237,0
kaserigod,28-05-2022,4,2,2239,0
kaserigod,29-05-2022,4,0,2243,0
kaserigod,30-05-2022,2,4,2241,0
kaserigod,31-05-2022,3,9,2234,1
kaserigod,1/6/2022,6,4,2236,0
kaserigod,2/6/2022,5,4,2237,0
kaserigod,3/6/2022,6,4,2238,1
kaserigod,4/6/2022,12,2,2248,0
kaserigod,5/6/2022,9,0,2257,0
kaserigod,6/6/2022,12,3,2265,1
kaserigod,7/6/2022,16,6,2275,0
kaserigod,8/6/2022,14,6,2283,0
kaserigod,9/6/2022,32,6,2309,0
kaserigod,10/6/2022,29,10,2328,0
kaserigod,11/6/2022,17,9,2336,0
kaserigod,12/6/2022,21,12,2345,0
kaserigod,13-06-2022,19,15,2349,0
kaserigod,14-06-2022,13,15,2347,0
kaserigod,15-06-2022,24,35,2336,0
kaserigod,16-06-2022,21,27,2330,0
kaserigod,17-06-2022,24,14,2340,0
kaserigod,18-06-2022,33,10,2363,0
kaserigod,19-06-2022,25,26,2362,0
kaserigod,20-06-2022,11,14,2359,0
kaserigod,21-06-2022,11,23,2347,0
kaserigod,22-06-2022,37,23,2361,0
kaserigod,23-06-2022,33,25,2369,0
kaserigod,24-06-2022,32,34,2367,0
kaserigod,25-06-2022,10,26,2351,0
kaserigod,26-06-2022,26,0,2377,0
kaserigod,27-06-2022,31,17,2391,0
kaserigod,28-06-2022,19,34,2376,0
kaserigod,29-06-2022,15,35,2356,0
kaserigod,30-06-2022,33,35,2354,0
kaserigod,1/7/2022,21,8,2367,0
kaserigod,2/7/2022,31,26,2372,0
kaserigod,3/7/2022,21,26,2367,0
kaserigod,4/7/2022,20,24,2363,0
kaserigod,5/7/2022,20,13,2369,1
kaserigod,6/7/2022,35,37,2367,0
kaserigod,7/7/2022,49,19,2397,0
kaserigod,8/7/2022,34,26,2405,0
kaserigod,9/7/2022,25,20,2410,0
kaserigod,10/7/2022,15,0,2425,0
kaserigod,11/7/2022,24,24,2424,1
kaserigod,12/7/2022,17,53,2388,0
kaserigod,13-07-2022,21,49,2360,0
kaserigod,14-07-2022,28,40,2348,0
kaserigod,15-07-2022,17,24,2341,0
kaserigod,16-07-2022,22,15,2348,0
kaserigod,17-07-2022,17,21,2344,0
kaserigod,18-07-2022,14,16,2342,0
kaserigod,20-07-2022,11,27,2326,0
kaserigod,21-07-2022,22,0,2348,0
kaserigod,22-07-2022,21,30,2339,0
kaserigod,19-07-2022,18,19,2338,0
kaserigod,23-07-2022,17,16,2339,0
kaserigod,24-07-2022,13,0,2352,0
kaserigod,25-07-2022,32,35,2349,0
kaserigod,26-07-2022,28,17,2360,0
kaserigod,27-07-2022,14,22,2352,0
kaserigod,28-07-2022,10,11,2350,1
kaserigod,29-07-2022,11,27,2333,1
kaserigod,30-07-2022,9,13,2329,0
kaserigod,31-07-2022,9,0,2338,0
kaserigod,1/8/2022,15,65,2288,0
kaserigod,2/8/2022,9,10,2287,0
kaserigod,3/8/2022,12,9,2290,0
kaserigod,4/8/2022,17,11,2296,0
kaserigod,5/8/2022,5,10,2291,0
kaserigod,6/8/2022,6,6,2291,0
kaserigod,7/8/2022,15,0,2306,0
kaserigod,8/8/2022,9,17,2298,0
kaserigod,9/8/2022,7,0,2305,0
kaserigod,10/8/2022,5,19,2291,0
kaserigod,11/8/2022,11,19,2283,0
kaserigod,12/8/2022,11,6,2288,0
kaserigod,13-08-2022,4,6,2286,0
kaserigod,14-08-2022,7,15,2278,0
kaserigod,15-08-2022,5,7,2276,0
kaserigod,16-08-2022,5,11,2270,0
kaserigod,17-08-2022,6,3,2273,0
kaserigod,18-08-2022,10,8,2275,0
kaserigod,19-08-2022,8,5,2278,0
kaserigod,20-08-2022,3,14,2267,0
kaserigod,21-08-2022,8,10,2265,0
kaserigod,22-08-2022,17,9,2272,1
kaserigod,23-08-2022,9,4,2275,2
kaserigod,24-08-2022,19,0,2294,0
kaserigod,25-08-2022,19,18,2295,0
kaserigod,26-08-2022,6,3,2298,0
kaserigod,27-08-2022,8,7,2299,0
kaserigod,28-08-2022,3,17,2285,0
kaserigod,29-08-2022,15,11,2289,0
kaserigod,30-08-2022,9,16,2282,0
kaserigod,1/9/2022,26,7,2301,0
kaserigod,2/9/2022,10,4,2307,0
kaserigod,3/9/2022,23,6,2324,0
kaserigod,4/9/2022,9,0,2333,0
kaserigod,5/9/2022,8,23,2318,0
kaserigod,6/9/2022,16,8,2326,0
kaserigod,7/9/2022,7,20,2313,0
kaserigod,8/9/2022,11,0,2324,0
kaserigod,9/9/2022,9,21,2312,0
kozhikod,22-03-2020,2,0,2,0
kozhikod,24-03-2020,2,0,4,0
kozhikod,25-03-2020,1,0,5,0
kozhikod,27-03-2020,1,0,6,0
kozhikod,1/4/2020,0,1,5,0
kozhikod,2/4/2020,1,0,6,0
kozhikod,3/4/2020,0,1,5,0
kozhikod,5/4/2020,5,1,9,0
kozhikod,8/4/2020,0,2,7,0
kozhikod,10/4/2020,0,1,6,0
kozhikod,11/4/2020,1,0,7,0
kozhikod,12/4/2020,0,1,6,0
kozhikod,14-04-2020,3,0,9,0
kozhikod,15-04-2020,0,2,7,0
kozhikod,16-04-2020,2,0,9,0
kozhikod,17-04-2020,1,0,10,0
kozhikod,18-04-2020,1,0,11,0
kozhikod,21-04-2020,0,2,9,0
kozhikod,22-04-2020,2,0,11,0
kozhikod,23-04-2020,2,0,13,0
kozhikod,25-04-2020,0,2,11,0
kozhikod,27-04-2020,0,4,7,0
kozhikod,29-04-2020,0,3,4,0
kozhikod,30-04-2020,0,1,3,0
kozhikod,4/5/2020,0,3,0,0
kozhikod,13-05-2020,1,0,1,0
kozhikod,14-05-2020,1,0,2,0
kozhikod,15-05-2020,2,0,4,0
kozhikod,16-05-2020,3,0,7,0
kozhikod,17-05-2020,2,0,9,0
kozhikod,18-05-2020,2,0,11,0
kozhikod,20-05-2020,1,0,12,0
kozhikod,21-05-2020,0,1,11,0
kozhikod,22-05-2020,5,0,16,0
kozhikod,23-05-2020,4,0,20,0
kozhikod,24-05-2020,1,0,21,0
kozhikod,25-05-2020,4,0,25,0
kozhikod,27-05-2020,2,0,27,0
kozhikod,28-05-2020,6,1,32,0
kozhikod,29-05-2020,2,2,32,0
kozhikod,30-05-2020,4,0,36,0
kozhikod,31-05-2020,2,4,34,0
kozhikod,1/6/2020,0,1,32,1
kozhikod,2/6/2020,5,0,37,0
kozhikod,3/6/2020,7,5,39,0
kozhikod,4/6/2020,10,5,44,0
kozhikod,5/6/2020,4,1,47,0
kozhikod,6/6/2020,4,7,44,0
kozhikod,7/6/2020,6,0,50,0
kozhikod,8/6/2020,13,0,63,0
kozhikod,9/6/2020,7,3,67,0
kozhikod,10/6/2020,10,3,74,0
kozhikod,11/6/2020,1,3,72,0
kozhikod,12/6/2020,4,2,74,0
kozhikod,13-06-2020,12,2,84,0
kozhikod,14-06-2020,8,1,91,0
kozhikod,15-06-2020,6,4,93,0
kozhikod,16-06-2020,4,0,97,0
kozhikod,17-06-2020,6,14,89,0
kozhikod,18-06-2020,5,1,93,0
kozhikod,19-06-2020,6,3,96,0
kozhikod,20-06-2020,12,11,97,0
kozhikod,21-06-2020,10,4,103,0
kozhikod,22-06-2020,5,8,100,0
kozhikod,23-06-2020,6,0,106,0
kozhikod,24-06-2020,3,35,74,0
kozhikod,25-06-2020,7,6,75,0
kozhikod,26-06-2020,7,11,71,0
kozhikod,27-06-2020,8,0,79,0
kozhikod,28-06-2020,7,6,80,0
kozhikod,29-06-2020,9,8,81,0
kozhikod,30-06-2020,4,2,83,0
kozhikod,1/7/2020,6,12,76,1
kozhikod,2/7/2020,7,0,83,0
kozhikod,3/7/2020,14,11,86,0
kozhikod,4/7/2020,8,1,93,0
kozhikod,5/7/2020,20,5,108,0
kozhikod,6/7/2020,15,5,118,0
kozhikod,7/7/2020,15,5,128,0
kozhikod,8/7/2020,15,6,137,0
kozhikod,9/7/2020,8,1,144,0
kozhikod,10/7/2020,12,0,156,0
kozhikod,11/7/2020,17,4,169,0
kozhikod,12/7/2020,4,18,155,0
kozhikod,13-07-2020,16,7,164,0
kozhikod,14-07-2020,58,19,203,0
kozhikod,15-07-2020,64,14,253,0
kozhikod,16-07-2020,33,10,276,0
kozhikod,17-07-2020,32,9,299,0
kozhikod,18-07-2020,26,9,316,0
kozhikod,19-07-2020,32,8,340,0
kozhikod,20-07-2020,92,6,426,0
kozhikod,21-07-2020,39,38,427,0
kozhikod,22-07-2020,25,14,438,0
kozhikod,23-07-2020,67,16,488,1
kozhikod,24-07-2020,82,66,504,0
kozhikod,25-07-2020,110,62,550,2
kozhikod,26-07-2020,57,8,598,0
kozhikod,27-07-2020,68,41,624,1
kozhikod,28-07-2020,67,13,678,0
kozhikod,29-07-2020,67,30,715,0
kozhikod,30-07-2020,42,57,699,1
kozhikod,31-07-2020,84,75,708,0
kozhikod,1/8/2020,95,49,753,1
kozhikod,2/8/2020,50,93,710,0
kozhikod,3/8/2020,33,26,717,0
kozhikod,4/8/2020,97,44,769,1
kozhikod,5/8/2020,39,72,733,3
kozhikod,6/8/2020,174,16,891,0
kozhikod,7/8/2020,149,36,1003,0
kozhikod,8/8/2020,173,110,1065,1
kozhikod,9/8/2020,69,30,1103,0
kozhikod,10/8/2020,66,71,1096,1
kozhikod,11/8/2020,158,103,1151,0
kozhikod,12/8/2020,93,122,1122,0
kozhikod,13-08-2020,98,12,1207,1
kozhikod,14-08-2020,99,111,1195,0
kozhikod,15-08-2020,151,56,1290,0
kozhikod,16-08-2020,118,43,1365,0
kozhikod,17-08-2020,46,76,1334,1
kozhikod,18-08-2020,147,195,1284,2
kozhikod,19-08-2020,78,174,1188,0
kozhikod,20-08-2020,130,257,1060,1
kozhikod,21-08-2020,158,163,1050,5
kozhikod,22-08-2020,232,20,1262,0
kozhikod,23-08-2020,119,12,1367,1
kozhikod,24-08-2020,81,130,1318,0
kozhikod,25-08-2020,260,140,1437,1
kozhikod,26-08-2020,215,150,1502,0
kozhikod,27-08-2020,238,90,1649,1
kozhikod,28-08-2020,174,106,1717,0
kozhikod,29-08-2020,152,131,1737,1
kozhikod,30-08-2020,304,110,1930,1
kozhikod,31-08-2020,117,197,1848,2
kozhikod,1/9/2020,155,240,1763,0
kozhikod,2/9/2020,204,194,1773,0
kozhikod,3/9/2020,131,186,1718,0
kozhikod,4/9/2020,167,272,1613,0
kozhikod,5/9/2020,244,193,1664,0
kozhikod,6/9/2020,264,265,1661,2
kozhikod,7/9/2020,103,278,1483,3
kozhikod,8/9/2020,246,145,1582,2
kozhikod,9/9/2020,330,88,1824,0
kozhikod,10/9/2020,261,178,1907,0
kozhikod,11/9/2020,261,105,2062,1
kozhikod,12/9/2020,286,176,2169,3
kozhikod,13-09-2020,399,128,2440,0
kozhikod,14-09-2020,382,123,2698,1
kozhikod,15-09-2020,260,306,2651,1
kozhikod,16-09-2020,468,155,2962,2
kozhikod,17-09-2020,545,275,3231,1
kozhikod,18-09-2020,404,348,3287,0
kozhikod,19-09-2020,412,344,3355,0
kozhikod,20-09-2020,536,240,3651,0
kozhikod,21-09-2020,376,419,3608,0
kozhikod,22-09-2020,394,130,3872,0
kozhikod,23-09-2020,504,427,3937,12
kozhikod,24-09-2020,883,308,4511,1
kozhikod,25-09-2020,690,472,4728,1
kozhikod,26-09-2020,684,414,4998,0
kozhikod,27-09-2020,956,403,5546,4
kozhikod,28-09-2020,918,645,5814,5
kozhikod,29-09-2020,837,465,6186,0
kozhikod,30-09-2020,942,589,6539,0
kozhikod,1/10/2020,1072,333,7278,0
kozhikod,2/10/2020,1146,423,8001,0
kozhikod,3/10/2020,941,278,8659,5
kozhikod,4/10/2020,1164,402,9421,0
kozhikod,5/10/2020,641,507,9554,1
kozhikod,6/10/2020,736,628,9662,0
kozhikod,7/10/2020,1576,589,10649,0
kozhikod,8/10/2020,688,1113,10214,10
kozhikod,9/10/2020,1205,835,10583,1
kozhikod,13-10-2020,1113,1236,10634,8
kozhikod,14-10-2020,661,836,10457,2
kozhikod,15-10-2020,1264,685,11034,2
kozhikod,16-10-2020,970,1154,10847,3
kozhikod,17-10-2020,926,1057,10714,2
kozhikod,18-10-2020,976,1193,10495,2
kozhikod,19-10-2020,772,1022,10241,4
kozhikod,20-10-2020,806,1029,10018,0
kozhikod,21-10-2020,1158,705,10471,0
kozhikod,22-10-2020,932,1153,10248,2
kozhikod,23-10-2020,751,983,10013,3
kozhikod,24-10-2020,770,940,9841,2
kozhikod,25-10-2020,869,733,9977,0
kozhikod,26-10-2020,497,1023,9450,1
kozhikod,27-10-2020,597,947,9098,2
kozhikod,28-10-2020,1149,720,9526,1
kozhikod,29-10-2020,692,1006,9212,0
kozhikod,30-10-2020,722,959,8970,5
kozhikod,31-10-2020,834,789,9012,3
kozhikod,1/11/2020,888,1042,8855,3
kozhikod,2/11/2020,576,839,8591,1
kozhikod,3/11/2020,842,922,8506,5
kozhikod,4/11/2020,951,1015,8438,4
kozhikod,5/11/2020,828,844,8421,0
kozhikod,6/11/2020,763,908,8275,1
kozhikod,7/11/2020,971,649,8596,1
kozhikod,8/11/2020,575,825,8346,0
kozhikod,9/11/2020,479,618,8207,0
kozhikod,13-11-2020,799,781,8129,0
kozhikod,14-11-2020,710,884,7955,0
kozhikod,15-11-2020,574,831,7698,0
kozhikod,16-11-2020,402,556,7544,0
kozhikod,17-11-2020,644,831,7353,4
kozhikod,18-11-2020,811,920,7242,2
kozhikod,19-11-2020,575,894,6918,5
kozhikod,20-11-2020,691,634,6971,4
kozhikod,21-11-2020,710,622,7055,4
kozhikod,22-11-2020,612,828,6838,1
kozhikod,23-11-2020,514,698,6652,2
kozhikod,24-11-2020,541,782,6411,0
kozhikod,25-11-2020,833,678,6565,1
kozhikod,26-11-2020,686,709,6538,4
kozhikod,27-11-2020,374,455,6456,1
kozhikod,28-11-2020,714,1187,5983,0
kozhikod,29-11-2020,851,733,6099,2
kozhikod,30-11-2020,481,913,5665,2
kozhikod,1/12/2020,516,590,5587,4
kozhikod,2/12/2020,734,814,5498,8
kozhikod,3/12/2020,547,629,5414,2
kozhikod,4/12/2020,773,554,5630,3
kozhikod,5/12/2020,688,460,5853,5
kozhikod,6/12/2020,561,599,5809,6
kozhikod,7/12/2020,383,571,5616,5
kozhikod,8/12/2020,451,421,5642,4
kozhikod,9/12/2020,656,610,5686,1
kozhikod,13-12-2020,612,686,5851,3
kozhikod,14-12-2020,219,410,5652,8
kozhikod,15-12-2020,276,487,5437,3
kozhikod,16-12-2020,642,788,5289,2
kozhikod,17-12-2020,585,780,5090,4
kozhikod,18-12-2020,674,581,5176,5
kozhikod,19-12-2020,777,618,5333,2
kozhikod,20-12-2020,650,684,5293,6
kozhikod,21-12-2020,507,495,5303,2
kozhikod,22-12-2020,598,510,5390,0
kozhikod,23-12-2020,605,640,5354,1
kozhikod,24-12-2020,518,599,5268,4
kozhikod,25-12-2020,588,477,5374,5
kozhikod,26-12-2020,522,356,5538,2
kozhikod,27-12-2020,579,447,5665,5
kozhikod,28-12-2020,399,417,5645,1
kozhikod,29-12-2020,507,645,5506,1
kozhikod,30-12-2020,638,718,5422,4
kozhikod,31-12-2020,520,714,5227,1
kozhikod,1/1/2021,452,707,4969,3
kozhikod,2/1/2021,596,445,5119,1
kozhikod,3/1/2021,511,583,5042,5
kozhikod,4/1/2021,481,373,5149,1
kozhikod,5/1/2021,426,655,4919,1
kozhikod,6/1/2021,729,585,5059,4
kozhikod,7/1/2021,480,517,5021,1
kozhikod,8/1/2021,469,574,4913,3
kozhikod,9/1/2021,599,562,4945,5
kozhikod,10/1/2021,558,511,4988,3
kozhikod,11/1/2021,414,404,4993,5
kozhikod,12/1/2021,566,425,5128,6
kozhikod,14-01-2021,582,482,5225,1
kozhikod,13-01-2021,669,573,5316,5
kozhikod,15-01-2021,660,518,5454,4
kozhikod,16-01-2021,722,561,5609,6
kozhikod,17-01-2021,677,457,5827,2
kozhikod,18-01-2021,385,350,5859,3
kozhikod,19-01-2021,481,460,5876,3
kozhikod,20-01-2021,770,510,6132,3
kozhikod,21-01-2021,579,525,6183,3
kozhikod,22-01-2021,740,611,6307,5
kozhikod,23-01-2021,814,534,6586,1
kozhikod,24-01-2021,763,593,6755,1
kozhikod,25-01-2021,439,390,6804,0
kozhikod,26-01-2021,466,475,6792,3
kozhikod,27-01-2021,758,594,6951,5
kozhikod,28-01-2021,584,610,6924,1
kozhikod,29-01-2021,710,670,6960,4
kozhikod,30-01-2021,822,744,7034,3
kozhikod,31-01-2021,650,790,6887,7
kozhikod,1/2/2021,432,390,6927,2
kozhikod,2/2/2021,501,750,6677,1
kozhikod,3/2/2021,741,790,6627,1
kozhikod,4/2/2021,676,838,6463,2
kozhikod,5/2/2021,706,809,6355,5
kozhikod,6/2/2021,696,619,6428,4
kozhikod,7/2/2021,663,623,6463,5
kozhikod,8/2/2021,403,410,6456,0
kozhikod,9/2/2021,477,797,6131,4
kozhikod,10/2/2021,652,829,5949,5
kozhikod,11/2/2021,614,666,5896,1
kozhikod,12/2/2021,521,604,5812,1
kozhikod,13-02-2021,750,582,5978,2
kozhikod,14-02-2021,476,639,5815,0
kozhikod,15-02-2021,292,336,5770,0
kozhikod,16-02-2021,424,866,5328,0
kozhikod,17-02-2021,486,880,4933,1
kozhikod,18-02-2021,638,708,4860,3
kozhikod,19-02-2021,509,590,4777,2
kozhikod,20-02-2021,602,659,4718,2
kozhikod,21-02-2021,552,652,4614,4
kozhikod,22-02-2021,374,617,4368,3
kozhikod,23-02-2021,357,521,4204,0
kozhikod,24-02-2021,483,742,3942,3
kozhikod,25-02-2021,480,477,3944,1
kozhikod,26-02-2021,457,432,3966,2
kozhikod,27-02-2021,519,326,4156,3
kozhikod,28-02-2021,387,351,4192,0
kozhikod,1/3/2021,380,341,4229,1
kozhikod,2/3/2021,334,500,4062,1
kozhikod,3/3/2021,399,605,3854,1
kozhikod,4/3/2021,345,558,3636,5
kozhikod,5/3/2021,358,377,3616,1
kozhikod,6/3/2021,376,412,3578,2
kozhikod,7/3/2021,315,388,3504,1
kozhikod,8/3/2021,245,527,3219,2
kozhikod,9/3/2021,267,446,3038,2
kozhikod,10/3/2021,341,519,2858,2
kozhikod,11/3/2021,261,388,2727,4
kozhikod,12/3/2021,265,373,2616,3
kozhikod,13-03-2021,255,330,2540,1
kozhikod,14-03-2021,288,404,2423,1
kozhikod,15-03-2021,117,334,2205,1
kozhikod,16-03-2021,237,365,2074,3
kozhikod,17-03-2021,246,371,1947,1
kozhikod,18-03-2021,213,315,1845,0
kozhikod,19-03-2021,261,249,1853,4
kozhikod,20-03-2021,321,255,1917,2
kozhikod,21-03-2021,241,350,1805,3
kozhikod,22-03-2021,114,264,1654,1
kozhikod,23-03-2021,223,265,1609,3
kozhikod,24-03-2021,333,259,1682,1
kozhikod,25-03-2021,301,296,1687,0
kozhikod,26-03-2021,262,243,1706,0
kozhikod,27-03-2021,263,260,1709,0
kozhikod,28-03-2021,403,257,1853,2
kozhikod,29-03-2021,184,41,1992,4
kozhikod,30-03-2021,325,271,2044,2
kozhikod,31-03-2021,398,297,2142,3
kozhikod,1/4/2021,424,264,2299,3
kozhikod,2/4/2021,385,178,2503,2
kozhikod,3/4/2021,568,202,2867,2
kozhikod,4/4/2021,403,299,2968,3
kozhikod,5/4/2021,360,302,3022,4
kozhikod,6/4/2021,402,274,3150,0
kozhikod,7/4/2021,550,273,3423,4
kozhikod,8/4/2021,453,391,3482,3
kozhikod,9/4/2021,715,228,3966,2
kozhikod,10/4/2021,791,301,4453,3
kozhikod,11/4/2021,1271,407,5314,3
kozhikod,12/4/2021,1010,425,5896,3
kozhikod,13-04-2021,867,409,6351,3
kozhikod,14-04-2021,1098,472,6975,2
kozhikod,15-04-2021,1062,410,7624,2
kozhikod,16-04-2021,1560,464,8715,5
kozhikod,17-04-2021,1504,402,9814,3
kozhikod,18-04-2021,2560,564,11807,3
kozhikod,19-04-2021,2022,481,13346,2
kozhikod,20-04-2021,2341,715,14970,2
kozhikod,21-04-2021,2645,788,16824,3
kozhikod,22-04-2021,3372,1298,18893,5
kozhikod,23-04-2021,3939,1012,21815,5
kozhikod,24-04-2021,3767,858,24714,10
kozhikod,25-04-2021,3998,1099,27609,4
kozhikod,26-04-2021,3251,1074,29782,4
kozhikod,27-04-2021,5015,1567,33227,3
kozhikod,28-04-2021,4317,1487,36054,3
kozhikod,29-04-2021,4990,2577,38455,12
kozhikod,30-04-2021,4915,2013,41350,7
kozhikod,1/5/2021,5554,2295,44609,0
kozhikod,2/5/2021,4238,2660,46170,17
kozhikod,3/5/2021,3919,3382,46697,10
kozhikod,4/5/2021,4788,3934,47542,9
kozhikod,5/5/2021,5180,3762,48954,6
kozhikod,6/5/2021,5700,3996,50658,0
kozhikod,7/5/2021,4200,3194,51649,15
kozhikod,8/5/2021,3981,4991,50639,0
kozhikod,9/5/2021,3805,4341,50089,14
kozhikod,10/5/2021,2522,4995,47605,11
kozhikod,11/5/2021,3927,4890,46635,6
kozhikod,12/5/2021,4418,5540,45489,24
kozhikod,13-05-2021,3346,4242,44584,9
kozhikod,14-05-2021,2760,3912,43424,8
kozhikod,15-05-2021,2966,4725,41645,19
kozhikod,16-05-2021,2406,5179,38871,1
kozhikod,17-05-2021,1492,5724,34619,20
kozhikod,18-05-2021,2474,4169,32908,15
kozhikod,19-05-2021,2668,3974,31593,9
kozhikod,20-05-2021,2207,3823,29954,21
kozhikod,21-05-2021,2382,2450,29872,14
kozhikod,22-05-2021,1971,3928,27904,11
kozhikod,23-05-2021,1917,4398,25394,29
kozhikod,24-05-2021,1256,3321,23305,23
kozhikod,25-05-2021,1855,2815,22326,19
kozhikod,26-05-2021,1817,2957,21185,1
kozhikod,27-05-2021,1521,2316,20383,6
kozhikod,28-05-2021,1697,1493,20561,26
kozhikod,29-05-2021,1354,2466,19449,0
kozhikod,30-05-2021,1306,2669,18072,13
kozhikod,31-05-2021,857,2210,16719,0
kozhikod,1/6/2021,1345,2375,15684,5
kozhikod,2/6/2021,1513,1963,15212,22
kozhikod,3/6/2021,1198,1878,14529,3
kozhikod,4/6/2021,1133,1230,14418,14
kozhikod,5/6/2021,1497,1848,14036,31
kozhikod,6/6/2021,960,1806,13179,11
kozhikod,7/6/2021,659,1508,12315,15
kozhikod,8/6/2021,1234,1714,11816,19
kozhikod,9/6/2021,1240,1318,11720,18
kozhikod,10/6/2021,1008,1303,11403,22
kozhikod,11/6/2021,1006,849,11540,20
kozhikod,12/6/2021,927,1348,11107,12
kozhikod,13-06-2021,892,1509,10490,0
kozhikod,14-06-2021,472,1193,9752,17
kozhikod,15-06-2021,819,1117,9437,17
kozhikod,16-06-2021,1054,1495,8996,0
kozhikod,17-06-2021,968,947,9011,6
kozhikod,18-06-2021,919,671,9254,5
kozhikod,19-06-2021,806,1232,8819,8
kozhikod,20-06-2021,979,1240,8550,8
kozhikod,21-06-2021,563,1016,8090,7
kozhikod,22-06-2021,817,992,7909,6
kozhikod,23-06-2021,893,941,7851,10
kozhikod,24-06-2021,1061,888,8017,7
kozhikod,25-06-2021,1004,475,8537,9
kozhikod,26-06-2021,1054,821,8761,8
kozhikod,27-06-2021,1046,1049,8753,5
kozhikod,28-06-2021,779,965,8554,13
kozhikod,29-06-2021,1197,913,8810,28
kozhikod,30-06-2021,1254,785,9267,12
kozhikod,1/7/2021,1381,965,9671,12
kozhikod,2/7/2021,1180,554,10284,13
kozhikod,3/7/2021,1091,814,10552,9
kozhikod,4/7/2021,1358,897,10998,15
kozhikod,5/7/2021,758,1041,10707,8
kozhikod,6/7/2021,1425,1002,11122,8
kozhikod,7/7/2021,1683,1055,11736,14
kozhikod,8/7/2021,1708,1048,12385,10
kozhikod,9/7/2021,1494,765,13105,9
kozhikod,10/7/2021,1540,1192,13444,9
kozhikod,11/7/2021,1428,1250,13611,11
kozhikod,12/7/2021,780,1378,13002,11
kozhikod,13-07-2021,1359,1176,13164,21
kozhikod,14-07-2021,2022,1080,14089,17
kozhikod,15-07-2021,1692,1339,14437,5
kozhikod,16-07-2021,1782,761,15435,23
kozhikod,17-07-2021,2105,1406,16128,6
kozhikod,18-07-2021,1666,1686,16108,0
kozhikod,19-07-2021,1022,1718,15400,12
kozhikod,20-07-2021,1689,1493,15579,17
kozhikod,21-07-2021,2151,1531,16194,5
kozhikod,22-07-2021,1586,1427,16343,10
kozhikod,23-07-2021,1870,780,17414,19
kozhikod,24-07-2021,2252,1348,18310,8
kozhikod,25-07-2021,2379,2019,18659,11
kozhikod,26-07-2021,1264,1687,18205,31
kozhikod,27-07-2021,2397,1758,18823,21
kozhikod,28-07-2021,2400,2091,19113,19
kozhikod,29-07-2021,2619,1653,20073,6
kozhikod,30-07-2021,2470,1029,21496,18
kozhikod,31-07-2021,2113,1689,21908,11
kozhikod,1/8/2021,2434,2147,22191,4
kozhikod,2/8/2021,1772,1592,22359,12
kozhikod,3/8/2021,2416,1864,22889,22
kozhikod,4/8/2021,2502,2244,23135,12
kozhikod,5/8/2021,2406,2386,23145,10
kozhikod,6/8/2021,2135,1270,23991,19
kozhikod,7/8/2021,2221,2388,23803,21
kozhikod,8/8/2021,2467,2397,23867,6
kozhikod,9/8/2021,1526,2631,22751,11
kozhikod,10/8/2021,2335,2472,22590,24
kozhikod,11/8/2021,2789,2098,23271,10
kozhikod,12/8/2021,2534,2442,23354,9
kozhikod,13-08-2021,2426,1772,23999,9
kozhikod,14-08-2021,2440,2417,24003,19
kozhikod,15-08-2021,2368,2497,23850,24
kozhikod,16-08-2021,1522,2402,22959,11
kozhikod,17-08-2021,2322,2138,23118,25
kozhikod,18-08-2021,2821,2207,23709,23
kozhikod,19-08-2021,2401,2459,23641,10
kozhikod,20-08-2021,2705,1525,24801,20
kozhikod,21-08-2021,2236,2324,24707,6
kozhikod,22-08-2021,1376,2795,23274,14
kozhikod,23-08-2021,1633,2527,22371,9
kozhikod,24-08-2021,2875,2426,22798,22
kozhikod,25-08-2021,3680,2426,24032,19
kozhikod,26-08-2021,3461,2366,25107,20
kozhikod,27-08-2021,3362,1524,26928,17
kozhikod,28-08-2021,3292,2301,27905,14
kozhikod,29-08-2021,3548,2822,28622,9
kozhikod,30-08-2021,1916,2404,28122,12
kozhikod,31-08-2021,3066,2709,28462,17
kozhikod,1/9/2021,3251,2218,29477,18
kozhikod,2/9/2021,3531,1369,31629,10
kozhikod,3/9/2021,3344,1635,33317,21
kozhikod,4/9/2021,2950,2864,33385,18
kozhikod,5/9/2021,3366,3674,33048,29
kozhikod,6/9/2021,2205,3439,31786,28
kozhikod,7/9/2021,2669,3319,31108,28
kozhikod,8/9/2021,3058,3265,30873,28
kozhikod,9/9/2021,2332,4488,28703,14
kozhikod,10/9/2021,2514,1909,29279,29
kozhikod,11/9/2021,2057,3070,28249,17
kozhikod,12/9/2021,1805,3241,26801,12
kozhikod,13-09-2021,1800,3520,25074,7
kozhikod,14-09-2021,1117,3342,22827,22
kozhikod,15-09-2021,1680,3368,21123,16
kozhikod,16-09-2021,1792,2930,19958,27
kozhikod,17-09-2021,2095,2192,19849,12
kozhikod,18-09-2021,2188,2665,19366,6
kozhikod,19-09-2021,1957,3065,18236,22
kozhikod,20-09-2021,1428,2316,17333,15
kozhikod,21-09-2021,1200,2508,16010,15
kozhikod,22-09-2021,1753,2050,15702,11
kozhikod,23-09-2021,1735,2050,15368,19
kozhikod,24-09-2021,1362,1540,15183,7
kozhikod,25-09-2021,1590,1118,15635,20
kozhikod,26-09-2021,1379,1661,15346,7
kozhikod,27-09-2021,997,1790,14548,5
kozhikod,28-09-2021,908,2097,13347,12
kozhikod,29-09-2021,1275,2184,12430,8
kozhikod,30-09-2021,1360,1955,11814,21
kozhikod,1/10/2021,1291,1418,11680,7
kozhikod,2/10/2021,1417,1198,11885,14
kozhikod,3/10/2021,1112,1754,11234,9
kozhikod,4/10/2021,892,1734,10382,10
kozhikod,5/10/2021,688,1357,9701,12
kozhikod,6/10/2021,1265,2322,8629,15
kozhikod,7/10/2021,1033,1165,8486,11
kozhikod,8/10/2021,913,1393,8001,5
kozhikod,9/10/2021,921,1333,7585,4
kozhikod,13-10-2021,1155,601,6559,8
kozhikod,14-10-2021,669,1065,6163,0
kozhikod,15-10-2021,690,377,6470,6
kozhikod,16-10-2021,937,1694,5709,4
kozhikod,17-10-2021,746,977,5476,2
kozhikod,18-10-2021,761,1011,5218,8
kozhikod,19-10-2021,787,1141,4851,13
kozhikod,20-10-2021,996,433,5409,5
kozhikod,21-10-2021,717,827,5292,7
kozhikod,22-10-2021,712,1004,4992,8
kozhikod,23-10-2021,914,723,5169,14
kozhikod,24-10-2021,679,756,5084,8
kozhikod,25-10-2021,559,984,4653,6
kozhikod,26-10-2021,722,720,4647,8
kozhikod,27-10-2021,961,532,4876,200
kozhikod,28-10-2021,759,749,4619,267
kozhikod,29-10-2021,646,744,4515,6
kozhikod,30-10-2021,997,570,4939,3
kozhikod,31-10-2021,742,760,4898,23
kozhikod,1/11/2021,637,953,4432,150
kozhikod,2/11/2021,648,813,4259,8
kozhikod,3/11/2021,723,452,4527,3
kozhikod,4/11/2021,799,534,4786,6
kozhikod,5/11/2021,663,1147,4234,68
kozhikod,6/11/2021,754,816,4111,61
kozhikod,7/11/2021,722,416,4326,91
kozhikod,8/11/2021,648,973,3994,7
kozhikod,9/11/2021,684,695,3979,4
kozhikod,13-11-2021,748,616,4160,1
kozhikod,14-11-2021,715,788,4085,2
kozhikod,15-11-2021,568,792,3856,5
kozhikod,16-11-2021,615,669,3799,3
kozhikod,17-11-2021,932,372,4356,3
kozhikod,18-11-2021,757,928,4146,39
kozhikod,19-11-2021,600,651,4094,1
kozhikod,20-11-2021,553,775,3839,33
kozhikod,21-11-2021,740,683,3893,3
kozhikod,22-11-2021,724,667,3938,12
kozhikod,23-11-2021,527,729,3734,2
kozhikod,24-11-2021,387,683,3435,3
kozhikod,25-11-2021,664,484,3545,70
kozhikod,26-11-2021,588,772,3359,2
kozhikod,27-11-2021,506,781,3081,3
kozhikod,28-11-2021,554,659,2974,2
kozhikod,29-11-2021,477,693,2753,5
kozhikod,30-11-2021,718,427,3044,0
kozhikod,1/12/2021,587,843,2784,4
kozhikod,2/12/2021,612,665,2731,0
kozhikod,3/12/2021,578,538,2732,39
kozhikod,4/12/2021,566,400,2878,20
kozhikod,5/12/2021,523,542,2859,0
kozhikod,6/12/2021,503,741,2618,3
kozhikod,7/12/2021,537,388,2764,3
kozhikod,8/12/2021,615,431,2945,3
kozhikod,9/12/2021,526,638,2833,0
kozhikod,13-12-2021,315,824,1900,0
kozhikod,14-12-2021,319,513,1703,3
kozhikod,15-12-2021,372,419,1652,4
kozhikod,16-12-2021,523,581,1591,3
kozhikod,17-12-2021,354,728,1217,0
kozhikod,18-12-2021,378,521,1071,3
kozhikod,19-12-2021,263,540,776,18
kozhikod,20-12-2021,259,531,450,54
kozhikod,21-12-2021,339,427,359,3
kozhikod,22-12-2021,313,349,321,2
kozhikod,23-12-2021,305,479,147,0
kozhikod,24-12-2021,252,319,78,2
kozhikod,6/1/2022,451,222,84,6
kozhikod,7/1/2022,551,267,289,79
kozhikod,8/1/2022,580,268,601,0
kozhikod,9/1/2022,740,266,1075,0
kozhikod,10/1/2022,561,249,1387,0
kozhikod,11/1/2022,801,299,1881,8
kozhikod,12/1/2022,1164,330,2715,0
kozhikod,13-01-2022,1274,271,3714,4
kozhikod,14-01-2022,1567,399,4882,0
kozhikod,15-01-2022,1648,467,6027,36
kozhikod,16-01-2022,1643,415,7218,37
kozhikod,17-01-2022,2043,513,8742,6
kozhikod,18-01-2022,2967,574,11135,0
kozhikod,19-01-2022,3386,740,13771,10
kozhikod,20-01-2022,4016,1351,16432,4
kozhikod,21-01-2022,4143,2434,18141,0
kozhikod,22-01-2022,4385,1567,20897,62
kozhikod,23-01-2022,5581,3229,23244,5
kozhikod,24-01-2022,2979,2038,24184,1
kozhikod,25-01-2022,4432,2966,25645,5
kozhikod,26-01-2022,4196,3381,26456,4
kozhikod,27-01-2022,5001,4012,27437,8
kozhikod,28-01-2022,4935,4135,28184,53
kozhikod,29-01-2022,4490,4331,28324,19
kozhikod,30-01-2022,3872,5562,26461,173
kozhikod,31-01-2022,4074,2805,27653,77
kozhikod,1/2/2022,4234,4355,27451,81
kozhikod,2/2/2022,4602,4114,27861,78
kozhikod,3/2/2022,2891,4921,25811,20
kozhikod,4/2/2022,2469,4915,23342,23
kozhikod,5/2/2022,2471,4466,21331,16
kozhikod,6/2/2022,2071,3856,19442,104
kozhikod,7/2/2022,1612,3970,17012,72
kozhikod,8/2/2022,1711,4160,14412,151
kozhikod,9/2/2022,1597,4450,11496,63
kozhikod,10/2/2022,1477,2827,10124,22
kozhikod,11/2/2022,1258,2447,8834,101
kozhikod,12/2/2022,1446,2368,7901,11
kozhikod,13-02-2022,991,2060,6814,18
kozhikod,14-02-2022,828,1591,6035,16
kozhikod,15-02-2022,998,1695,5307,31
kozhikod,16-02-2022,934,1563,4624,54
kozhikod,17-02-2022,610,1420,3802,12
kozhikod,18-02-2022,746,1245,3265,38
kozhikod,19-02-2022,653,1405,2490,23
kozhikod,20-02-2022,428,966,1949,3
kozhikod,21-02-2022,353,825,1475,2
kozhikod,22-02-2022,448,996,918,9
kozhikod,23-02-2022,574,925,560,7
kozhikod,24-02-2022,425,602,358,25
kannur,9/3/2020,1,0,1,0
kannur,10/3/2020,2,0,3,0
kannur,12/3/2020,1,0,4,0
kannur,21-03-2020,3,0,7,0
kannur,22-03-2020,4,0,11,0
kannur,23-03-2020,5,1,15,0
kannur,26-03-2020,9,1,23,0
kannur,27-03-2020,2,0,25,0
kannur,29-03-2020,8,0,33,0
kannur,30-03-2020,11,0,44,0
kannur,31-03-2020,1,2,43,0
kannur,1/4/2020,2,0,45,0
kannur,2/4/2020,1,0,46,0
kannur,3/4/2020,1,5,42,0
kannur,4/4/2020,1,7,36,0
kannur,5/4/2020,1,4,33,0
kannur,6/4/2020,0,1,32,0
kannur,7/4/2020,2,5,29,0
kannur,8/4/2020,4,1,32,0
kannur,9/4/2020,4,5,31,0
kannur,10/4/2020,2,6,27,0
kannur,11/4/2020,7,0,34,0
kannur,12/4/2020,1,0,35,0
kannur,13-04-2020,2,1,36,0
kannur,14-04-2020,4,0,40,0
kannur,15-04-2020,1,0,41,0
kannur,16-04-2020,4,1,44,0
kannur,18-04-2020,3,0,47,0
kannur,19-04-2020,1,3,45,0
kannur,20-04-2020,6,0,51,0
kannur,21-04-2020,10,9,52,0
kannur,22-04-2020,7,0,59,0
kannur,23-04-2020,0,1,58,0
kannur,24-04-2020,0,3,55,0
kannur,25-04-2020,1,2,54,0
kannur,26-04-2020,0,1,53,0
kannur,27-04-2020,1,6,48,0
kannur,28-04-2020,3,2,49,0
kannur,29-04-2020,1,3,47,0
kannur,30-04-2020,0,2,45,0
kannur,1/5/2020,0,4,41,0
kannur,2/5/2020,1,6,36,0
kannur,4/5/2020,0,19,17,0
kannur,7/5/2020,0,3,14,0
kannur,8/5/2020,0,10,4,0
kannur,10/5/2020,0,2,2,0
kannur,13-05-2020,1,0,3,0
kannur,14-05-2020,2,1,4,0
kannur,16-05-2020,0,2,2,0
kannur,17-05-2020,2,0,4,0
kannur,18-05-2020,3,0,7,0
kannur,19-05-2020,5,0,12,0
kannur,20-05-2020,3,1,14,0
kannur,21-05-2020,4,0,18,0
kannur,22-05-2020,12,0,30,0
kannur,23-05-2020,16,0,46,0
kannur,24-05-2020,12,0,58,0
kannur,25-05-2020,10,0,68,0
kannur,26-05-2020,8,0,75,1
kannur,27-05-2020,1,0,76,0
kannur,28-05-2020,10,1,85,0
kannur,29-05-2020,8,1,92,0
kannur,30-05-2020,15,1,106,0
kannur,31-05-2020,7,4,109,0
kannur,1/6/2020,0,1,108,0
kannur,2/6/2020,5,1,112,0
kannur,3/6/2020,2,2,112,0
kannur,4/6/2020,6,7,111,0
kannur,6/6/2020,12,5,118,0
kannur,7/6/2020,2,5,115,0
kannur,8/6/2020,4,0,119,0
kannur,9/6/2020,5,0,124,0
kannur,10/6/2020,4,13,115,0
kannur,11/6/2020,7,8,113,1
kannur,12/6/2020,3,1,114,1
kannur,13-06-2020,14,10,118,0
kannur,14-06-2020,4,2,120,0
kannur,15-06-2020,10,21,109,0
kannur,16-06-2020,7,1,115,0
kannur,17-06-2020,4,1,118,0
kannur,18-06-2020,4,4,117,1
kannur,19-06-2020,8,20,105,0
kannur,20-06-2020,4,2,107,0
kannur,21-06-2020,10,3,114,0
kannur,22-06-2020,3,14,103,0
kannur,23-06-2020,6,1,108,0
kannur,24-06-2020,17,10,115,0
kannur,25-06-2020,9,1,123,0
kannur,26-06-2020,13,1,135,0
kannur,27-06-2020,11,13,133,0
kannur,28-06-2020,26,1,158,0
kannur,29-06-2020,14,13,159,0
kannur,30-06-2020,26,2,183,0
kannur,1/7/2020,27,12,198,0
kannur,2/7/2020,9,6,201,0
kannur,3/7/2020,18,13,206,0
kannur,4/7/2020,35,14,227,0
kannur,5/7/2020,25,3,249,0
kannur,6/7/2020,11,10,250,0
kannur,7/7/2020,19,9,260,0
kannur,8/7/2020,22,2,280,0
kannur,9/7/2020,8,14,274,0
kannur,10/7/2020,23,14,283,0
kannur,11/7/2020,19,1,301,0
kannur,12/7/2020,17,19,299,0
kannur,13-07-2020,44,19,323,1
kannur,14-07-2020,12,45,290,0
kannur,15-07-2020,35,5,320,0
kannur,16-07-2020,23,8,334,1
kannur,17-07-2020,9,8,335,0
kannur,18-07-2020,39,37,337,0
kannur,19-07-2020,13,21,329,0
kannur,20-07-2020,48,3,374,0
kannur,21-07-2020,57,10,421,0
kannur,22-07-2020,43,0,464,0
kannur,23-07-2020,51,7,507,1
kannur,24-07-2020,18,108,417,0
kannur,25-07-2020,62,36,443,0
kannur,26-07-2020,47,70,420,0
kannur,27-07-2020,38,32,426,0
kannur,28-07-2020,43,15,454,0
kannur,29-07-2020,42,3,493,0
kannur,30-07-2020,39,47,485,0
kannur,31-07-2020,14,41,458,0
kannur,1/8/2020,5,35,428,0
kannur,2/8/2020,16,55,389,0
kannur,3/8/2020,37,25,401,0
kannur,4/8/2020,37,103,334,0
kannur,5/8/2020,61,53,341,1
kannur,6/8/2020,33,18,356,0
kannur,7/8/2020,13,29,339,1
kannur,8/8/2020,57,47,349,0
kannur,9/8/2020,41,11,379,0
kannur,10/8/2020,63,32,410,0
kannur,11/8/2020,30,27,412,1
kannur,12/8/2020,31,64,378,0
kannur,13-08-2020,27,25,380,0
kannur,14-08-2020,95,75,400,0
kannur,15-08-2020,52,32,420,0
kannur,16-08-2020,52,20,447,5
kannur,17-08-2020,77,22,501,1
kannur,18-08-2020,123,61,563,0
kannur,19-08-2020,126,48,641,0
kannur,20-08-2020,78,35,684,0
kannur,21-08-2020,78,44,717,1
kannur,22-08-2020,62,56,722,1
kannur,23-08-2020,143,88,777,0
kannur,24-08-2020,76,45,808,0
kannur,25-08-2020,150,99,859,0
kannur,26-08-2020,128,49,937,1
kannur,27-08-2020,102,119,917,3
kannur,28-08-2020,135,134,917,1
kannur,29-08-2020,95,94,917,1
kannur,30-08-2020,112,113,914,2
kannur,31-08-2020,74,88,900,0
kannur,1/9/2020,77,97,880,0
kannur,2/9/2020,142,127,895,0
kannur,3/9/2020,74,137,831,1
kannur,4/9/2020,115,73,871,2
kannur,5/9/2020,222,124,968,1
kannur,6/9/2020,200,69,1098,1
kannur,7/9/2020,260,70,1288,0
kannur,8/9/2020,158,106,1337,3
kannur,9/9/2020,251,67,1521,0
kannur,10/9/2020,276,144,1653,0
kannur,11/9/2020,256,61,1847,1
kannur,12/9/2020,207,135,1918,0
kannur,13-09-2020,234,88,2064,0
kannur,14-09-2020,232,135,2161,0
kannur,15-09-2020,213,228,2146,0
kannur,16-09-2020,247,179,2213,1
kannur,17-09-2020,260,97,2376,0
kannur,18-09-2020,330,169,2537,0
kannur,19-09-2020,222,91,2668,0
kannur,20-09-2020,242,157,2753,0
kannur,21-09-2020,314,39,3025,3
kannur,22-09-2020,143,214,2953,1
kannur,23-09-2020,365,142,3176,0
kannur,24-09-2020,406,431,3151,0
kannur,25-09-2020,419,217,3353,0
kannur,26-09-2020,435,147,3641,0
kannur,27-09-2020,332,153,3818,2
kannur,28-09-2020,310,124,4004,0
kannur,29-09-2020,432,197,4234,5
kannur,30-09-2020,519,182,4571,0
kannur,1/10/2020,435,129,4877,0
kannur,2/10/2020,625,303,5199,0
kannur,3/10/2020,423,204,5412,6
kannur,4/10/2020,555,109,5857,1
kannur,5/10/2020,339,130,6063,3
kannur,6/10/2020,545,251,6355,2
kannur,7/10/2020,602,1188,5769,0
kannur,8/10/2020,377,387,5759,0
kannur,9/10/2020,556,492,5823,0
kannur,13-10-2020,370,442,6340,1
kannur,14-10-2020,303,436,6206,1
kannur,15-10-2020,557,650,6113,0
kannur,16-10-2020,405,440,6069,9
kannur,17-10-2020,464,561,5971,1
kannur,18-10-2020,462,537,5896,0
kannur,19-10-2020,293,72,6116,1
kannur,20-10-2020,400,544,5968,4
kannur,21-10-2020,566,426,6105,3
kannur,22-10-2020,377,572,5910,0
kannur,23-10-2020,497,538,5866,2
kannur,24-10-2020,430,355,5937,4
kannur,25-10-2020,274,537,5673,1
kannur,26-10-2020,174,97,5747,3
kannur,27-10-2020,258,368,5635,2
kannur,28-10-2020,506,358,5783,0
kannur,29-10-2020,419,679,5519,4
kannur,30-10-2020,341,379,5480,1
kannur,31-10-2020,337,480,5337,0
kannur,1/11/2020,306,548,5089,6
kannur,2/11/2020,195,93,5189,1
kannur,3/11/2020,335,477,5047,0
kannur,4/11/2020,370,515,4902,0
kannur,5/11/2020,329,546,4683,2
kannur,6/11/2020,354,393,4641,3
kannur,7/11/2020,266,313,4589,5
kannur,8/11/2020,344,138,4792,3
kannur,9/11/2020,152,133,4810,1
kannur,13-11-2020,240,431,4631,1
kannur,14-11-2020,363,567,4427,0
kannur,15-11-2020,203,336,4290,4
kannur,16-11-2020,110,285,4111,4
kannur,17-11-2020,335,625,3820,1
kannur,18-11-2020,213,376,3657,0
kannur,19-11-2020,337,377,3616,1
kannur,20-11-2020,251,295,3569,3
kannur,21-11-2020,211,473,3307,0
kannur,22-11-2020,233,351,3189,0
kannur,23-11-2020,144,187,3145,1
kannur,24-11-2020,264,317,3090,1
kannur,25-11-2020,242,320,3010,2
kannur,26-11-2020,226,150,3083,3
kannur,27-11-2020,131,136,3078,0
kannur,28-11-2020,315,179,3214,0
kannur,29-11-2020,277,259,3232,0
kannur,30-11-2020,175,299,3108,0
kannur,1/12/2020,222,321,3007,2
kannur,2/12/2020,201,258,2949,1
kannur,3/12/2020,288,196,3039,2
kannur,4/12/2020,275,276,3038,0
kannur,5/12/2020,280,288,3028,2
kannur,6/12/2020,223,197,3051,3
kannur,7/12/2020,154,234,2971,0
kannur,8/12/2020,207,158,3020,0
kannur,9/12/2020,251,217,3049,5
kannur,13-12-2020,267,111,3227,4
kannur,14-12-2020,136,172,3191,0
kannur,15-12-2020,149,115,3223,2
kannur,16-12-2020,250,100,3372,0
kannur,17-12-2020,266,101,3536,1
kannur,18-12-2020,298,349,3483,1
kannur,19-12-2020,268,330,3417,4
kannur,20-12-2020,292,160,3549,0
kannur,21-12-2020,159,304,3404,0
kannur,22-12-2020,302,306,3398,2
kannur,23-12-2020,228,151,3475,0
kannur,24-12-2020,263,279,3459,0
kannur,25-12-2020,266,252,3470,3
kannur,26-12-2020,120,209,3381,0
kannur,27-12-2020,289,158,3509,3
kannur,28-12-2020,103,176,3434,2
kannur,29-12-2020,230,203,3458,2
kannur,30-12-2020,242,201,3498,1
kannur,31-12-2020,302,222,3575,2
kannur,1/1/2021,266,213,3625,2
kannur,2/1/2021,197,219,3603,0
kannur,3/1/2021,179,358,3420,3
kannur,4/1/2021,133,246,3305,2
kannur,5/1/2021,252,341,3215,1
kannur,6/1/2021,219,260,3172,2
kannur,7/1/2021,151,458,2861,4
kannur,8/1/2021,249,318,2791,0
kannur,9/1/2021,182,220,2752,1
kannur,10/1/2021,262,242,2770,2
kannur,11/1/2021,160,227,2701,2
kannur,12/1/2021,273,201,2773,0
kannur,14-01-2021,235,195,2812,1
kannur,13-01-2021,259,301,2766,3
kannur,15-01-2021,219,126,2858,1
kannur,16-01-2021,207,207,2853,5
kannur,17-01-2021,239,118,2973,1
kannur,18-01-2021,187,167,2993,0
kannur,19-01-2021,301,175,3114,4
kannur,20-01-2021,281,242,3151,2
kannur,21-01-2021,299,220,3226,3
kannur,22-01-2021,312,166,3372,0
kannur,23-01-2021,321,226,3465,1
kannur,24-01-2021,362,340,3486,1
kannur,25-01-2021,115,191,3407,1
kannur,26-01-2021,305,139,3572,1
kannur,27-01-2021,357,206,3722,0
kannur,28-01-2021,275,274,3722,1
kannur,29-01-2021,349,183,3887,1
kannur,30-01-2021,321,220,3987,1
kannur,31-01-2021,230,197,4018,2
kannur,1/2/2021,157,181,3989,4
kannur,2/2/2021,340,193,4133,3
kannur,3/2/2021,297,286,4143,1
kannur,4/2/2021,289,240,4191,1
kannur,5/2/2021,253,354,4089,1
kannur,6/2/2021,182,279,3991,1
kannur,7/2/2021,254,328,3915,2
kannur,8/2/2021,145,201,3855,2
kannur,9/2/2021,273,263,3864,1
kannur,10/2/2021,213,277,3799,0
kannur,11/2/2021,251,332,3714,2
kannur,12/2/2021,197,405,3505,1
kannur,13-02-2021,279,439,3344,1
kannur,14-02-2021,164,280,3227,0
kannur,15-02-2021,135,231,3129,2
kannur,16-02-2021,182,267,3042,2
kannur,17-02-2021,284,279,3047,0
kannur,18-02-2021,211,216,3042,0
kannur,19-02-2021,196,202,3036,0
kannur,20-02-2021,176,217,2993,2
kannur,21-02-2021,167,149,3011,0
kannur,22-02-2021,114,207,2914,2
kannur,23-02-2021,206,190,2929,1
kannur,24-02-2021,199,181,2947,0
kannur,25-02-2021,312,165,3094,0
kannur,26-02-2021,177,128,3142,0
kannur,27-02-2021,173,303,3012,0
kannur,28-02-2021,181,232,2961,0
kannur,1/3/2021,198,158,3000,1
kannur,2/3/2021,225,142,3081,2
kannur,3/3/2021,128,180,3029,0
kannur,4/3/2021,204,303,2930,0
kannur,5/3/2021,175,223,2878,4
kannur,6/3/2021,215,282,2809,2
kannur,7/3/2021,158,195,2771,1
kannur,8/3/2021,82,121,2731,1
kannur,9/3/2021,178,151,2757,1
kannur,10/3/2021,123,348,2530,2
kannur,11/3/2021,200,125,2604,1
kannur,12/3/2021,131,302,2433,0
kannur,13-03-2021,205,108,2528,1
kannur,14-03-2021,151,90,2587,2
kannur,15-03-2021,74,167,2493,1
kannur,16-03-2021,176,319,2348,2
kannur,17-03-2021,139,141,2345,1
kannur,18-03-2021,161,286,2216,3
kannur,19-03-2021,180,130,2263,3
kannur,20-03-2021,159,112,2310,0
kannur,21-03-2021,182,215,2277,0
kannur,22-03-2021,125,214,2187,1
kannur,23-03-2021,252,123,2313,2
kannur,24-03-2021,295,152,2455,1
kannur,25-03-2021,205,147,2511,2
kannur,26-03-2021,245,140,2615,1
kannur,27-03-2021,222,103,2732,2
kannur,28-03-2021,285,140,2875,2
kannur,29-03-2021,249,170,2953,1
kannur,30-03-2021,248,162,3037,2
kannur,31-03-2021,416,142,3310,1
kannur,1/4/2021,345,137,3518,0
kannur,2/4/2021,272,275,3511,4
kannur,3/4/2021,264,92,3680,3
kannur,4/4/2021,350,250,3779,1
kannur,5/4/2021,240,112,3905,2
kannur,6/4/2021,410,103,4210,2
kannur,7/4/2021,287,169,4328,0
kannur,8/4/2021,334,227,4433,2
kannur,9/4/2021,478,291,4617,3
kannur,10/4/2021,451,278,4788,2
kannur,11/4/2021,575,216,5145,2
kannur,12/4/2021,536,303,5376,2
kannur,13-04-2021,503,266,5611,2
kannur,14-04-2021,748,140,6214,5
kannur,15-04-2021,649,119,6740,4
kannur,16-04-2021,673,298,7114,1
kannur,17-04-2021,1132,413,7827,4
kannur,18-04-2021,1451,714,8561,3
kannur,19-04-2021,1175,658,9073,5
kannur,20-04-2021,1360,300,10130,3
kannur,21-04-2021,1554,439,11244,1
kannur,22-04-2021,1747,390,12600,1
kannur,23-04-2021,1998,335,14258,5
kannur,24-04-2021,1755,595,15418,0
kannur,25-04-2021,1843,356,16905,0
kannur,26-04-2021,1618,683,17834,6
kannur,27-04-2021,1996,623,19207,0
kannur,28-04-2021,1857,741,20316,6
kannur,29-04-2021,1999,1045,21260,10
kannur,30-04-2021,2482,1113,22623,6
kannur,1/5/2021,1484,1255,22849,3
kannur,2/5/2021,1525,1143,23227,4
kannur,3/5/2021,1469,1178,23514,3
kannur,4/5/2021,1985,1490,24003,6
kannur,5/5/2021,2087,1590,24496,4
kannur,6/5/2021,2418,2083,24815,16
kannur,7/5/2021,3139,1664,26290,0
kannur,8/5/2021,3090,1856,27512,12
kannur,9/5/2021,2297,1562,28239,8
kannur,10/5/2021,1838,1803,28267,7
kannur,11/5/2021,2085,1917,28424,10
kannur,12/5/2021,2346,1907,28863,0
kannur,13-05-2021,2261,2349,28775,0
kannur,14-05-2021,2159,1490,29427,16
kannur,15-05-2021,1652,1504,29565,9
kannur,16-05-2021,1695,3000,28256,4
kannur,17-05-2021,1641,5722,24172,3
kannur,18-05-2021,1374,5349,20197,0
kannur,19-05-2021,1789,3783,18196,7
kannur,20-05-2021,1433,1255,18374,0
kannur,21-05-2021,1410,2649,17116,18
kannur,22-05-2021,1252,2253,16108,7
kannur,23-05-2021,1265,1951,15406,16
kannur,24-05-2021,947,1670,14680,3
kannur,25-05-2021,1212,3884,12004,4
kannur,26-05-2021,1304,1157,12135,16
kannur,27-05-2021,1023,2255,10888,15
kannur,28-05-2021,974,2020,9834,8
kannur,29-05-2021,984,1204,9600,14
kannur,30-05-2021,991,1537,9053,1
kannur,31-05-2021,558,1518,8093,0
kannur,1/6/2021,866,1502,7454,3
kannur,2/6/2021,746,1296,6887,17
kannur,3/6/2021,856,1654,6081,8
kannur,4/6/2021,621,870,5825,7
kannur,5/6/2021,684,898,5601,9
kannur,6/6/2021,640,857,5384,0
kannur,7/6/2021,439,866,4950,5
kannur,8/6/2021,692,790,4842,10
kannur,9/6/2021,619,829,4611,21
kannur,10/6/2021,750,922,4429,10
kannur,11/6/2021,667,592,4487,16
kannur,12/6/2021,442,652,4272,5
kannur,13-06-2021,633,678,4211,15
kannur,14-06-2021,339,661,3878,11
kannur,15-06-2021,547,580,3842,3
kannur,16-06-2021,675,548,3959,10
kannur,17-06-2021,535,700,3791,2
kannur,18-06-2021,429,411,3806,3
kannur,19-06-2021,527,341,3982,10
kannur,20-06-2021,486,892,3573,3
kannur,21-06-2021,434,451,3552,4
kannur,22-06-2021,580,322,3805,4
kannur,23-06-2021,607,521,3881,10
kannur,24-06-2021,696,433,4130,12
kannur,25-06-2021,619,436,4311,2
kannur,26-06-2021,535,460,4376,10
kannur,27-06-2021,562,606,4332,0
kannur,28-06-2021,450,391,4385,6
kannur,29-06-2021,746,594,4537,0
kannur,30-06-2021,634,612,4553,6
kannur,1/7/2021,766,635,4678,6
kannur,2/7/2021,719,588,4806,3
kannur,3/7/2021,675,502,4972,6
kannur,4/7/2021,782,538,5211,5
kannur,5/7/2021,560,406,5361,4
kannur,6/7/2021,947,616,5685,7
kannur,7/7/2021,962,653,5984,10
kannur,8/7/2021,897,863,6013,5
kannur,9/7/2021,826,816,6011,12
kannur,10/7/2021,765,685,6074,17
kannur,11/7/2021,792,606,6260,0
kannur,12/7/2021,522,578,6204,0
kannur,13-07-2021,926,631,6481,18
kannur,14-07-2021,912,980,6404,9
kannur,15-07-2021,936,727,6608,5
kannur,16-07-2021,719,1072,6239,16
kannur,17-07-2021,1084,871,6452,0
kannur,18-07-2021,797,670,6562,17
kannur,19-07-2021,653,682,6531,2
kannur,20-07-2021,873,761,6641,2
kannur,21-07-2021,777,728,6679,11
kannur,22-07-2021,552,785,6435,11
kannur,23-07-2021,1121,783,6766,7
kannur,24-07-2021,990,718,7035,3
kannur,25-07-2021,884,1040,6879,0
kannur,26-07-2021,609,741,6730,17
kannur,27-07-2021,1072,664,7123,15
kannur,28-07-2021,1179,1025,7266,11
kannur,29-07-2021,1275,755,7775,11
kannur,30-07-2021,1123,959,7938,1
kannur,31-07-2021,1243,844,8337,0
kannur,1/8/2021,1112,836,8605,8
kannur,2/8/2021,802,682,8725,0
kannur,3/8/2021,1180,748,9156,1
kannur,4/8/2021,1299,1449,8996,10
kannur,5/8/2021,1142,964,9166,8
kannur,6/8/2021,993,1356,8803,0
kannur,7/8/2021,1217,1121,8889,10
kannur,8/8/2021,1012,1115,8757,29
kannur,9/8/2021,944,840,8860,1
kannur,10/8/2021,1091,970,8977,4
kannur,11/8/2021,1194,1323,8847,1
kannur,12/8/2021,1338,1646,8522,17
kannur,13-08-2021,1472,1003,8986,5
kannur,14-08-2021,1009,1322,8671,2
kannur,15-08-2021,1257,1047,8881,0
kannur,16-08-2021,873,922,8820,12
kannur,17-08-2021,1306,769,9342,15
kannur,18-08-2021,1326,1116,9548,4
kannur,19-08-2021,1370,1106,9794,18
kannur,20-08-2021,1034,1065,9761,2
kannur,21-08-2021,919,1099,9579,2
kannur,22-08-2021,778,1137,9220,0
kannur,23-08-2021,720,1170,8757,13
kannur,24-08-2021,1418,1187,8988,0
kannur,25-08-2021,1930,1032,9829,57
kannur,26-08-2021,1939,1341,10394,33
kannur,27-08-2021,1984,1191,11176,11
kannur,28-08-2021,1643,1138,11675,6
kannur,29-08-2021,1753,1009,12414,5
kannur,30-08-2021,1201,615,12977,23
kannur,31-08-2021,1927,875,14025,4
kannur,1/9/2021,1657,1983,13697,2
kannur,2/9/2021,1626,1855,13419,49
kannur,3/9/2021,1490,1707,13189,13
kannur,4/9/2021,1562,1764,12987,0
kannur,5/9/2021,1356,1860,12472,11
kannur,6/9/2021,1262,1743,11991,0
kannur,7/9/2021,1649,914,12726,0
kannur,8/9/2021,1433,2003,12120,36
kannur,9/9/2021,1532,1649,11995,8
kannur,10/9/2021,1583,1520,12057,1
kannur,11/9/2021,810,1550,11317,0
kannur,12/9/2021,1217,1592,10939,3
kannur,13-09-2021,814,1608,10140,5
kannur,14-09-2021,1099,864,10375,0
kannur,15-09-2021,967,1767,9514,61
kannur,16-09-2021,1246,1506,9246,8
kannur,17-09-2021,1033,1336,8943,0
kannur,18-09-2021,1119,1272,8790,0
kannur,19-09-2021,856,1191,8434,20
kannur,20-09-2021,700,1079,8055,0
kannur,21-09-2021,993,752,8284,12
kannur,22-09-2021,967,1253,7997,1
kannur,23-09-2021,924,1142,7779,0
kannur,24-09-2021,819,1068,7529,1
kannur,25-09-2021,890,1019,7400,0
kannur,26-09-2021,646,600,7365,81
kannur,27-09-2021,755,628,7492,0
kannur,28-09-2021,643,754,7366,15
kannur,29-09-2021,666,712,7294,26
kannur,30-09-2021,799,912,7172,9
kannur,1/10/2021,744,983,6923,10
kannur,2/10/2021,710,868,6756,9
kannur,3/10/2021,606,840,6521,1
kannur,4/10/2021,611,754,6364,14
kannur,5/10/2021,563,796,6107,24
kannur,6/10/2021,698,642,6149,14
kannur,7/10/2021,679,398,6411,19
kannur,8/10/2021,688,970,6114,15
kannur,9/10/2021,561,753,5918,4
kannur,13-10-2021,554,370,5759,18
kannur,14-10-2021,505,779,5476,9
kannur,15-10-2021,479,681,5273,1
kannur,16-10-2021,420,656,5037,0
kannur,17-10-2021,446,601,4882,0
kannur,18-10-2021,436,611,4706,1
kannur,19-10-2021,426,566,4566,0
kannur,20-10-2021,531,313,4782,2
kannur,21-10-2021,500,661,4612,9
kannur,22-10-2021,467,519,4501,59
kannur,23-10-2021,410,518,4368,25
kannur,24-10-2021,419,503,4245,39
kannur,25-10-2021,402,414,4207,26
kannur,26-10-2021,427,525,4108,1
kannur,27-10-2021,422,368,4144,18
kannur,28-10-2021,371,467,3885,163
kannur,29-10-2021,336,461,3679,81
kannur,30-10-2021,349,457,3559,12
kannur,31-10-2021,304,451,3412,0
kannur,1/11/2021,417,441,3316,72
kannur,2/11/2021,255,264,3276,31
kannur,3/11/2021,422,369,3321,8
kannur,4/11/2021,411,427,3305,0
kannur,5/11/2021,341,420,3205,21
kannur,6/11/2021,394,369,3228,2
kannur,7/11/2021,388,333,3240,43
kannur,8/11/2021,387,347,3191,89
kannur,9/11/2021,481,304,3368,0
kannur,13-11-2021,431,341,3560,0
kannur,14-11-2021,376,411,3525,0
kannur,15-11-2021,371,394,3500,2
kannur,16-11-2021,368,388,3480,0
kannur,17-11-2021,437,387,3530,0
kannur,18-11-2021,348,481,3375,22
kannur,19-11-2021,335,335,3296,79
kannur,20-11-2021,367,471,3171,21
kannur,21-11-2021,361,397,3134,1
kannur,22-11-2021,200,431,2903,0
kannur,23-11-2021,291,376,2817,1
kannur,24-11-2021,194,371,2640,0
kannur,25-11-2021,373,368,2567,78
kannur,26-11-2021,295,437,2363,62
kannur,27-11-2021,287,348,2285,17
kannur,28-11-2021,225,335,2173,2
kannur,29-11-2021,231,367,2016,21
kannur,30-11-2021,337,361,1983,9
kannur,1/12/2021,236,200,1947,72
kannur,2/12/2021,309,291,1890,75
kannur,3/12/2021,284,194,1978,2
kannur,4/12/2021,276,373,1880,1
kannur,5/12/2021,246,295,1831,0
kannur,6/12/2021,267,287,1811,0
kannur,7/12/2021,308,225,1894,0
kannur,8/12/2021,327,231,1990,0
kannur,9/12/2021,287,337,1939,1
kannur,13-12-2021,224,276,1719,64
kannur,14-12-2021,248,246,1670,51
kannur,15-12-2021,237,267,1620,20
kannur,16-12-2021,227,308,1519,20
kannur,17-12-2021,228,327,1411,9
kannur,18-12-2021,212,287,1324,12
kannur,19-12-2021,185,278,1204,27
kannur,20-12-2021,161,202,1109,54
kannur,21-12-2021,176,249,1023,13
kannur,22-12-2021,157,224,943,13
kannur,23-12-2021,166,248,840,21
kannur,24-12-2021,164,237,728,39
kannur,25-12-2021,145,227,646,0
kannur,26-12-2021,150,228,564,4
kannur,27-12-2021,121,212,459,14
kannur,28-12-2021,178,185,437,15
kannur,29-12-2021,136,161,394,18
kannur,30-12-2021,152,176,359,11
kannur,31-12-2021,170,157,353,19
kannur,1/1/2022,180,166,367,0
kannur,2/1/2022,158,164,360,1
kannur,3/1/2022,184,145,392,7
kannur,4/1/2022,268,150,432,78
kannur,5/1/2022,215,121,515,11
kannur,6/1/2022,302,178,606,33
kannur,7/1/2022,289,136,754,5
kannur,8/1/2022,280,152,871,11
kannur,9/1/2022,391,170,1092,0
kannur,10/1/2022,319,180,1220,11
kannur,11/1/2022,417,158,1476,3
kannur,12/1/2022,540,184,1805,27
kannur,13-01-2022,683,268,2220,0
kannur,14-01-2022,787,215,2777,15
kannur,15-01-2022,845,302,3315,5
kannur,16-01-2022,649,289,3675,0
kannur,17-01-2022,1100,280,4483,12
kannur,18-01-2022,1170,391,5259,3
kannur,19-01-2022,1814,219,6849,5
kannur,20-01-2022,1973,317,8493,12
kannur,21-01-2022,2015,440,10058,10
kannur,22-01-2022,1673,1003,10723,5
kannur,23-01-2022,1336,1494,10554,11
kannur,24-01-2022,1260,1100,10714,0
kannur,25-01-2022,2578,1170,12115,7
kannur,26-01-2022,2333,1814,12610,24
kannur,27-01-2022,2152,1973,12783,6
kannur,28-01-2022,2314,2015,13063,19
kannur,29-01-2022,2252,1673,13637,5
kannur,30-01-2022,1976,1728,13878,7
kannur,31-01-2022,1572,1260,14140,50
kannur,1/2/2022,2081,2186,14025,10
kannur,2/2/2022,2295,2333,13896,91
kannur,3/2/2022,1670,2152,13403,11
kannur,4/2/2022,1814,2314,12903,0
kannur,5/2/2022,1807,2252,12439,19
kannur,6/2/2022,1442,1976,11905,0
kannur,7/2/2022,1031,1572,11315,49
kannur,8/2/2022,1061,2081,10270,25
kannur,9/2/2022,966,2295,8923,18
kannur,10/2/2022,950,1670,8192,11
kannur,11/2/2022,633,1814,6998,13
kannur,12/2/2022,597,1807,5771,17
kannur,13-02-2022,599,1442,4926,2
kannur,14-02-2022,562,1031,4452,5
kannur,15-02-2022,514,1061,3903,2
kannur,16-02-2022,444,966,3358,23
kannur,17-02-2022,357,950,2750,15
kannur,18-02-2022,282,633,2395,4
kannur,19-02-2022,270,597,2052,16
kannur,20-02-2022,226,599,1672,7
kannur,21-02-2022,179,562,1284,5
kannur,22-02-2022,206,514,976,0
kannur,23-02-2022,188,444,714,6
kannur,24-02-2022,174,357,520,11
kannur,25-02-2022,158,282,395,1
kannur,26-02-2022,122,70,436,11
kannur,27-02-2022,121,106,444,7
kannur,28-02-2022,89,90,439,4
kannur,1/3/2022,113,86,453,13
kannur,2/3/2022,89,170,366,6
kannur,3/3/2022,85,168,278,5
kannur,4/3/2022,94,153,205,14
kannur,5/3/2022,60,108,154,3
kannur,6/3/2022,52,118,84,4
kannur,7/3/2022,57,85,48,8
