Event ID,District,Disease,Start Date,End Date,Duration,Peak Cases,Peak Z-score,Highest Risk,Medium Days,High Days,Critical Days,Start Month
EVT-0001,Kannur,Chickenpox,2025-01-02,2025-01-02,1,2,2.0775656595562606,Medium,1,0,0,2025-01
EVT-0002,Kannur,Chickenpox,2025-02-02,2025-02-02,1,1,2.94957624075052,High,0,1,0,2025-02
EVT-0003,Kannur,Chickenpox,2025-02-13,2025-02-13,1,1,2.94957624075052,High,0,1,0,2025-02
EVT-0004,Kannur,Chickenpox,2025-02-18,2025-02-18,1,2,3.975714565497161,Critical,0,0,1,2025-02
EVT-0005,Kannur,Chickenpox,2025-03-26,2025-03-26,1,1,2.94957624075052,High,0,1,0,2025-03
EVT-0006,Kannur,Chickenpox,2025-04-04,2025-04-04,1,1,2.94957624075052,High,0,1,0,2025-04
EVT-0007,Kannur,Chickenpox,2025-04-10,2025-04-11,2,1,2.94957624075052,High,0,2,0,2025-04
EVT-0008,Kannur,Chickenpox,2025-05-06,2025-05-06,1,1,2.9495762407505195,High,0,1,0,2025-05
EVT-0009,Kannur,Chickenpox,2025-05-11,2025-05-11,1,1,3.678767909685695,Critical,0,0,1,2025-05
EVT-0010,Kannur,Chickenpox,2025-05-14,2025-05-15,2,1,2.9495762407505195,High,0,2,0,2025-05
EVT-0011,Kannur,Chickenpox,2025-05-19,2025-05-19,1,1,2.1984843263788174,Medium,1,0,0,2025-05
EVT-0012,Kannur,Chickenpox,2025-06-14,2025-06-14,1,1,2.5066578014027594,High,0,1,0,2025-06
EVT-0013,Kannur,Chickenpox,2025-06-16,2025-06-16,1,1,2.1984843263788174,Medium,1,0,0,2025-06
EVT-0014,Kannur,Chickenpox,2025-07-16,2025-07-16,1,1,2.1984843263788174,Medium,1,0,0,2025-07
EVT-0015,Kannur,Chickenpox,2025-07-19,2025-07-19,1,2,3.7172095796206475,Critical,0,0,1,2025-07
EVT-0016,Kannur,Chickenpox,2025-07-26,2025-07-27,2,2,3.108573076472143,Critical,0,1,1,2025-07
EVT-0017,Kannur,Chickenpox,2025-08-26,2025-08-26,1,1,2.506657801402759,High,0,1,0,2025-08
EVT-0018,Kannur,Chickenpox,2025-08-28,2025-08-28,1,1,2.1984843263788174,Medium,1,0,0,2025-08
EVT-0019,Kannur,Chickenpox,2025-09-08,2025-09-08,1,1,2.1984843263788174,Medium,1,0,0,2025-09
EVT-0020,Kannur,Chickenpox,2025-10-05,2025-10-05,1,1,2.198484326378818,Medium,1,0,0,2025-10
EVT-0021,Kannur,Chickenpox,2025-10-20,2025-10-20,1,1,2.198484326378818,Medium,1,0,0,2025-10
EVT-0022,Kannur,Chickenpox,2025-11-02,2025-11-02,1,1,2.198484326378818,Medium,1,0,0,2025-11
EVT-0023,Kannur,Chickenpox,2025-11-07,2025-11-07,1,1,2.94957624075052,High,0,1,0,2025-11
EVT-0024,Kannur,Chickenpox,2025-11-11,2025-11-11,1,1,2.50665780140276,High,0,1,0,2025-11
EVT-0025,Kannur,Chickenpox,2025-11-16,2025-11-16,1,1,2.198484326378818,Medium,1,0,0,2025-11
EVT-0026,Kannur,Chickenpox,2025-11-20,2025-11-20,1,1,2.198484326378818,Medium,1,0,0,2025-11
EVT-0027,Kannur,Chickenpox,2025-12-11,2025-12-11,1,2,3.3280183615312664,Critical,0,0,1,2025-12
EVT-0028,Kannur,Chikungunya,2025-01-23,2025-01-24,2,1,2.50665780140276,High,1,1,0,2025-01
EVT-0029,Kannur,Chikungunya,2025-02-02,2025-02-02,1,1,2.1984843263788174,Medium,1,0,0,2025-02
EVT-0030,Kannur,Chikungunya,2025-02-09,2025-02-09,1,1,2.1984843263788174,Medium,1,0,0,2025-02
EVT-0031,Kannur,Chikungunya,2025-02-23,2025-02-23,1,1,2.9495762407505213,High,0,1,0,2025-02
EVT-0032,Kannur,Chikungunya,2025-03-10,2025-03-12,3,1,2.9495762407505213,High,0,3,0,2025-03
EVT-0033,Kannur,Chikungunya,2025-03-25,2025-03-25,1,1,2.50665780140276,High,0,1,0,2025-03
EVT-0034,Kannur,Chikungunya,2025-04-11,2025-04-11,1,1,3.678767909685699,Critical,0,0,1,2025-04
EVT-0035,Kannur,Chikungunya,2025-04-23,2025-04-23,1,1,2.9495762407505213,High,0,1,0,2025-04
EVT-0036,Kannur,Chikungunya,2025-05-02,2025-05-02,1,1,2.9495762407505213,High,0,1,0,2025-05
EVT-0037,Kannur,Chikungunya,2025-05-04,2025-05-04,1,1,2.50665780140276,High,0,1,0,2025-05
EVT-0038,Kannur,Chikungunya,2025-05-06,2025-05-06,1,1,2.1984843263788174,Medium,1,0,0,2025-05
EVT-0039,Kannur,Chikungunya,2025-05-23,2025-05-23,1,1,2.50665780140276,High,0,1,0,2025-05
EVT-0040,Kannur,Chikungunya,2025-06-08,2025-06-08,1,1,3.678767909685699,Critical,0,0,1,2025-06
EVT-0041,Kannur,Chikungunya,2025-06-17,2025-06-17,1,1,2.9495762407505213,High,0,1,0,2025-06
EVT-0042,Kannur,Chikungunya,2025-06-19,2025-06-19,1,1,2.50665780140276,High,0,1,0,2025-06
EVT-0043,Kannur,Chikungunya,2025-06-23,2025-06-24,2,1,2.50665780140276,High,1,1,0,2025-06
EVT-0044,Kannur,Chikungunya,2025-07-25,2025-07-25,1,1,2.1984843263788174,Medium,1,0,0,2025-07
EVT-0045,Kannur,Chikungunya,2025-08-05,2025-08-05,1,1,2.1984843263788174,Medium,1,0,0,2025-08
EVT-0046,Kannur,Chikungunya,2025-08-19,2025-08-19,1,1,2.1984843263788174,Medium,1,0,0,2025-08
EVT-0047,Kannur,Chikungunya,2025-08-23,2025-08-23,1,1,2.1984843263788174,Medium,1,0,0,2025-08
EVT-0048,Kannur,Chikungunya,2025-08-25,2025-08-25,1,2,3.717209579620647,Critical,0,0,1,2025-08
EVT-0049,Kannur,Chikungunya,2025-09-24,2025-09-24,1,1,2.50665780140276,High,0,1,0,2025-09
EVT-0050,Kannur,Chikungunya,2025-10-04,2025-10-04,1,1,2.1984843263788174,Medium,1,0,0,2025-10
EVT-0051,Kannur,Chikungunya,2025-10-09,2025-10-09,1,1,2.50665780140276,High,0,1,0,2025-10
EVT-0052,Kannur,Chikungunya,2025-10-18,2025-10-18,1,2,3.975714565497161,Critical,0,0,1,2025-10
EVT-0053,Kannur,Chikungunya,2025-10-22,2025-10-22,1,2,3.108573076472143,Critical,0,0,1,2025-10
EVT-0054,Kannur,Chikungunya,2025-11-16,2025-11-16,1,3,3.60138010355846,Critical,0,0,1,2025-11
EVT-0055,Kannur,Chikungunya,2025-12-28,2025-12-28,1,2,2.9373676774225554,High,0,1,0,2025-12
EVT-0056,Kannur,Common Cold,2025-01-02,2025-01-02,1,1,2.19848432637882,Medium,1,0,0,2025-01
EVT-0057,Kannur,Common Cold,2025-01-17,2025-01-17,1,1,2.19848432637882,Medium,1,0,0,2025-01
EVT-0058,Kannur,Common Cold,2025-02-03,2025-02-03,1,1,2.19848432637882,Medium,1,0,0,2025-02
EVT-0059,Kannur,Common Cold,2025-02-20,2025-02-20,1,2,4.299366563289115,Critical,0,0,1,2025-02
EVT-0060,Kannur,Common Cold,2025-04-06,2025-04-07,2,1,5.294651389216612,Critical,0,0,2,2025-04
EVT-0061,Kannur,Common Cold,2025-04-16,2025-04-16,1,1,2.9495762407505257,High,0,1,0,2025-04
EVT-0062,Kannur,Common Cold,2025-04-20,2025-04-20,1,1,2.506657801402763,High,0,1,0,2025-04
EVT-0063,Kannur,Common Cold,2025-05-01,2025-05-01,1,1,2.19848432637882,Medium,1,0,0,2025-05
EVT-0064,Kannur,Common Cold,2025-05-09,2025-05-09,1,1,2.5066578014027634,High,0,1,0,2025-05
EVT-0065,Kannur,Common Cold,2025-05-24,2025-05-25,2,2,4.299366563289116,Critical,0,0,2,2025-05
EVT-0066,Kannur,Common Cold,2025-06-25,2025-06-25,1,1,3.678767909685707,Critical,0,0,1,2025-06
EVT-0067,Kannur,Common Cold,2025-07-01,2025-07-01,1,1,2.9495762407505257,High,0,1,0,2025-07
EVT-0068,Kannur,Common Cold,2025-07-04,2025-07-04,1,1,2.506657801402763,High,0,1,0,2025-07
EVT-0069,Kannur,Common Cold,2025-07-07,2025-07-07,1,1,2.19848432637882,Medium,1,0,0,2025-07
EVT-0070,Kannur,Common Cold,2025-07-27,2025-07-27,1,2,3.3280183615312677,Critical,0,0,1,2025-07
EVT-0071,Kannur,Common Cold,2025-08-27,2025-08-27,1,1,2.506657801402763,High,0,1,0,2025-08
EVT-0072,Kannur,Common Cold,2025-09-03,2025-09-04,2,1,2.506657801402763,High,1,1,0,2025-09
EVT-0073,Kannur,Common Cold,2025-11-25,2025-11-25,1,1,2.19848432637882,Medium,1,0,0,2025-11
EVT-0074,Kannur,Dengue,2025-01-02,2025-01-02,1,1,2.198484326378823,Medium,1,0,0,2025-01
EVT-0075,Kannur,Dengue,2025-01-07,2025-01-07,1,1,2.198484326378823,Medium,1,0,0,2025-01
EVT-0076,Kannur,Dengue,2025-02-19,2025-02-19,1,1,2.5066578014027674,High,0,1,0,2025-02
EVT-0077,Kannur,Dengue,2025-02-24,2025-02-24,1,1,2.198484326378823,Medium,1,0,0,2025-02
EVT-0078,Kannur,Dengue,2025-03-04,2025-03-05,2,1,2.198484326378823,Medium,2,0,0,2025-03
EVT-0079,Kannur,Dengue,2025-03-21,2025-03-21,1,1,2.198484326378823,Medium,1,0,0,2025-03
EVT-0080,Kannur,Dengue,2025-03-24,2025-03-24,1,2,3.505242787381742,Critical,0,0,1,2025-03
EVT-0081,Kannur,Dengue,2025-04-22,2025-04-22,1,2,3.267609635080779,Critical,0,0,1,2025-04
EVT-0082,Kannur,Dengue,2025-06-15,2025-06-15,1,1,3.6787679096857184,Critical,0,0,1,2025-06
EVT-0083,Kannur,Dengue,2025-06-21,2025-06-21,1,1,3.6787679096857184,Critical,0,0,1,2025-06
EVT-0084,Kannur,Dengue,2025-07-01,2025-07-01,1,1,2.9495762407505324,High,0,1,0,2025-07
EVT-0085,Kannur,Dengue,2025-07-09,2025-07-09,1,1,2.506657801402768,High,0,1,0,2025-07
EVT-0086,Kannur,Dengue,2025-07-18,2025-07-18,1,1,2.506657801402768,High,0,1,0,2025-07
EVT-0087,Kannur,Dengue,2025-07-27,2025-07-27,1,1,2.506657801402768,High,0,1,0,2025-07
EVT-0088,Kannur,Dengue,2025-08-06,2025-08-06,1,1,2.506657801402768,High,0,1,0,2025-08
EVT-0089,Kannur,Dengue,2025-08-08,2025-08-08,1,1,2.506657801402768,High,0,1,0,2025-08
EVT-0090,Kannur,Dengue,2025-08-16,2025-08-16,1,1,2.1984843263788236,Medium,1,0,0,2025-08
EVT-0091,Kannur,Dengue,2025-08-22,2025-08-22,1,1,2.1984843263788236,Medium,1,0,0,2025-08
EVT-0092,Kannur,Dengue,2025-09-28,2025-09-28,1,1,2.506657801402768,High,0,1,0,2025-09
EVT-0093,Kannur,Dengue,2025-10-09,2025-10-09,1,1,2.506657801402768,High,0,1,0,2025-10
EVT-0094,Kannur,Dengue,2025-10-12,2025-10-12,1,1,2.1984843263788236,Medium,1,0,0,2025-10
EVT-0095,Kannur,Dengue,2025-11-18,2025-11-18,1,1,2.9495762407505324,High,0,1,0,2025-11
EVT-0096,Kannur,Dengue,2025-11-27,2025-11-27,1,1,3.6787679096857184,Critical,0,0,1,2025-11
EVT-0097,Kannur,Dengue,2025-12-08,2025-12-08,1,3,4.78528025342562,Critical,0,0,1,2025-12
EVT-0098,Kannur,Flu,2025-01-06,2025-01-06,1,1,2.5066578014027634,High,0,1,0,2025-01
EVT-0099,Kannur,Flu,2025-01-17,2025-01-17,1,1,2.1984843263788205,Medium,1,0,0,2025-01
EVT-0100,Kannur,Flu,2025-01-23,2025-01-23,1,1,2.1984843263788205,Medium,1,0,0,2025-01
EVT-0101,Kannur,Flu,2025-01-25,2025-01-25,1,1,2.1984843263788205,Medium,1,0,0,2025-01
EVT-0102,Kannur,Flu,2025-02-25,2025-02-25,1,1,2.1984843263788205,Medium,1,0,0,2025-02
EVT-0103,Kannur,Flu,2025-03-04,2025-03-04,1,1,2.5066578014027634,High,0,1,0,2025-03
EVT-0104,Kannur,Flu,2025-03-14,2025-03-14,1,1,2.9495762407505257,High,0,1,0,2025-03
EVT-0105,Kannur,Flu,2025-03-22,2025-03-22,1,1,2.5066578014027634,High,0,1,0,2025-03
EVT-0106,Kannur,Flu,2025-03-28,2025-03-28,1,2,3.975714565497165,Critical,0,0,1,2025-03
EVT-0107,Kannur,Flu,2025-04-03,2025-04-03,1,2,3.2676096350807775,Critical,0,0,1,2025-04
EVT-0108,Kannur,Flu,2025-05-14,2025-05-14,1,1,2.506657801402764,High,0,1,0,2025-05
EVT-0109,Kannur,Flu,2025-05-19,2025-05-19,1,1,2.198484326378821,Medium,1,0,0,2025-05
EVT-0110,Kannur,Flu,2025-05-25,2025-05-25,1,1,2.198484326378821,Medium,1,0,0,2025-05
EVT-0111,Kannur,Flu,2025-06-01,2025-06-01,1,1,2.506657801402764,High,0,1,0,2025-06
EVT-0112,Kannur,Flu,2025-06-05,2025-06-05,1,1,2.198484326378821,Medium,1,0,0,2025-06
EVT-0113,Kannur,Flu,2025-06-27,2025-06-27,1,1,2.9495762407505266,High,0,1,0,2025-06
EVT-0114,Kannur,Flu,2025-07-01,2025-07-01,1,1,2.9495762407505266,High,0,1,0,2025-07
EVT-0115,Kannur,Flu,2025-07-14,2025-07-14,1,1,2.9495762407505266,High,0,1,0,2025-07
EVT-0116,Kannur,Flu,2025-07-19,2025-07-19,1,1,2.506657801402764,High,0,1,0,2025-07
EVT-0117,Kannur,Flu,2025-07-24,2025-07-24,1,1,2.198484326378821,Medium,1,0,0,2025-07
EVT-0118,Kannur,Flu,2025-07-28,2025-07-28,1,2,3.717209579620651,Critical,0,0,1,2025-07
EVT-0119,Kannur,Flu,2025-09-05,2025-09-05,1,1,2.9495762407505266,High,0,1,0,2025-09
EVT-0120,Kannur,Flu,2025-09-16,2025-09-16,1,2,4.299366563289116,Critical,0,0,1,2025-09
EVT-0121,Kannur,Flu,2025-11-09,2025-11-09,1,1,2.9495762407505266,High,0,1,0,2025-11
EVT-0122,Kannur,Flu,2025-11-25,2025-11-26,2,1,3.678767909685707,Critical,0,1,1,2025-11
EVT-0123,Kannur,Flu,2025-12-01,2025-12-01,1,1,2.506657801402764,High,0,1,0,2025-12
EVT-0124,Kannur,Flu,2025-12-21,2025-12-21,1,1,2.506657801402764,High,0,1,0,2025-12
EVT-0125,Kannur,Flu,2025-12-27,2025-12-28,2,1,2.9495762407505266,High,0,2,0,2025-12
EVT-0126,Kannur,Malaria,2025-02-06,2025-02-06,1,2,2.9373676774225577,High,0,1,0,2025-02
EVT-0127,Kannur,Malaria,2025-03-13,2025-03-13,1,2,3.9757145654971646,Critical,0,0,1,2025-03
EVT-0128,Kannur,Malaria,2025-04-23,2025-04-23,1,1,2.949576240750525,High,0,1,0,2025-04
EVT-0129,Kannur,Malaria,2025-04-28,2025-04-28,1,1,2.506657801402763,High,0,1,0,2025-04
EVT-0130,Kannur,Malaria,2025-05-07,2025-05-07,1,1,2.506657801402763,High,0,1,0,2025-05
EVT-0131,Kannur,Malaria,2025-05-17,2025-05-17,1,1,2.506657801402763,High,0,1,0,2025-05
EVT-0132,Kannur,Malaria,2025-05-22,2025-05-22,1,1,2.19848432637882,Medium,1,0,0,2025-05
EVT-0133,Kannur,Malaria,2025-06-10,2025-06-12,3,2,3.7172095796206506,Critical,0,2,1,2025-06
EVT-0134,Kannur,Malaria,2025-07-13,2025-07-13,1,1,3.6787679096857047,Critical,0,0,1,2025-07
EVT-0135,Kannur,Malaria,2025-07-17,2025-07-17,1,2,4.299366563289115,Critical,0,0,1,2025-07
EVT-0136,Kannur,Malaria,2025-07-19,2025-07-19,1,2,3.2676096350807775,Critical,0,0,1,2025-07
EVT-0137,Kannur,Malaria,2025-08-01,2025-08-01,1,2,2.6103296991398204,High,0,1,0,2025-08
EVT-0138,Kannur,Malaria,2025-08-27,2025-08-27,1,2,2.9716377017783704,High,0,1,0,2025-08
EVT-0139,Kannur,Malaria,2025-10-03,2025-10-03,1,1,2.5066578014027634,High,0,1,0,2025-10
EVT-0140,Kannur,Malaria,2025-10-09,2025-10-09,1,1,2.1984843263788205,Medium,1,0,0,2025-10
EVT-0141,Kannur,Malaria,2025-10-15,2025-10-15,1,1,2.1984843263788205,Medium,1,0,0,2025-10
EVT-0142,Kannur,Malaria,2025-10-17,2025-10-17,1,2,3.5052427873817398,Critical,0,0,1,2025-10
EVT-0143,Kannur,Malaria,2025-11-14,2025-11-14,1,2,3.1085730764721458,Critical,0,0,1,2025-11
EVT-0144,Kannur,Malaria,2025-11-24,2025-11-24,1,2,2.85252400583825,High,0,1,0,2025-11
EVT-0145,Kannur,Malaria,2025-12-13,2025-12-13,1,2,2.4426410475263944,Medium,1,0,0,2025-12
EVT-0146,Kannur,Malaria,2025-12-17,2025-12-17,1,2,2.4426410475263944,Medium,1,0,0,2025-12
EVT-0147,Kannur,Typhoid,2025-01-16,2025-01-16,1,2,3.9757145654971624,Critical,0,0,1,2025-01
EVT-0148,Kannur,Typhoid,2025-02-27,2025-02-28,2,1,2.9495762407505226,High,0,2,0,2025-02
EVT-0149,Kannur,Typhoid,2025-04-01,2025-04-01,1,1,5.294651389216593,Critical,0,0,1,2025-04
EVT-0150,Kannur,Typhoid,2025-04-04,2025-04-04,1,1,3.6787679096857007,Critical,0,0,1,2025-04
EVT-0151,Kannur,Typhoid,2025-04-06,2025-04-07,2,1,2.9495762407505226,High,0,2,0,2025-04
EVT-0152,Kannur,Typhoid,2025-04-20,2025-04-20,1,1,2.1984843263788187,Medium,1,0,0,2025-04
EVT-0153,Kannur,Typhoid,2025-05-06,2025-05-06,1,1,2.1984843263788187,Medium,1,0,0,2025-05
EVT-0154,Kannur,Typhoid,2025-05-09,2025-05-09,1,1,2.1984843263788187,Medium,1,0,0,2025-05
EVT-0155,Kannur,Typhoid,2025-05-25,2025-05-26,2,2,3.505242787381738,Critical,1,0,1,2025-05
EVT-0156,Kannur,Typhoid,2025-07-13,2025-07-13,1,1,2.1984843263788187,Medium,1,0,0,2025-07
EVT-0157,Kannur,Typhoid,2025-08-07,2025-08-08,2,1,2.9495762407505226,High,0,2,0,2025-08
EVT-0158,Kannur,Typhoid,2025-08-11,2025-08-11,1,1,2.1984843263788187,Medium,1,0,0,2025-08
EVT-0159,Kannur,Typhoid,2025-08-13,2025-08-13,1,1,2.1984843263788187,Medium,1,0,0,2025-08
EVT-0160,Kannur,Typhoid,2025-08-22,2025-08-22,1,3,4.272944234887336,Critical,0,0,1,2025-08
EVT-0161,Kannur,Typhoid,2025-09-14,2025-09-14,1,2,2.506657801402763,High,0,1,0,2025-09
EVT-0162,Kannur,Typhoid,2025-10-20,2025-10-20,1,1,3.678767909685702,Critical,0,0,1,2025-10
EVT-0163,Kannur,Typhoid,2025-11-09,2025-11-09,1,1,3.678767909685702,Critical,0,0,1,2025-11
EVT-0164,Kannur,Typhoid,2025-11-12,2025-11-12,1,1,2.949576240750523,High,0,1,0,2025-11
EVT-0165,Kannur,Typhoid,2025-11-16,2025-11-17,2,1,2.506657801402762,High,1,1,0,2025-11
EVT-0166,Kannur,Typhoid,2025-11-24,2025-11-24,1,1,2.198484326378819,Medium,1,0,0,2025-11
EVT-0167,Kannur,Typhoid,2025-12-26,2025-12-26,1,2,3.177670587308537,Critical,0,0,1,2025-12
EVT-0168,Kannur,Viral Fever,2025-01-01,2025-01-01,1,1,2.1984843263788187,Medium,1,0,0,2025-01
EVT-0169,Kannur,Viral Fever,2025-01-13,2025-01-14,2,2,4.299366563289114,Critical,0,0,2,2025-01
EVT-0170,Kannur,Viral Fever,2025-03-08,2025-03-09,2,1,2.1984843263788187,Medium,2,0,0,2025-03
EVT-0171,Kannur,Viral Fever,2025-04-03,2025-04-03,1,1,2.506657801402761,High,0,1,0,2025-04
EVT-0172,Kannur,Viral Fever,2025-04-05,2025-04-05,1,1,2.1984843263788187,Medium,1,0,0,2025-04
EVT-0173,Kannur,Viral Fever,2025-04-08,2025-04-10,3,2,3.505242787381738,Critical,1,1,1,2025-04
EVT-0174,Kannur,Viral Fever,2025-05-18,2025-05-18,1,1,2.949576240750523,High,0,1,0,2025-05
EVT-0175,Kannur,Viral Fever,2025-05-24,2025-05-24,1,1,2.506657801402762,High,0,1,0,2025-05
EVT-0176,Kannur,Viral Fever,2025-06-02,2025-06-02,1,1,2.506657801402762,High,0,1,0,2025-06
EVT-0177,Kannur,Viral Fever,2025-07-16,2025-07-16,1,1,5.294651389216597,Critical,0,0,1,2025-07
EVT-0178,Kannur,Viral Fever,2025-07-21,2025-07-22,2,1,3.678767909685702,Critical,0,1,1,2025-07
EVT-0179,Kannur,Viral Fever,2025-07-24,2025-07-24,1,1,2.506657801402762,High,0,1,0,2025-07
EVT-0180,Kannur,Viral Fever,2025-07-27,2025-07-27,1,1,2.198484326378819,Medium,1,0,0,2025-07
EVT-0181,Kannur,Viral Fever,2025-09-02,2025-09-02,1,1,2.506657801402762,High,0,1,0,2025-09
EVT-0182,Kannur,Viral Fever,2025-09-06,2025-09-06,1,1,2.506657801402762,High,0,1,0,2025-09
EVT-0183,Kannur,Viral Fever,2025-09-10,2025-09-10,1,3,4.419155406449727,Critical,0,0,1,2025-09
EVT-0184,Kannur,Viral Fever,2025-11-02,2025-11-02,1,1,2.9495762407505226,High,0,1,0,2025-11
EVT-0185,Kannur,Viral Fever,2025-11-04,2025-11-05,2,2,3.9757145654971624,Critical,0,1,1,2025-11
EVT-0186,Kannur,Viral Fever,2025-11-17,2025-11-17,1,3,3.844985836634003,Critical,0,0,1,2025-11
EVT-0187,Kannur,Viral Fever,2025-12-04,2025-12-04,1,2,2.1984843263788196,Medium,1,0,0,2025-12
EVT-0188,Kannur,Viral Fever,2025-12-15,2025-12-15,1,2,2.2675356207590305,Medium,1,0,0,2025-12
EVT-0189,Kasaragod,Chickenpox,2025-01-03,2025-01-03,1,1,3.6787679096857047,Critical,0,0,1,2025-01
EVT-0190,Kasaragod,Chickenpox,2025-01-18,2025-01-18,1,1,2.949576240750525,High,0,1,0,2025-01
EVT-0191,Kasaragod,Chickenpox,2025-01-26,2025-01-26,1,1,2.506657801402763,High,0,1,0,2025-01
EVT-0192,Kasaragod,Chickenpox,2025-02-11,2025-02-11,1,1,2.949576240750525,High,0,1,0,2025-02
EVT-0193,Kasaragod,Chickenpox,2025-02-25,2025-02-25,1,1,3.6787679096857047,Critical,0,0,1,2025-02
EVT-0194,Kasaragod,Chickenpox,2025-03-15,2025-03-16,2,1,3.6787679096857047,Critical,0,1,1,2025-03
EVT-0195,Kasaragod,Chickenpox,2025-03-20,2025-03-20,1,1,2.506657801402763,High,0,1,0,2025-03
EVT-0196,Kasaragod,Chickenpox,2025-04-04,2025-04-04,1,1,2.506657801402763,High,0,1,0,2025-04
EVT-0197,Kasaragod,Chickenpox,2025-05-17,2025-05-17,1,1,5.294651389216603,Critical,0,0,1,2025-05
EVT-0198,Kasaragod,Chickenpox,2025-06-08,2025-06-08,1,1,3.6787679096857047,Critical,0,0,1,2025-06
EVT-0199,Kasaragod,Chickenpox,2025-06-16,2025-06-16,1,1,3.6787679096857047,Critical,0,0,1,2025-06
EVT-0200,Kasaragod,Chickenpox,2025-06-18,2025-06-18,1,1,2.949576240750525,High,0,1,0,2025-06
EVT-0201,Kasaragod,Chickenpox,2025-07-02,2025-07-02,1,1,2.506657801402763,High,0,1,0,2025-07
EVT-0202,Kasaragod,Chickenpox,2025-07-12,2025-07-12,1,1,2.506657801402763,High,0,1,0,2025-07
EVT-0203,Kasaragod,Chickenpox,2025-07-15,2025-07-15,1,1,2.19848432637882,Medium,1,0,0,2025-07
EVT-0204,Kasaragod,Chickenpox,2025-07-26,2025-07-26,1,1,2.506657801402763,High,0,1,0,2025-07
EVT-0205,Kasaragod,Chickenpox,2025-08-09,2025-08-09,1,1,2.506657801402763,High,0,1,0,2025-08
EVT-0206,Kasaragod,Chickenpox,2025-08-13,2025-08-13,1,1,2.506657801402763,High,0,1,0,2025-08
EVT-0207,Kasaragod,Chickenpox,2025-08-16,2025-08-16,1,2,3.975714565497164,Critical,0,0,1,2025-08
EVT-0208,Kasaragod,Chickenpox,2025-09-15,2025-09-15,1,1,2.19848432637882,Medium,1,0,0,2025-09
EVT-0209,Kasaragod,Chickenpox,2025-09-26,2025-09-27,2,1,2.506657801402763,High,1,1,0,2025-09
EVT-0210,Kasaragod,Chickenpox,2025-10-04,2025-10-04,1,2,3.71720957962065,Critical,0,0,1,2025-10
EVT-0211,Kasaragod,Chickenpox,2025-10-12,2025-10-12,1,2,2.8525240058382497,High,0,1,0,2025-10
EVT-0212,Kasaragod,Chickenpox,2025-10-22,2025-10-22,1,2,2.521834475695623,High,0,1,0,2025-10
EVT-0213,Kasaragod,Chickenpox,2025-12-06,2025-12-06,1,1,3.6787679096857038,Critical,0,0,1,2025-12
EVT-0214,Kasaragod,Chickenpox,2025-12-15,2025-12-15,1,1,3.6787679096857038,Critical,0,0,1,2025-12
EVT-0215,Kasaragod,Chickenpox,2025-12-18,2025-12-18,1,1,2.949576240750525,High,0,1,0,2025-12
EVT-0216,Kasaragod,Chickenpox,2025-12-23,2025-12-23,1,1,2.506657801402763,High,0,1,0,2025-12
EVT-0217,Kasaragod,Chickenpox,2025-12-25,2025-12-25,1,1,2.1984843263788196,Medium,1,0,0,2025-12
EVT-0218,Kasaragod,Chikungunya,2025-01-07,2025-01-07,1,1,2.506657801402764,High,0,1,0,2025-01
EVT-0219,Kasaragod,Chikungunya,2025-01-16,2025-01-16,1,1,2.506657801402764,High,0,1,0,2025-01
EVT-0220,Kasaragod,Chikungunya,2025-01-18,2025-01-18,1,1,2.506657801402764,High,0,1,0,2025-01
EVT-0221,Kasaragod,Chikungunya,2025-01-23,2025-01-23,1,1,2.1984843263788205,Medium,1,0,0,2025-01
EVT-0222,Kasaragod,Chikungunya,2025-02-08,2025-02-08,1,1,2.506657801402764,High,0,1,0,2025-02
EVT-0223,Kasaragod,Chikungunya,2025-02-15,2025-02-15,1,1,2.506657801402764,High,0,1,0,2025-02
EVT-0224,Kasaragod,Chikungunya,2025-02-26,2025-02-26,1,1,2.9495762407505257,High,0,1,0,2025-02
EVT-0225,Kasaragod,Chikungunya,2025-03-03,2025-03-03,1,1,2.506657801402764,High,0,1,0,2025-03
EVT-0226,Kasaragod,Chikungunya,2025-03-25,2025-03-25,1,1,2.9495762407505257,High,0,1,0,2025-03
EVT-0227,Kasaragod,Chikungunya,2025-04-10,2025-04-10,1,1,3.6787679096857064,Critical,0,0,1,2025-04
EVT-0228,Kasaragod,Chikungunya,2025-04-25,2025-04-25,1,1,3.6787679096857064,Critical,0,0,1,2025-04
EVT-0229,Kasaragod,Chikungunya,2025-04-27,2025-04-27,1,1,2.9495762407505257,High,0,1,0,2025-04
EVT-0230,Kasaragod,Chikungunya,2025-05-19,2025-05-19,1,1,2.9495762407505257,High,0,1,0,2025-05
EVT-0231,Kasaragod,Chikungunya,2025-05-27,2025-05-27,1,1,3.6787679096857064,Critical,0,0,1,2025-05
EVT-0232,Kasaragod,Chikungunya,2025-06-05,2025-06-05,1,1,2.9495762407505257,High,0,1,0,2025-06
EVT-0233,Kasaragod,Chikungunya,2025-06-10,2025-06-10,1,1,2.506657801402764,High,0,1,0,2025-06
EVT-0234,Kasaragod,Chikungunya,2025-06-14,2025-06-14,1,1,2.1984843263788205,Medium,1,0,0,2025-06
EVT-0235,Kasaragod,Chikungunya,2025-06-21,2025-06-21,1,1,2.1984843263788205,Medium,1,0,0,2025-06
EVT-0236,Kasaragod,Chikungunya,2025-07-05,2025-07-05,1,1,2.506657801402764,High,0,1,0,2025-07
EVT-0237,Kasaragod,Chikungunya,2025-07-13,2025-07-13,1,1,2.506657801402764,High,0,1,0,2025-07
EVT-0238,Kasaragod,Chikungunya,2025-07-21,2025-07-21,1,1,2.9495762407505257,High,0,1,0,2025-07
EVT-0239,Kasaragod,Chikungunya,2025-07-27,2025-07-27,1,1,2.506657801402764,High,0,1,0,2025-07
EVT-0240,Kasaragod,Chikungunya,2025-08-11,2025-08-11,1,1,2.506657801402764,High,0,1,0,2025-08
EVT-0241,Kasaragod,Chikungunya,2025-08-17,2025-08-17,1,1,2.506657801402764,High,0,1,0,2025-08
EVT-0242,Kasaragod,Chikungunya,2025-08-22,2025-08-22,1,1,2.506657801402764,High,0,1,0,2025-08
EVT-0243,Kasaragod,Chikungunya,2025-08-25,2025-08-25,1,1,2.1984843263788205,Medium,1,0,0,2025-08
EVT-0244,Kasaragod,Chikungunya,2025-09-15,2025-09-15,1,1,2.506657801402764,High,0,1,0,2025-09
EVT-0245,Kasaragod,Chikungunya,2025-09-18,2025-09-18,1,1,2.506657801402764,High,0,1,0,2025-09
EVT-0246,Kasaragod,Chikungunya,2025-09-21,2025-09-21,1,1,2.506657801402764,High,0,1,0,2025-09
EVT-0247,Kasaragod,Chikungunya,2025-09-26,2025-09-26,1,1,2.506657801402764,High,0,1,0,2025-09
EVT-0248,Kasaragod,Chikungunya,2025-10-13,2025-10-13,1,1,2.1984843263788205,Medium,1,0,0,2025-10
EVT-0249,Kasaragod,Chikungunya,2025-11-10,2025-11-10,1,1,3.6787679096857064,Critical,0,0,1,2025-11
EVT-0250,Kasaragod,Chikungunya,2025-11-21,2025-11-21,1,1,3.6787679096857064,Critical,0,0,1,2025-11
EVT-0251,Kasaragod,Chikungunya,2025-12-07,2025-12-07,1,1,2.9495762407505257,High,0,1,0,2025-12
EVT-0252,Kasaragod,Chikungunya,2025-12-21,2025-12-21,1,1,3.6787679096857064,Critical,0,0,1,2025-12
EVT-0253,Kasaragod,Common Cold,2025-01-01,2025-01-01,1,1,2.198484326378819,Medium,1,0,0,2025-01
EVT-0254,Kasaragod,Common Cold,2025-01-26,2025-01-26,1,1,2.198484326378819,Medium,1,0,0,2025-01
EVT-0255,Kasaragod,Common Cold,2025-02-01,2025-02-01,1,1,2.5066578014027625,High,0,1,0,2025-02
EVT-0256,Kasaragod,Common Cold,2025-02-15,2025-02-15,1,1,2.949576240750524,High,0,1,0,2025-02
EVT-0257,Kasaragod,Common Cold,2025-02-24,2025-02-24,1,1,2.5066578014027625,High,0,1,0,2025-02
EVT-0258,Kasaragod,Common Cold,2025-03-09,2025-03-09,1,1,2.949576240750524,High,0,1,0,2025-03
EVT-0259,Kasaragod,Common Cold,2025-03-20,2025-03-20,1,1,2.949576240750524,High,0,1,0,2025-03
EVT-0260,Kasaragod,Common Cold,2025-04-01,2025-04-01,1,1,2.949576240750524,High,0,1,0,2025-04
EVT-0261,Kasaragod,Common Cold,2025-04-18,2025-04-18,1,2,4.299366563289114,Critical,0,0,1,2025-04
EVT-0262,Kasaragod,Common Cold,2025-05-02,2025-05-02,1,1,2.235592167732194,Medium,1,0,0,2025-05
EVT-0263,Kasaragod,Common Cold,2025-06-03,2025-06-03,1,1,3.678767909685703,Critical,0,0,1,2025-06
EVT-0264,Kasaragod,Common Cold,2025-06-10,2025-06-10,1,1,2.9495762407505244,High,0,1,0,2025-06
EVT-0265,Kasaragod,Common Cold,2025-06-15,2025-06-15,1,1,2.9495762407505244,High,0,1,0,2025-06
EVT-0266,Kasaragod,Common Cold,2025-06-21,2025-06-21,1,1,2.5066578014027625,High,0,1,0,2025-06
EVT-0267,Kasaragod,Common Cold,2025-07-03,2025-07-03,1,1,2.5066578014027625,High,0,1,0,2025-07
EVT-0268,Kasaragod,Common Cold,2025-07-12,2025-07-12,1,1,2.5066578014027625,High,0,1,0,2025-07
EVT-0269,Kasaragod,Common Cold,2025-07-20,2025-07-20,1,1,2.5066578014027625,High,0,1,0,2025-07
EVT-0270,Kasaragod,Common Cold,2025-07-27,2025-07-27,1,2,3.9757145654971637,Critical,0,0,1,2025-07
EVT-0271,Kasaragod,Common Cold,2025-08-03,2025-08-03,1,2,3.267609635080776,Critical,0,0,1,2025-08
EVT-0272,Kasaragod,Common Cold,2025-09-06,2025-09-06,1,1,2.1984843263788196,Medium,1,0,0,2025-09
EVT-0273,Kasaragod,Common Cold,2025-09-14,2025-09-14,1,1,2.1984843263788196,Medium,1,0,0,2025-09
EVT-0274,Kasaragod,Common Cold,2025-09-17,2025-09-17,1,1,2.1984843263788196,Medium,1,0,0,2025-09
EVT-0275,Kasaragod,Common Cold,2025-09-22,2025-09-22,1,2,3.71720957962065,Critical,0,0,1,2025-09
EVT-0276,Kasaragod,Common Cold,2025-10-24,2025-10-25,2,1,3.678767909685703,Critical,0,1,1,2025-10
EVT-0277,Kasaragod,Common Cold,2025-11-01,2025-11-01,1,1,2.5066578014027625,High,0,1,0,2025-11
EVT-0278,Kasaragod,Common Cold,2025-11-03,2025-11-03,1,2,3.9757145654971637,Critical,0,0,1,2025-11
EVT-0279,Kasaragod,Common Cold,2025-12-11,2025-12-11,1,1,2.19848432637882,Medium,1,0,0,2025-12
EVT-0280,Kasaragod,Common Cold,2025-12-21,2025-12-21,1,1,2.506657801402763,High,0,1,0,2025-12
EVT-0281,Kasaragod,Dengue,2025-01-03,2025-01-03,1,1,2.949576240750528,High,0,1,0,2025-01
EVT-0282,Kasaragod,Dengue,2025-01-08,2025-01-08,1,1,2.949576240750528,High,0,1,0,2025-01
EVT-0283,Kasaragod,Dengue,2025-01-11,2025-01-11,1,1,2.506657801402765,High,0,1,0,2025-01
EVT-0284,Kasaragod,Dengue,2025-02-20,2025-02-20,1,1,5.294651389216621,Critical,0,0,1,2025-02
EVT-0285,Kasaragod,Dengue,2025-02-24,2025-02-24,1,1,3.678767909685711,Critical,0,0,1,2025-02
EVT-0286,Kasaragod,Dengue,2025-03-03,2025-03-03,1,1,2.949576240750528,High,0,1,0,2025-03
EVT-0287,Kasaragod,Dengue,2025-03-19,2025-03-19,1,1,2.506657801402765,High,0,1,0,2025-03
EVT-0288,Kasaragod,Dengue,2025-04-06,2025-04-06,1,1,3.678767909685711,Critical,0,0,1,2025-04
EVT-0289,Kasaragod,Dengue,2025-04-13,2025-04-14,2,1,2.949576240750528,High,0,2,0,2025-04
EVT-0290,Kasaragod,Dengue,2025-05-05,2025-05-05,1,1,2.506657801402765,High,0,1,0,2025-05
EVT-0291,Kasaragod,Dengue,2025-05-13,2025-05-13,1,1,2.949576240750528,High,0,1,0,2025-05
EVT-0292,Kasaragod,Dengue,2025-06-04,2025-06-04,1,2,4.719583465212413,Critical,0,0,1,2025-06
EVT-0293,Kasaragod,Dengue,2025-06-22,2025-06-22,1,1,2.2355921677321957,Medium,1,0,0,2025-06
EVT-0294,Kasaragod,Dengue,2025-07-04,2025-07-04,1,1,2.949576240750528,High,0,1,0,2025-07
EVT-0295,Kasaragod,Dengue,2025-07-07,2025-07-08,2,1,2.5066578014027647,High,1,1,0,2025-07
EVT-0296,Kasaragod,Dengue,2025-08-07,2025-08-07,1,2,3.9757145654971655,Critical,0,0,1,2025-08
EVT-0297,Kasaragod,Dengue,2025-09-13,2025-09-14,2,1,2.198484326378821,Medium,2,0,0,2025-09
EVT-0298,Kasaragod,Dengue,2025-09-27,2025-09-27,1,1,2.949576240750528,High,0,1,0,2025-09
EVT-0299,Kasaragod,Dengue,2025-10-08,2025-10-08,1,2,3.975714565497166,Critical,0,0,1,2025-10
EVT-0300,Kasaragod,Dengue,2025-10-26,2025-10-26,1,2,3.4547610843095753,Critical,0,0,1,2025-10
EVT-0301,Kasaragod,Dengue,2025-11-17,2025-11-17,1,1,2.2355921677321957,Medium,1,0,0,2025-11
EVT-0302,Kasaragod,Dengue,2025-12-02,2025-12-02,1,1,3.6787679096857104,Critical,0,0,1,2025-12
EVT-0303,Kasaragod,Dengue,2025-12-08,2025-12-08,1,1,2.949576240750528,High,0,1,0,2025-12
EVT-0304,Kasaragod,Dengue,2025-12-14,2025-12-15,2,1,2.5066578014027647,High,1,1,0,2025-12
EVT-0305,Kasaragod,Dengue,2025-12-27,2025-12-27,1,1,2.198484326378821,Medium,1,0,0,2025-12
EVT-0306,Kasaragod,Flu,2025-01-05,2025-01-05,1,1,2.5066578014027634,High,0,1,0,2025-01
EVT-0307,Kasaragod,Flu,2025-01-12,2025-01-12,1,2,3.7172095796206506,Critical,0,0,1,2025-01
EVT-0308,Kasaragod,Flu,2025-01-25,2025-01-25,1,2,3.1085730764721453,Critical,0,0,1,2025-01
EVT-0309,Kasaragod,Flu,2025-02-12,2025-02-12,1,2,2.8525240058382497,High,0,1,0,2025-02
EVT-0310,Kasaragod,Flu,2025-03-21,2025-03-21,1,1,2.198484326378819,Medium,1,0,0,2025-03
EVT-0311,Kasaragod,Flu,2025-04-08,2025-04-08,1,1,2.198484326378819,Medium,1,0,0,2025-04
EVT-0312,Kasaragod,Flu,2025-04-13,2025-04-13,1,1,2.198484326378819,Medium,1,0,0,2025-04
EVT-0313,Kasaragod,Flu,2025-04-26,2025-04-26,1,1,2.5066578014027625,High,0,1,0,2025-04
EVT-0314,Kasaragod,Flu,2025-05-01,2025-05-01,1,1,2.198484326378819,Medium,1,0,0,2025-05
EVT-0315,Kasaragod,Flu,2025-06-14,2025-06-14,1,1,5.2946513892165985,Critical,0,0,1,2025-06
EVT-0316,Kasaragod,Flu,2025-06-16,2025-06-16,1,1,3.678767909685702,Critical,0,0,1,2025-06
EVT-0317,Kasaragod,Flu,2025-06-22,2025-06-22,1,1,2.949576240750524,High,0,1,0,2025-06
EVT-0318,Kasaragod,Flu,2025-06-24,2025-06-24,1,1,2.5066578014027625,High,0,1,0,2025-06
EVT-0319,Kasaragod,Flu,2025-07-01,2025-07-01,1,1,2.198484326378819,Medium,1,0,0,2025-07
EVT-0320,Kasaragod,Flu,2025-08-03,2025-08-05,3,1,3.678767909685702,Critical,0,2,1,2025-08
EVT-0321,Kasaragod,Flu,2025-08-19,2025-08-19,1,3,4.58822970783415,Critical,0,0,1,2025-08
EVT-0322,Kasaragod,Flu,2025-09-27,2025-09-27,1,1,2.949576240750523,High,0,1,0,2025-09
EVT-0323,Kasaragod,Flu,2025-10-01,2025-10-01,1,2,3.975714565497163,Critical,0,0,1,2025-10
EVT-0324,Kasaragod,Flu,2025-11-12,2025-11-12,1,1,2.198484326378819,Medium,1,0,0,2025-11
EVT-0325,Kasaragod,Flu,2025-11-24,2025-11-25,2,2,3.7172095796206497,Critical,0,1,1,2025-11
EVT-0326,Kasaragod,Malaria,2025-01-02,2025-01-02,1,1,2.506657801402764,High,0,1,0,2025-01
EVT-0327,Kasaragod,Malaria,2025-01-10,2025-01-10,1,1,2.1984843263788205,Medium,1,0,0,2025-01
EVT-0328,Kasaragod,Malaria,2025-01-24,2025-01-24,1,1,2.1984843263788205,Medium,1,0,0,2025-01
EVT-0329,Kasaragod,Malaria,2025-02-09,2025-02-09,1,1,2.1984843263788205,Medium,1,0,0,2025-02
EVT-0330,Kasaragod,Malaria,2025-03-24,2025-03-24,1,1,2.5066578014027643,High,0,1,0,2025-03
EVT-0331,Kasaragod,Malaria,2025-04-04,2025-04-05,2,2,3.7172095796206515,Critical,0,1,1,2025-04
EVT-0332,Kasaragod,Malaria,2025-05-20,2025-05-20,1,1,2.198484326378821,Medium,1,0,0,2025-05
EVT-0333,Kasaragod,Malaria,2025-06-12,2025-06-12,1,1,2.949576240750527,High,0,1,0,2025-06
EVT-0334,Kasaragod,Malaria,2025-06-15,2025-06-15,1,1,2.5066578014027643,High,0,1,0,2025-06
EVT-0335,Kasaragod,Malaria,2025-07-05,2025-07-05,1,1,2.949576240750527,High,0,1,0,2025-07
EVT-0336,Kasaragod,Malaria,2025-07-10,2025-07-10,1,2,3.9757145654971655,Critical,0,0,1,2025-07
EVT-0337,Kasaragod,Malaria,2025-08-26,2025-08-26,1,1,2.949576240750527,High,0,1,0,2025-08
EVT-0338,Kasaragod,Malaria,2025-09-04,2025-09-04,1,1,2.949576240750527,High,0,1,0,2025-09
EVT-0339,Kasaragod,Malaria,2025-10-07,2025-10-08,2,1,5.294651389216614,Critical,0,0,2,2025-10
EVT-0340,Kasaragod,Malaria,2025-10-16,2025-10-16,1,1,2.949576240750527,High,0,1,0,2025-10
EVT-0341,Kasaragod,Malaria,2025-11-07,2025-11-07,1,1,3.6787679096857087,Critical,0,0,1,2025-11
EVT-0342,Kasaragod,Malaria,2025-11-25,2025-11-25,1,2,4.719583465212412,Critical,0,0,1,2025-11
EVT-0343,Kasaragod,Typhoid,2025-01-08,2025-01-08,1,1,3.678767909685703,Critical,0,0,1,2025-01
EVT-0344,Kasaragod,Typhoid,2025-01-11,2025-01-11,1,1,3.678767909685703,Critical,0,0,1,2025-01
EVT-0345,Kasaragod,Typhoid,2025-01-15,2025-01-15,1,2,4.299366563289115,Critical,0,0,1,2025-01
EVT-0346,Kasaragod,Typhoid,2025-01-25,2025-01-25,1,2,2.9716377017783704,High,0,1,0,2025-01
EVT-0347,Kasaragod,Typhoid,2025-03-08,2025-03-08,1,1,2.5066578014027616,High,0,1,0,2025-03
EVT-0348,Kasaragod,Typhoid,2025-03-12,2025-03-12,1,1,2.5066578014027616,High,0,1,0,2025-03
EVT-0349,Kasaragod,Typhoid,2025-03-20,2025-03-20,1,1,2.5066578014027616,High,0,1,0,2025-03
EVT-0350,Kasaragod,Typhoid,2025-04-01,2025-04-01,1,2,3.975714565497163,Critical,0,0,1,2025-04
EVT-0351,Kasaragod,Typhoid,2025-05-02,2025-05-02,1,1,2.1984843263788187,Medium,1,0,0,2025-05
EVT-0352,Kasaragod,Typhoid,2025-05-06,2025-05-06,1,1,2.1984843263788187,Medium,1,0,0,2025-05
EVT-0353,Kasaragod,Typhoid,2025-05-15,2025-05-15,1,1,2.1984843263788187,Medium,1,0,0,2025-05
EVT-0354,Kasaragod,Typhoid,2025-06-03,2025-06-03,1,1,2.506657801402761,High,0,1,0,2025-06
EVT-0355,Kasaragod,Typhoid,2025-06-08,2025-06-08,1,1,2.506657801402761,High,0,1,0,2025-06
EVT-0356,Kasaragod,Typhoid,2025-06-12,2025-06-12,1,1,2.1984843263788187,Medium,1,0,0,2025-06
EVT-0357,Kasaragod,Typhoid,2025-07-05,2025-07-05,1,1,2.506657801402761,High,0,1,0,2025-07
EVT-0358,Kasaragod,Typhoid,2025-07-20,2025-07-20,1,1,3.678767909685699,Critical,0,0,1,2025-07
EVT-0359,Kasaragod,Typhoid,2025-08-20,2025-08-20,1,1,5.294651389216584,Critical,0,0,1,2025-08
EVT-0360,Kasaragod,Typhoid,2025-09-02,2025-09-02,1,1,3.678767909685699,Critical,0,0,1,2025-09
EVT-0361,Kasaragod,Typhoid,2025-09-06,2025-09-06,1,1,2.949576240750522,High,0,1,0,2025-09
EVT-0362,Kasaragod,Typhoid,2025-09-08,2025-09-08,1,1,2.506657801402761,High,0,1,0,2025-09
EVT-0363,Kasaragod,Typhoid,2025-09-11,2025-09-11,1,1,2.1984843263788187,Medium,1,0,0,2025-09
EVT-0364,Kasaragod,Typhoid,2025-09-21,2025-09-21,1,1,2.1984843263788187,Medium,1,0,0,2025-09
EVT-0365,Kasaragod,Typhoid,2025-10-08,2025-10-08,1,1,2.949576240750522,High,0,1,0,2025-10
EVT-0366,Kasaragod,Typhoid,2025-10-21,2025-10-21,1,2,4.719583465212407,Critical,0,0,1,2025-10
EVT-0367,Kasaragod,Typhoid,2025-12-11,2025-12-11,1,1,2.1984843263788183,Medium,1,0,0,2025-12
EVT-0368,Kasaragod,Typhoid,2025-12-25,2025-12-25,1,1,2.9495762407505204,High,0,1,0,2025-12
EVT-0369,Kasaragod,Typhoid,2025-12-27,2025-12-27,1,1,2.5066578014027603,High,0,1,0,2025-12
EVT-0370,Kasaragod,Viral Fever,2025-01-10,2025-01-10,1,1,2.9495762407505275,High,0,1,0,2025-01
EVT-0371,Kasaragod,Viral Fever,2025-01-18,2025-01-18,1,1,2.5066578014027647,High,0,1,0,2025-01
EVT-0372,Kasaragod,Viral Fever,2025-02-01,2025-02-01,1,1,2.9495762407505275,High,0,1,0,2025-02
EVT-0373,Kasaragod,Viral Fever,2025-02-20,2025-02-20,1,1,3.6787679096857087,Critical,0,0,1,2025-02
EVT-0374,Kasaragod,Viral Fever,2025-02-28,2025-02-28,1,1,2.9495762407505275,High,0,1,0,2025-02
EVT-0375,Kasaragod,Viral Fever,2025-03-08,2025-03-08,1,1,2.9495762407505275,High,0,1,0,2025-03
EVT-0376,Kasaragod,Viral Fever,2025-03-10,2025-03-10,1,1,2.5066578014027647,High,0,1,0,2025-03
EVT-0377,Kasaragod,Viral Fever,2025-03-20,2025-03-20,1,1,2.198484326378821,Medium,1,0,0,2025-03
EVT-0378,Kasaragod,Viral Fever,2025-03-26,2025-03-26,1,1,2.198484326378821,Medium,1,0,0,2025-03
EVT-0379,Kasaragod,Viral Fever,2025-05-09,2025-05-09,1,1,5.294651389216615,Critical,0,0,1,2025-05
EVT-0380,Kasaragod,Viral Fever,2025-05-19,2025-05-19,1,1,3.6787679096857087,Critical,0,0,1,2025-05
EVT-0381,Kasaragod,Viral Fever,2025-06-06,2025-06-06,1,1,2.9495762407505275,High,0,1,0,2025-06
EVT-0382,Kasaragod,Viral Fever,2025-06-16,2025-06-16,1,1,2.9495762407505275,High,0,1,0,2025-06
EVT-0383,Kasaragod,Viral Fever,2025-06-27,2025-06-27,1,1,2.9495762407505275,High,0,1,0,2025-06
EVT-0384,Kasaragod,Viral Fever,2025-07-10,2025-07-10,1,1,2.9495762407505275,High,0,1,0,2025-07
EVT-0385,Kasaragod,Viral Fever,2025-07-16,2025-07-16,1,1,2.9495762407505275,High,0,1,0,2025-07
EVT-0386,Kasaragod,Viral Fever,2025-07-18,2025-07-18,1,1,2.5066578014027647,High,0,1,0,2025-07
EVT-0387,Kasaragod,Viral Fever,2025-07-20,2025-07-20,1,1,2.198484326378821,Medium,1,0,0,2025-07
EVT-0388,Kasaragod,Viral Fever,2025-08-04,2025-08-04,1,1,2.198484326378821,Medium,1,0,0,2025-08
EVT-0389,Kasaragod,Viral Fever,2025-08-12,2025-08-12,1,2,3.7172095796206515,Critical,0,0,1,2025-08
EVT-0390,Kasaragod,Viral Fever,2025-09-14,2025-09-14,1,1,2.1984843263788214,Medium,1,0,0,2025-09
EVT-0391,Kasaragod,Viral Fever,2025-09-19,2025-09-19,1,2,4.299366563289117,Critical,0,0,1,2025-09
EVT-0392,Kasaragod,Viral Fever,2025-11-04,2025-11-04,1,1,2.9495762407505275,High,0,1,0,2025-11
EVT-0393,Kasaragod,Viral Fever,2025-11-07,2025-11-07,1,1,2.5066578014027647,High,0,1,0,2025-11
EVT-0394,Kasaragod,Viral Fever,2025-11-22,2025-11-22,1,1,2.9495762407505275,High,0,1,0,2025-11
EVT-0395,Kasaragod,Viral Fever,2025-12-04,2025-12-04,1,1,2.9495762407505275,High,0,1,0,2025-12
EVT-0396,Kasaragod,Viral Fever,2025-12-14,2025-12-14,1,1,2.9495762407505275,High,0,1,0,2025-12
EVT-0397,Kasaragod,Viral Fever,2025-12-17,2025-12-17,1,1,2.5066578014027647,High,0,1,0,2025-12
EVT-0398,Kozhikode,Chickenpox,2025-02-01,2025-02-01,1,1,2.9495762407505177,High,0,1,0,2025-02
EVT-0399,Kozhikode,Chickenpox,2025-02-04,2025-02-04,1,1,2.9495762407505177,High,0,1,0,2025-02
EVT-0400,Kozhikode,Chickenpox,2025-02-09,2025-02-09,1,1,2.5066578014027585,High,0,1,0,2025-02
EVT-0401,Kozhikode,Chickenpox,2025-02-14,2025-02-14,1,1,2.5066578014027585,High,0,1,0,2025-02
EVT-0402,Kozhikode,Chickenpox,2025-02-16,2025-02-16,1,1,2.198484326378817,Medium,1,0,0,2025-02
EVT-0403,Kozhikode,Chickenpox,2025-02-20,2025-02-20,1,2,3.5052427873817367,Critical,0,0,1,2025-02
EVT-0404,Kozhikode,Chickenpox,2025-03-23,2025-03-23,1,1,2.5066578014027585,High,0,1,0,2025-03
EVT-0405,Kozhikode,Chickenpox,2025-04-07,2025-04-07,1,1,2.5066578014027585,High,0,1,0,2025-04
EVT-0406,Kozhikode,Chickenpox,2025-04-09,2025-04-09,1,1,2.198484326378817,Medium,1,0,0,2025-04
EVT-0407,Kozhikode,Chickenpox,2025-04-12,2025-04-12,1,1,2.198484326378817,Medium,1,0,0,2025-04
EVT-0408,Kozhikode,Chickenpox,2025-05-18,2025-05-18,1,2,5.294651389216597,Critical,0,0,1,2025-05
EVT-0409,Kozhikode,Chickenpox,2025-05-20,2025-05-20,1,1,2.2355921677321913,Medium,1,0,0,2025-05
EVT-0410,Kozhikode,Chickenpox,2025-06-20,2025-06-20,1,1,2.9495762407505173,High,0,1,0,2025-06
EVT-0411,Kozhikode,Chickenpox,2025-06-26,2025-06-26,1,1,2.9495762407505173,High,0,1,0,2025-06
EVT-0412,Kozhikode,Chickenpox,2025-07-03,2025-07-03,1,1,2.506657801402758,High,0,1,0,2025-07
EVT-0413,Kozhikode,Chickenpox,2025-07-05,2025-07-05,1,2,3.717209579620647,Critical,0,0,1,2025-07
EVT-0414,Kozhikode,Chickenpox,2025-08-07,2025-08-07,1,1,2.198484326378817,Medium,1,0,0,2025-08
EVT-0415,Kozhikode,Chickenpox,2025-08-09,2025-08-09,1,1,2.198484326378817,Medium,1,0,0,2025-08
EVT-0416,Kozhikode,Chickenpox,2025-08-15,2025-08-15,1,1,2.198484326378817,Medium,1,0,0,2025-08
EVT-0417,Kozhikode,Chickenpox,2025-08-19,2025-08-19,1,1,2.198484326378817,Medium,1,0,0,2025-08
EVT-0418,Kozhikode,Chickenpox,2025-09-17,2025-09-17,1,2,3.3280183615312664,Critical,0,0,1,2025-09
EVT-0419,Kozhikode,Chickenpox,2025-10-21,2025-10-21,1,1,5.29465138921657,Critical,0,0,1,2025-10
EVT-0420,Kozhikode,Chickenpox,2025-10-23,2025-10-23,1,1,3.6787679096856936,Critical,0,0,1,2025-10
EVT-0421,Kozhikode,Chickenpox,2025-10-25,2025-10-25,1,1,2.949576240750519,High,0,1,0,2025-10
EVT-0422,Kozhikode,Chickenpox,2025-10-27,2025-10-27,1,1,2.506657801402759,High,0,1,0,2025-10
EVT-0423,Kozhikode,Chickenpox,2025-11-04,2025-11-04,1,1,2.1984843263788174,Medium,1,0,0,2025-11
EVT-0424,Kozhikode,Chickenpox,2025-12-08,2025-12-08,1,2,3.3280183615312664,Critical,0,0,1,2025-12
EVT-0425,Kozhikode,Chickenpox,2025-12-24,2025-12-24,1,2,2.5746012173871557,High,0,1,0,2025-12
EVT-0426,Kozhikode,Chikungunya,2025-01-07,2025-01-07,1,1,2.1984843263788187,Medium,1,0,0,2025-01
EVT-0427,Kozhikode,Chikungunya,2025-03-27,2025-03-27,1,1,2.506657801402761,High,0,1,0,2025-03
EVT-0428,Kozhikode,Chikungunya,2025-04-11,2025-04-11,1,1,2.506657801402761,High,0,1,0,2025-04
EVT-0429,Kozhikode,Chikungunya,2025-04-14,2025-04-14,1,1,2.1984843263788187,Medium,1,0,0,2025-04
EVT-0430,Kozhikode,Chikungunya,2025-05-08,2025-05-08,1,1,2.949576240750522,High,0,1,0,2025-05
EVT-0431,Kozhikode,Chikungunya,2025-05-12,2025-05-13,2,1,2.949576240750522,High,0,2,0,2025-05
EVT-0432,Kozhikode,Chikungunya,2025-05-19,2025-05-19,1,1,2.506657801402761,High,0,1,0,2025-05
EVT-0433,Kozhikode,Chikungunya,2025-05-21,2025-05-21,1,1,2.1984843263788187,Medium,1,0,0,2025-05
EVT-0434,Kozhikode,Chikungunya,2025-06-10,2025-06-10,1,1,2.1984843263788187,Medium,1,0,0,2025-06
EVT-0435,Kozhikode,Chikungunya,2025-06-22,2025-06-22,1,1,3.678767909685699,Critical,0,0,1,2025-06
EVT-0436,Kozhikode,Chikungunya,2025-07-03,2025-07-05,3,1,2.949576240750522,High,1,2,0,2025-07
EVT-0437,Kozhikode,Chikungunya,2025-08-04,2025-08-04,1,1,2.506657801402761,High,0,1,0,2025-08
EVT-0438,Kozhikode,Chikungunya,2025-08-09,2025-08-09,1,1,2.949576240750522,High,0,1,0,2025-08
EVT-0439,Kozhikode,Chikungunya,2025-08-14,2025-08-14,1,1,2.506657801402761,High,0,1,0,2025-08
EVT-0440,Kozhikode,Chikungunya,2025-08-19,2025-08-19,1,1,2.1984843263788187,Medium,1,0,0,2025-08
EVT-0441,Kozhikode,Chikungunya,2025-08-27,2025-08-28,2,2,3.5052427873817376,Critical,1,0,1,2025-08
EVT-0442,Kozhikode,Chikungunya,2025-09-27,2025-09-27,1,1,2.506657801402761,High,0,1,0,2025-09
EVT-0443,Kozhikode,Chikungunya,2025-10-02,2025-10-02,1,1,2.1984843263788187,Medium,1,0,0,2025-10
EVT-0444,Kozhikode,Chikungunya,2025-10-11,2025-10-11,1,1,2.1984843263788187,Medium,1,0,0,2025-10
EVT-0445,Kozhikode,Chikungunya,2025-11-01,2025-11-01,1,1,2.506657801402761,High,0,1,0,2025-11
EVT-0446,Kozhikode,Chikungunya,2025-11-03,2025-11-03,1,1,2.1984843263788187,Medium,1,0,0,2025-11
EVT-0447,Kozhikode,Chikungunya,2025-11-08,2025-11-08,1,2,3.177670587308536,Critical,0,0,1,2025-11
EVT-0448,Kozhikode,Chikungunya,2025-11-12,2025-11-12,1,2,2.65605156747342,High,0,1,0,2025-11
EVT-0449,Kozhikode,Chikungunya,2025-11-14,2025-11-14,1,2,2.3715485287555094,Medium,1,0,0,2025-11
EVT-0450,Kozhikode,Chikungunya,2025-12-14,2025-12-15,2,1,2.9495762407505204,High,0,2,0,2025-12
EVT-0451,Kozhikode,Chikungunya,2025-12-17,2025-12-17,1,1,2.5066578014027603,High,0,1,0,2025-12
EVT-0452,Kozhikode,Chikungunya,2025-12-23,2025-12-23,1,1,2.198484326378818,Medium,1,0,0,2025-12
EVT-0453,Kozhikode,Common Cold,2025-01-01,2025-01-01,1,1,2.1984843263788236,Medium,1,0,0,2025-01
EVT-0454,Kozhikode,Common Cold,2025-01-11,2025-01-11,1,1,2.1984843263788236,Medium,1,0,0,2025-01
EVT-0455,Kozhikode,Common Cold,2025-01-20,2025-01-21,2,1,2.506657801402768,High,1,1,0,2025-01
EVT-0456,Kozhikode,Common Cold,2025-01-25,2025-01-25,1,1,2.1984843263788236,Medium,1,0,0,2025-01
EVT-0457,Kozhikode,Common Cold,2025-02-21,2025-02-21,1,1,2.1984843263788236,Medium,1,0,0,2025-02
EVT-0458,Kozhikode,Common Cold,2025-02-24,2025-02-24,1,1,2.1984843263788236,Medium,1,0,0,2025-02
EVT-0459,Kozhikode,Common Cold,2025-02-27,2025-02-27,1,1,2.1984843263788236,Medium,1,0,0,2025-02
EVT-0460,Kozhikode,Common Cold,2025-04-04,2025-04-04,1,1,5.294651389216635,Critical,0,0,1,2025-04
EVT-0461,Kozhikode,Common Cold,2025-04-14,2025-04-15,2,1,3.6787679096857167,Critical,0,1,1,2025-04
EVT-0462,Kozhikode,Common Cold,2025-04-17,2025-04-17,1,1,2.506657801402768,High,0,1,0,2025-04
EVT-0463,Kozhikode,Common Cold,2025-05-01,2025-05-01,1,1,2.1984843263788236,Medium,1,0,0,2025-05
EVT-0464,Kozhikode,Common Cold,2025-05-08,2025-05-08,1,1,2.1984843263788236,Medium,1,0,0,2025-05
EVT-0465,Kozhikode,Common Cold,2025-05-21,2025-05-21,1,1,2.9495762407505324,High,0,1,0,2025-05
EVT-0466,Kozhikode,Common Cold,2025-06-03,2025-06-05,3,1,2.9495762407505324,High,1,2,0,2025-06
EVT-0467,Kozhikode,Common Cold,2025-06-07,2025-06-07,1,1,2.1984843263788236,Medium,1,0,0,2025-06
EVT-0468,Kozhikode,Common Cold,2025-07-05,2025-07-06,2,1,2.506657801402768,High,1,1,0,2025-07
EVT-0469,Kozhikode,Common Cold,2025-07-10,2025-07-10,1,1,2.1984843263788236,Medium,1,0,0,2025-07
EVT-0470,Kozhikode,Common Cold,2025-07-12,2025-07-12,1,1,2.1984843263788236,Medium,1,0,0,2025-07
EVT-0471,Kozhikode,Common Cold,2025-08-10,2025-08-10,1,1,2.506657801402768,High,0,1,0,2025-08
EVT-0472,Kozhikode,Common Cold,2025-08-15,2025-08-15,1,2,3.9757145654971686,Critical,0,0,1,2025-08
EVT-0473,Kozhikode,Common Cold,2025-09-17,2025-09-17,1,2,3.048749218101059,Critical,0,0,1,2025-09
EVT-0474,Kozhikode,Common Cold,2025-09-28,2025-09-28,1,2,2.7481054079735276,High,0,1,0,2025-09
EVT-0475,Kozhikode,Common Cold,2025-10-15,2025-10-15,1,2,2.4426410475263958,Medium,1,0,0,2025-10
EVT-0476,Kozhikode,Common Cold,2025-11-19,2025-11-20,2,1,2.9495762407505306,High,0,2,0,2025-11
EVT-0477,Kozhikode,Common Cold,2025-12-02,2025-12-02,1,1,2.9495762407505306,High,0,1,0,2025-12
EVT-0478,Kozhikode,Common Cold,2025-12-04,2025-12-04,1,1,2.5066578014027674,High,0,1,0,2025-12
EVT-0479,Kozhikode,Common Cold,2025-12-07,2025-12-07,1,1,2.1984843263788236,Medium,1,0,0,2025-12
EVT-0480,Kozhikode,Common Cold,2025-12-28,2025-12-28,1,2,3.717209579620654,Critical,0,0,1,2025-12
EVT-0481,Kozhikode,Dengue,2025-02-06,2025-02-06,1,1,2.19848432637882,Medium,1,0,0,2025-02
EVT-0482,Kozhikode,Dengue,2025-02-18,2025-02-18,1,1,3.6787679096857047,Critical,0,0,1,2025-02
EVT-0483,Kozhikode,Dengue,2025-02-23,2025-02-23,1,1,2.949576240750525,High,0,1,0,2025-02
EVT-0484,Kozhikode,Dengue,2025-02-28,2025-02-28,1,1,2.506657801402763,High,0,1,0,2025-02
EVT-0485,Kozhikode,Dengue,2025-03-09,2025-03-09,1,1,2.506657801402763,High,0,1,0,2025-03
EVT-0486,Kozhikode,Dengue,2025-03-14,2025-03-14,1,1,2.19848432637882,Medium,1,0,0,2025-03
EVT-0487,Kozhikode,Dengue,2025-04-20,2025-04-21,2,1,2.506657801402763,High,1,1,0,2025-04
EVT-0488,Kozhikode,Dengue,2025-04-26,2025-04-26,1,1,2.949576240750525,High,0,1,0,2025-04
EVT-0489,Kozhikode,Dengue,2025-05-17,2025-05-17,1,2,3.975714565497164,Critical,0,0,1,2025-05
EVT-0490,Kozhikode,Dengue,2025-07-04,2025-07-04,1,1,3.6787679096857047,Critical,0,0,1,2025-07
EVT-0491,Kozhikode,Dengue,2025-07-07,2025-07-08,2,1,2.949576240750525,High,0,2,0,2025-07
EVT-0492,Kozhikode,Dengue,2025-07-13,2025-07-13,1,2,3.975714565497164,Critical,0,0,1,2025-07
EVT-0493,Kozhikode,Dengue,2025-07-20,2025-07-20,1,2,3.1085730764721453,Critical,0,0,1,2025-07
EVT-0494,Kozhikode,Dengue,2025-09-02,2025-09-02,1,1,2.506657801402763,High,0,1,0,2025-09
EVT-0495,Kozhikode,Dengue,2025-09-07,2025-09-07,1,1,2.506657801402763,High,0,1,0,2025-09
EVT-0496,Kozhikode,Dengue,2025-09-09,2025-09-10,2,1,2.506657801402763,High,1,1,0,2025-09
EVT-0497,Kozhikode,Dengue,2025-09-15,2025-09-15,1,1,2.1984843263788196,Medium,1,0,0,2025-09
EVT-0498,Kozhikode,Dengue,2025-10-04,2025-10-04,1,1,2.1984843263788196,Medium,1,0,0,2025-10
EVT-0499,Kozhikode,Dengue,2025-10-11,2025-10-11,1,1,2.506657801402763,High,0,1,0,2025-10
EVT-0500,Kozhikode,Dengue,2025-10-18,2025-10-19,2,1,2.506657801402763,High,1,1,0,2025-10
EVT-0501,Kozhikode,Dengue,2025-11-05,2025-11-05,1,2,3.505242787381739,Critical,0,0,1,2025-11
EVT-0502,Kozhikode,Dengue,2025-12-17,2025-12-17,1,1,2.1984843263788205,Medium,1,0,0,2025-12
EVT-0503,Kozhikode,Dengue,2025-12-26,2025-12-26,1,1,2.5066578014027634,High,0,1,0,2025-12
EVT-0504,Kozhikode,Dengue,2025-12-28,2025-12-28,1,1,2.1984843263788205,Medium,1,0,0,2025-12
EVT-0505,Kozhikode,Flu,2025-01-14,2025-01-14,1,2,2.2735854490996883,Medium,1,0,0,2025-01
EVT-0506,Kozhikode,Flu,2025-02-10,2025-02-10,1,2,2.8525240058382493,High,0,1,0,2025-02
EVT-0507,Kozhikode,Flu,2025-02-12,2025-02-12,1,2,2.4426410475263935,Medium,1,0,0,2025-02
EVT-0508,Kozhikode,Flu,2025-03-06,2025-03-06,1,2,2.7096719538309935,High,0,1,0,2025-03
EVT-0509,Kozhikode,Flu,2025-04-22,2025-04-22,1,1,5.294651389216597,Critical,0,0,1,2025-04
EVT-0510,Kozhikode,Flu,2025-04-24,2025-04-25,2,1,3.678767909685702,Critical,0,1,1,2025-04
EVT-0511,Kozhikode,Flu,2025-04-27,2025-04-28,2,1,2.506657801402762,High,1,1,0,2025-04
EVT-0512,Kozhikode,Flu,2025-06-08,2025-06-08,1,1,2.5066578014027625,High,0,1,0,2025-06
EVT-0513,Kozhikode,Flu,2025-06-21,2025-06-21,1,1,3.6787679096857038,Critical,0,0,1,2025-06
EVT-0514,Kozhikode,Flu,2025-06-24,2025-06-24,1,1,2.9495762407505244,High,0,1,0,2025-06
EVT-0515,Kozhikode,Flu,2025-07-01,2025-07-01,1,1,2.5066578014027625,High,0,1,0,2025-07
EVT-0516,Kozhikode,Flu,2025-07-04,2025-07-04,1,1,2.1984843263788196,Medium,1,0,0,2025-07
EVT-0517,Kozhikode,Flu,2025-08-05,2025-08-05,1,1,2.5066578014027625,High,0,1,0,2025-08
EVT-0518,Kozhikode,Flu,2025-08-07,2025-08-07,1,1,2.1984843263788196,Medium,1,0,0,2025-08
EVT-0519,Kozhikode,Flu,2025-08-13,2025-08-13,1,1,2.5066578014027625,High,0,1,0,2025-08
EVT-0520,Kozhikode,Flu,2025-08-23,2025-08-23,1,2,3.7172095796206497,Critical,0,0,1,2025-08
EVT-0521,Kozhikode,Flu,2025-11-25,2025-11-25,1,1,2.9495762407505266,High,0,1,0,2025-11
EVT-0522,Kozhikode,Flu,2025-11-27,2025-11-27,1,2,3.975714565497165,Critical,0,0,1,2025-11
EVT-0523,Kozhikode,Flu,2025-12-18,2025-12-18,1,2,2.9716377017783704,High,0,1,0,2025-12
EVT-0524,Kozhikode,Malaria,2025-01-07,2025-01-07,1,1,2.5066578014027634,High,0,1,0,2025-01
EVT-0525,Kozhikode,Malaria,2025-01-11,2025-01-11,1,2,4.299366563289116,Critical,0,0,1,2025-01
EVT-0526,Kozhikode,Malaria,2025-02-16,2025-02-16,1,1,3.6787679096857056,Critical,0,0,1,2025-02
EVT-0527,Kozhikode,Malaria,2025-02-18,2025-02-19,2,1,2.9495762407505257,High,0,2,0,2025-02
EVT-0528,Kozhikode,Malaria,2025-02-26,2025-02-26,1,1,2.1984843263788205,Medium,1,0,0,2025-02
EVT-0529,Kozhikode,Malaria,2025-04-17,2025-04-17,1,1,5.294651389216606,Critical,0,0,1,2025-04
EVT-0530,Kozhikode,Malaria,2025-04-21,2025-04-22,2,1,3.6787679096857056,Critical,0,1,1,2025-04
EVT-0531,Kozhikode,Malaria,2025-04-26,2025-04-26,1,1,2.5066578014027634,High,0,1,0,2025-04
EVT-0532,Kozhikode,Malaria,2025-05-15,2025-05-15,1,2,3.717209579620651,Critical,0,0,1,2025-05
EVT-0533,Kozhikode,Malaria,2025-06-17,2025-06-17,1,1,2.5066578014027634,High,0,1,0,2025-06
EVT-0534,Kozhikode,Malaria,2025-06-19,2025-06-19,1,1,2.1984843263788205,Medium,1,0,0,2025-06
EVT-0535,Kozhikode,Malaria,2025-06-27,2025-06-27,1,1,2.5066578014027634,High,0,1,0,2025-06
EVT-0536,Kozhikode,Malaria,2025-07-01,2025-07-01,1,1,2.1984843263788205,Medium,1,0,0,2025-07
EVT-0537,Kozhikode,Malaria,2025-07-12,2025-07-12,1,2,3.5052427873817398,Critical,0,0,1,2025-07
EVT-0538,Kozhikode,Malaria,2025-08-13,2025-08-13,1,1,2.9495762407505253,High,0,1,0,2025-08
EVT-0539,Kozhikode,Malaria,2025-08-26,2025-08-26,1,1,3.6787679096857047,Critical,0,0,1,2025-08
EVT-0540,Kozhikode,Malaria,2025-09-12,2025-09-12,1,1,3.6787679096857047,Critical,0,0,1,2025-09
EVT-0541,Kozhikode,Malaria,2025-09-14,2025-09-14,1,1,2.9495762407505253,High,0,1,0,2025-09
EVT-0542,Kozhikode,Malaria,2025-09-16,2025-09-16,1,1,2.506657801402763,High,0,1,0,2025-09
EVT-0543,Kozhikode,Malaria,2025-09-18,2025-09-18,1,2,3.7172095796206506,Critical,0,0,1,2025-09
EVT-0544,Kozhikode,Malaria,2025-10-15,2025-10-15,1,2,3.1085730764721458,Critical,0,0,1,2025-10
EVT-0545,Kozhikode,Malaria,2025-11-21,2025-11-22,2,1,5.2946513892166065,Critical,0,0,2,2025-11
EVT-0546,Kozhikode,Malaria,2025-11-25,2025-11-25,1,1,2.9495762407505257,High,0,1,0,2025-11
EVT-0547,Kozhikode,Malaria,2025-11-28,2025-11-28,1,1,2.506657801402764,High,0,1,0,2025-11
EVT-0548,Kozhikode,Malaria,2025-12-02,2025-12-02,1,2,3.7172095796206515,Critical,0,0,1,2025-12
EVT-0549,Kozhikode,Malaria,2025-12-10,2025-12-10,1,2,2.748105407973526,High,0,1,0,2025-12
EVT-0550,Kozhikode,Malaria,2025-12-27,2025-12-27,1,2,2.2501191754283516,Medium,1,0,0,2025-12
EVT-0551,Kozhikode,Typhoid,2025-01-17,2025-01-17,1,2,3.32801836153127,Critical,0,0,1,2025-01
EVT-0552,Kozhikode,Typhoid,2025-02-19,2025-02-19,1,1,2.506657801402766,High,0,1,0,2025-02
EVT-0553,Kozhikode,Typhoid,2025-02-25,2025-02-25,1,1,2.506657801402766,High,0,1,0,2025-02
EVT-0554,Kozhikode,Typhoid,2025-02-27,2025-02-27,1,1,2.198484326378822,Medium,1,0,0,2025-02
EVT-0555,Kozhikode,Typhoid,2025-03-06,2025-03-06,1,1,2.198484326378822,Medium,1,0,0,2025-03
EVT-0556,Kozhikode,Typhoid,2025-03-23,2025-03-23,1,1,2.506657801402766,High,0,1,0,2025-03
EVT-0557,Kozhikode,Typhoid,2025-04-02,2025-04-02,1,2,4.2993665632891185,Critical,0,0,1,2025-04
EVT-0558,Kozhikode,Typhoid,2025-05-04,2025-05-05,2,1,2.9495762407505297,High,0,2,0,2025-05
EVT-0559,Kozhikode,Typhoid,2025-05-19,2025-05-21,3,1,2.9495762407505293,High,1,2,0,2025-05
EVT-0560,Kozhikode,Typhoid,2025-06-03,2025-06-04,2,1,2.198484326378822,Medium,2,0,0,2025-06
EVT-0561,Kozhikode,Typhoid,2025-06-10,2025-06-10,1,2,3.1776705873085382,Critical,0,0,1,2025-06
EVT-0562,Kozhikode,Typhoid,2025-07-11,2025-07-11,1,2,3.32801836153127,Critical,0,0,1,2025-07
EVT-0563,Kozhikode,Typhoid,2025-07-25,2025-07-25,1,2,2.748105407973526,High,0,1,0,2025-07
EVT-0564,Kozhikode,Typhoid,2025-09-03,2025-09-04,2,1,2.5066578014027665,High,1,1,0,2025-09
EVT-0565,Kozhikode,Typhoid,2025-09-14,2025-09-14,1,2,4.2993665632891185,Critical,0,0,1,2025-09
EVT-0566,Kozhikode,Typhoid,2025-11-01,2025-11-01,1,1,2.5066578014027665,High,0,1,0,2025-11
EVT-0567,Kozhikode,Typhoid,2025-11-06,2025-11-06,1,1,2.1984843263788223,Medium,1,0,0,2025-11
EVT-0568,Kozhikode,Typhoid,2025-11-12,2025-11-12,1,1,2.1984843263788223,Medium,1,0,0,2025-11
EVT-0569,Kozhikode,Typhoid,2025-11-15,2025-11-15,1,2,3.505242787381741,Critical,0,0,1,2025-11
EVT-0570,Kozhikode,Typhoid,2025-12-15,2025-12-15,1,2,4.2993665632891185,Critical,0,0,1,2025-12
EVT-0571,Kozhikode,Viral Fever,2025-01-22,2025-01-24,3,1,2.506657801402763,High,1,2,0,2025-01
EVT-0572,Kozhikode,Viral Fever,2025-01-26,2025-01-26,1,2,3.505242787381738,Critical,0,0,1,2025-01
EVT-0573,Kozhikode,Viral Fever,2025-03-15,2025-03-15,1,1,2.1984843263788196,Medium,1,0,0,2025-03
EVT-0574,Kozhikode,Viral Fever,2025-03-21,2025-03-21,1,1,2.1984843263788196,Medium,1,0,0,2025-03
EVT-0575,Kozhikode,Viral Fever,2025-03-24,2025-03-25,2,1,2.1984843263788196,Medium,2,0,0,2025-03
EVT-0576,Kozhikode,Viral Fever,2025-04-03,2025-04-03,1,1,2.1984843263788196,Medium,1,0,0,2025-04
EVT-0577,Kozhikode,Viral Fever,2025-04-27,2025-04-27,1,1,3.678767909685707,Critical,0,0,1,2025-04
EVT-0578,Kozhikode,Viral Fever,2025-05-05,2025-05-05,1,1,3.678767909685707,Critical,0,0,1,2025-05
EVT-0579,Kozhikode,Viral Fever,2025-05-08,2025-05-08,1,1,2.9495762407505257,High,0,1,0,2025-05
EVT-0580,Kozhikode,Viral Fever,2025-05-16,2025-05-16,1,1,2.506657801402763,High,0,1,0,2025-05
EVT-0581,Kozhikode,Viral Fever,2025-05-18,2025-05-18,1,1,2.1984843263788196,Medium,1,0,0,2025-05
EVT-0582,Kozhikode,Viral Fever,2025-06-03,2025-06-03,1,2,3.7172095796206497,Critical,0,0,1,2025-06
EVT-0583,Kozhikode,Viral Fever,2025-06-14,2025-06-14,1,2,2.9716377017783686,High,0,1,0,2025-06
EVT-0584,Kozhikode,Viral Fever,2025-07-12,2025-07-12,1,2,2.8525240058382493,High,0,1,0,2025-07
EVT-0585,Kozhikode,Viral Fever,2025-07-14,2025-07-14,1,2,2.7481054079735245,High,0,1,0,2025-07
EVT-0586,Kozhikode,Viral Fever,2025-08-22,2025-08-22,1,1,3.6787679096857064,Critical,0,0,1,2025-08
EVT-0587,Kozhikode,Viral Fever,2025-08-24,2025-08-24,1,1,3.6787679096857064,Critical,0,0,1,2025-08
EVT-0588,Kozhikode,Viral Fever,2025-09-03,2025-09-03,1,1,2.9495762407505253,High,0,1,0,2025-09
EVT-0589,Kozhikode,Viral Fever,2025-09-10,2025-09-10,1,1,2.506657801402763,High,0,1,0,2025-09
EVT-0590,Kozhikode,Viral Fever,2025-09-12,2025-09-12,1,1,2.1984843263788196,Medium,1,0,0,2025-09
EVT-0591,Kozhikode,Viral Fever,2025-10-26,2025-10-26,1,1,2.9495762407505257,High,0,1,0,2025-10
EVT-0592,Kozhikode,Viral Fever,2025-11-01,2025-11-01,1,2,3.9757145654971637,Critical,0,0,1,2025-11
EVT-0593,Kozhikode,Viral Fever,2025-11-20,2025-11-20,1,2,2.8525240058382493,High,0,1,0,2025-11
EVT-0594,Kozhikode,Viral Fever,2025-11-22,2025-11-22,1,2,2.3715485287555094,Medium,1,0,0,2025-11
EVT-0595,Kozhikode,Viral Fever,2025-12-21,2025-12-21,1,2,2.8525240058382493,High,0,1,0,2025-12
EVT-0596,Malappuram,Chickenpox,2025-01-21,2025-01-22,2,1,5.294651389216587,Critical,0,0,2,2025-01
EVT-0597,Malappuram,Chickenpox,2025-01-28,2025-01-28,1,1,2.9495762407505217,High,0,1,0,2025-01
EVT-0598,Malappuram,Chickenpox,2025-02-05,2025-02-05,1,1,2.5066578014027607,High,0,1,0,2025-02
EVT-0599,Malappuram,Chickenpox,2025-02-09,2025-02-09,1,1,2.1984843263788183,Medium,1,0,0,2025-02
EVT-0600,Malappuram,Chickenpox,2025-02-21,2025-02-21,1,1,2.1984843263788183,Medium,1,0,0,2025-02
EVT-0601,Malappuram,Chickenpox,2025-03-13,2025-03-13,1,1,2.1984843263788183,Medium,1,0,0,2025-03
EVT-0602,Malappuram,Chickenpox,2025-03-18,2025-03-18,1,1,2.1984843263788183,Medium,1,0,0,2025-03
EVT-0603,Malappuram,Chickenpox,2025-03-27,2025-03-27,1,1,2.5066578014027607,High,0,1,0,2025-03
EVT-0604,Malappuram,Chickenpox,2025-04-01,2025-04-01,1,1,2.5066578014027607,High,0,1,0,2025-04
EVT-0605,Malappuram,Chickenpox,2025-04-14,2025-04-14,1,1,2.5066578014027607,High,0,1,0,2025-04
EVT-0606,Malappuram,Chickenpox,2025-04-19,2025-04-19,1,1,2.5066578014027607,High,0,1,0,2025-04
EVT-0607,Malappuram,Chickenpox,2025-05-03,2025-05-03,1,1,2.9495762407505217,High,0,1,0,2025-05
EVT-0608,Malappuram,Chickenpox,2025-05-11,2025-05-11,1,2,3.975714565497162,Critical,0,0,1,2025-05
EVT-0609,Malappuram,Chickenpox,2025-06-17,2025-06-17,1,1,2.9495762407505217,High,0,1,0,2025-06
EVT-0610,Malappuram,Chickenpox,2025-06-20,2025-06-20,1,1,2.5066578014027607,High,0,1,0,2025-06
EVT-0611,Malappuram,Chickenpox,2025-06-22,2025-06-22,1,1,2.1984843263788183,Medium,1,0,0,2025-06
EVT-0612,Malappuram,Chickenpox,2025-07-10,2025-07-10,1,1,2.5066578014027607,High,0,1,0,2025-07
EVT-0613,Malappuram,Chickenpox,2025-07-14,2025-07-14,1,1,2.1984843263788183,Medium,1,0,0,2025-07
EVT-0614,Malappuram,Chickenpox,2025-08-02,2025-08-03,2,1,2.9495762407505217,High,0,2,0,2025-08
EVT-0615,Malappuram,Chickenpox,2025-08-06,2025-08-06,1,1,2.1984843263788183,Medium,1,0,0,2025-08
EVT-0616,Malappuram,Chickenpox,2025-08-13,2025-08-13,1,1,2.5066578014027607,High,0,1,0,2025-08
EVT-0617,Malappuram,Chickenpox,2025-08-27,2025-08-27,1,1,2.1984843263788183,Medium,1,0,0,2025-08
EVT-0618,Malappuram,Chickenpox,2025-09-21,2025-09-21,1,1,3.678767909685698,Critical,0,0,1,2025-09
EVT-0619,Malappuram,Chickenpox,2025-10-09,2025-10-09,1,1,3.678767909685698,Critical,0,0,1,2025-10
EVT-0620,Malappuram,Chickenpox,2025-10-16,2025-10-16,1,1,2.9495762407505217,High,0,1,0,2025-10
EVT-0621,Malappuram,Chickenpox,2025-10-18,2025-10-18,1,2,3.975714565497162,Critical,0,0,1,2025-10
EVT-0622,Malappuram,Chickenpox,2025-11-11,2025-11-11,1,2,2.9716377017783686,High,0,1,0,2025-11
EVT-0623,Malappuram,Chickenpox,2025-11-24,2025-11-24,1,2,2.7481054079735245,High,0,1,0,2025-11
EVT-0624,Malappuram,Chikungunya,2025-01-20,2025-01-20,1,1,2.2355921677321966,Medium,1,0,0,2025-01
EVT-0625,Malappuram,Chikungunya,2025-01-24,2025-01-24,1,2,3.454761084309576,Critical,0,0,1,2025-01
EVT-0626,Malappuram,Chikungunya,2025-04-06,2025-04-07,2,1,2.5066578014027665,High,1,1,0,2025-04
EVT-0627,Malappuram,Chikungunya,2025-04-23,2025-04-23,1,1,2.5066578014027665,High,0,1,0,2025-04
EVT-0628,Malappuram,Chikungunya,2025-04-28,2025-04-28,1,1,2.5066578014027665,High,0,1,0,2025-04
EVT-0629,Malappuram,Chikungunya,2025-05-05,2025-05-05,1,1,2.1984843263788227,Medium,1,0,0,2025-05
EVT-0630,Malappuram,Chikungunya,2025-05-10,2025-05-10,1,2,3.9757145654971673,Critical,0,0,1,2025-05
EVT-0631,Malappuram,Chikungunya,2025-06-09,2025-06-09,1,1,2.5066578014027665,High,0,1,0,2025-06
EVT-0632,Malappuram,Chikungunya,2025-06-13,2025-06-13,1,1,2.1984843263788223,Medium,1,0,0,2025-06
EVT-0633,Malappuram,Chikungunya,2025-07-05,2025-07-05,1,1,2.9495762407505297,High,0,1,0,2025-07
EVT-0634,Malappuram,Chikungunya,2025-07-20,2025-07-21,2,1,3.6787679096857127,Critical,0,1,1,2025-07
EVT-0635,Malappuram,Chikungunya,2025-08-03,2025-08-03,1,1,2.5066578014027665,High,0,1,0,2025-08
EVT-0636,Malappuram,Chikungunya,2025-08-13,2025-08-14,2,1,2.5066578014027665,High,1,1,0,2025-08
EVT-0637,Malappuram,Chikungunya,2025-09-01,2025-09-01,1,2,3.9757145654971673,Critical,0,0,1,2025-09
EVT-0638,Malappuram,Chikungunya,2025-09-05,2025-09-05,1,2,3.267609635080779,Critical,0,0,1,2025-09
EVT-0639,Malappuram,Chikungunya,2025-09-17,2025-09-17,1,2,2.9495762407505266,High,0,1,0,2025-09
EVT-0640,Malappuram,Chikungunya,2025-10-04,2025-10-04,1,3,3.695291879247043,Critical,0,0,1,2025-10
EVT-0641,Malappuram,Chikungunya,2025-10-06,2025-10-06,1,2,2.3433558258639784,Medium,1,0,0,2025-10
EVT-0642,Malappuram,Chikungunya,2025-11-05,2025-11-05,1,2,2.5024133024474375,High,0,1,0,2025-11
EVT-0643,Malappuram,Chikungunya,2025-12-11,2025-12-11,1,1,2.5066578014027665,High,0,1,0,2025-12
EVT-0644,Malappuram,Chikungunya,2025-12-22,2025-12-22,1,1,2.5066578014027665,High,0,1,0,2025-12
EVT-0645,Malappuram,Chikungunya,2025-12-28,2025-12-28,1,1,2.5066578014027665,High,0,1,0,2025-12
EVT-0646,Malappuram,Common Cold,2025-01-01,2025-01-01,1,1,2.1984843263788205,Medium,1,0,0,2025-01
EVT-0647,Malappuram,Common Cold,2025-01-05,2025-01-05,1,1,2.1984843263788205,Medium,1,0,0,2025-01
EVT-0648,Malappuram,Common Cold,2025-01-13,2025-01-14,2,1,2.9495762407505266,High,0,2,0,2025-01
EVT-0649,Malappuram,Common Cold,2025-02-10,2025-02-10,1,1,2.9495762407505266,High,0,1,0,2025-02
EVT-0650,Malappuram,Common Cold,2025-02-15,2025-02-15,1,1,3.678767909685707,Critical,0,0,1,2025-02
EVT-0651,Malappuram,Common Cold,2025-02-22,2025-02-22,1,1,2.9495762407505266,High,0,1,0,2025-02
EVT-0652,Malappuram,Common Cold,2025-02-28,2025-02-28,1,1,2.506657801402764,High,0,1,0,2025-02
EVT-0653,Malappuram,Common Cold,2025-03-19,2025-03-20,2,1,2.9495762407505266,High,0,2,0,2025-03
EVT-0654,Malappuram,Common Cold,2025-04-03,2025-04-03,1,1,2.9495762407505266,High,0,1,0,2025-04
EVT-0655,Malappuram,Common Cold,2025-04-05,2025-04-06,2,1,2.506657801402764,High,1,1,0,2025-04
EVT-0656,Malappuram,Common Cold,2025-06-09,2025-06-10,2,1,5.294651389216613,Critical,0,0,2,2025-06
EVT-0657,Malappuram,Common Cold,2025-06-13,2025-06-14,2,1,2.949576240750527,High,0,2,0,2025-06
EVT-0658,Malappuram,Common Cold,2025-07-16,2025-07-17,2,2,5.294651389216607,Critical,0,0,2,2025-07
EVT-0659,Malappuram,Common Cold,2025-08-18,2025-08-18,1,1,3.678767909685707,Critical,0,0,1,2025-08
EVT-0660,Malappuram,Common Cold,2025-08-24,2025-08-24,1,2,4.299366563289116,Critical,0,0,1,2025-08
EVT-0661,Malappuram,Common Cold,2025-09-26,2025-09-26,1,2,3.9757145654971655,Critical,0,0,1,2025-09
EVT-0662,Malappuram,Common Cold,2025-10-02,2025-10-02,1,2,3.1085730764721458,Critical,0,0,1,2025-10
EVT-0663,Malappuram,Common Cold,2025-12-09,2025-12-09,1,1,5.294651389216616,Critical,0,0,1,2025-12
EVT-0664,Malappuram,Common Cold,2025-12-22,2025-12-22,1,1,3.6787679096857087,Critical,0,0,1,2025-12
EVT-0665,Malappuram,Common Cold,2025-12-26,2025-12-26,1,1,2.9495762407505275,High,0,1,0,2025-12
EVT-0666,Malappuram,Dengue,2025-01-18,2025-01-18,1,1,2.9495762407505213,High,0,1,0,2025-01
EVT-0667,Malappuram,Dengue,2025-01-20,2025-01-20,1,1,2.5066578014027603,High,0,1,0,2025-01
EVT-0668,Malappuram,Dengue,2025-01-23,2025-01-23,1,1,2.198484326378818,Medium,1,0,0,2025-01
EVT-0669,Malappuram,Dengue,2025-02-03,2025-02-03,1,1,2.5066578014027603,High,0,1,0,2025-02
EVT-0670,Malappuram,Dengue,2025-02-14,2025-02-14,1,1,2.198484326378818,Medium,1,0,0,2025-02
EVT-0671,Malappuram,Dengue,2025-02-18,2025-02-18,1,1,2.198484326378818,Medium,1,0,0,2025-02
EVT-0672,Malappuram,Dengue,2025-03-04,2025-03-04,1,1,2.5066578014027603,High,0,1,0,2025-03
EVT-0673,Malappuram,Dengue,2025-03-18,2025-03-18,1,1,2.9495762407505213,High,0,1,0,2025-03
EVT-0674,Malappuram,Dengue,2025-04-01,2025-04-01,1,1,2.9495762407505213,High,0,1,0,2025-04
EVT-0675,Malappuram,Dengue,2025-04-03,2025-04-03,1,1,2.9495762407505213,High,0,1,0,2025-04
EVT-0676,Malappuram,Dengue,2025-04-19,2025-04-20,2,1,2.9495762407505213,High,0,2,0,2025-04
EVT-0677,Malappuram,Dengue,2025-05-01,2025-05-01,1,1,2.5066578014027603,High,0,1,0,2025-05
EVT-0678,Malappuram,Dengue,2025-05-10,2025-05-10,1,1,2.5066578014027603,High,0,1,0,2025-05
EVT-0679,Malappuram,Dengue,2025-05-15,2025-05-15,1,1,2.198484326378818,Medium,1,0,0,2025-05
EVT-0680,Malappuram,Dengue,2025-06-01,2025-06-01,1,1,2.5066578014027603,High,0,1,0,2025-06
EVT-0681,Malappuram,Dengue,2025-06-08,2025-06-08,1,1,2.198484326378818,Medium,1,0,0,2025-06
EVT-0682,Malappuram,Dengue,2025-06-15,2025-06-16,2,1,2.5066578014027603,High,0,2,0,2025-06
EVT-0683,Malappuram,Dengue,2025-06-21,2025-06-21,1,1,2.198484326378818,Medium,1,0,0,2025-06
EVT-0684,Malappuram,Dengue,2025-09-23,2025-09-23,1,1,2.198484326378818,Medium,1,0,0,2025-09
EVT-0685,Malappuram,Dengue,2025-10-01,2025-10-01,1,1,2.198484326378818,Medium,1,0,0,2025-10
EVT-0686,Malappuram,Dengue,2025-10-10,2025-10-10,1,1,2.9495762407505213,High,0,1,0,2025-10
EVT-0687,Malappuram,Dengue,2025-10-23,2025-10-23,1,1,2.9495762407505213,High,0,1,0,2025-10
EVT-0688,Malappuram,Dengue,2025-11-20,2025-11-20,1,1,3.6787679096856976,Critical,0,0,1,2025-11
EVT-0689,Malappuram,Dengue,2025-12-19,2025-12-20,2,1,3.6787679096856976,Critical,0,0,2,2025-12
EVT-0690,Malappuram,Dengue,2025-12-22,2025-12-23,2,1,2.9495762407505213,High,0,2,0,2025-12
EVT-0691,Malappuram,Dengue,2025-12-28,2025-12-28,1,1,2.198484326378818,Medium,1,0,0,2025-12
EVT-0692,Malappuram,Flu,2025-02-10,2025-02-10,1,1,2.5066578014027625,High,0,1,0,2025-02
EVT-0693,Malappuram,Flu,2025-02-28,2025-02-28,1,1,3.678767909685703,Critical,0,0,1,2025-02
EVT-0694,Malappuram,Flu,2025-03-17,2025-03-17,1,1,3.678767909685703,Critical,0,0,1,2025-03
EVT-0695,Malappuram,Flu,2025-03-19,2025-03-19,1,2,4.299366563289114,Critical,0,0,1,2025-03
EVT-0696,Malappuram,Flu,2025-05-02,2025-05-02,1,1,2.9495762407505244,High,0,1,0,2025-05
EVT-0697,Malappuram,Flu,2025-05-04,2025-05-04,1,1,2.5066578014027625,High,0,1,0,2025-05
EVT-0698,Malappuram,Flu,2025-05-12,2025-05-12,1,1,2.9495762407505244,High,0,1,0,2025-05
EVT-0699,Malappuram,Flu,2025-05-14,2025-05-14,1,1,2.5066578014027625,High,0,1,0,2025-05
EVT-0700,Malappuram,Flu,2025-05-16,2025-05-16,1,3,4.419155406449728,Critical,0,0,1,2025-05
EVT-0701,Malappuram,Flu,2025-06-26,2025-06-26,1,1,5.294651389216593,Critical,0,0,1,2025-06
EVT-0702,Malappuram,Flu,2025-07-03,2025-07-03,1,1,3.6787679096857016,Critical,0,0,1,2025-07
EVT-0703,Malappuram,Flu,2025-07-06,2025-07-06,1,1,2.949576240750523,High,0,1,0,2025-07
EVT-0704,Malappuram,Flu,2025-07-13,2025-07-13,1,1,2.506657801402762,High,0,1,0,2025-07
EVT-0705,Malappuram,Flu,2025-07-17,2025-07-17,1,1,2.198484326378819,Medium,1,0,0,2025-07
EVT-0706,Malappuram,Flu,2025-08-07,2025-08-07,1,1,2.506657801402762,High,0,1,0,2025-08
EVT-0707,Malappuram,Flu,2025-08-10,2025-08-10,1,1,2.198484326378819,Medium,1,0,0,2025-08
EVT-0708,Malappuram,Flu,2025-08-13,2025-08-13,1,1,2.198484326378819,Medium,1,0,0,2025-08
EVT-0709,Malappuram,Flu,2025-09-28,2025-09-28,1,1,5.294651389216593,Critical,0,0,1,2025-09
EVT-0710,Malappuram,Flu,2025-10-12,2025-10-12,1,1,3.6787679096857007,Critical,0,0,1,2025-10
EVT-0711,Malappuram,Flu,2025-10-14,2025-10-14,1,1,2.949576240750523,High,0,1,0,2025-10
EVT-0712,Malappuram,Flu,2025-10-17,2025-10-17,1,1,2.506657801402762,High,0,1,0,2025-10
EVT-0713,Malappuram,Flu,2025-11-20,2025-11-20,1,1,5.294651389216593,Critical,0,0,1,2025-11
EVT-0714,Malappuram,Flu,2025-11-22,2025-11-22,1,1,3.6787679096857007,Critical,0,0,1,2025-11
EVT-0715,Malappuram,Flu,2025-12-07,2025-12-07,1,1,2.949576240750523,High,0,1,0,2025-12
EVT-0716,Malappuram,Flu,2025-12-21,2025-12-22,2,1,2.949576240750523,High,0,2,0,2025-12
EVT-0717,Malappuram,Flu,2025-12-27,2025-12-27,1,1,2.506657801402762,High,0,1,0,2025-12
EVT-0718,Malappuram,Malaria,2025-01-26,2025-01-26,1,1,2.5066578014027656,High,0,1,0,2025-01
EVT-0719,Malappuram,Malaria,2025-02-11,2025-02-11,1,1,3.678767909685711,Critical,0,0,1,2025-02
EVT-0720,Malappuram,Malaria,2025-03-03,2025-03-03,1,1,3.678767909685711,Critical,0,0,1,2025-03
EVT-0721,Malappuram,Malaria,2025-03-15,2025-03-15,1,1,3.678767909685711,Critical,0,0,1,2025-03
EVT-0722,Malappuram,Malaria,2025-03-27,2025-03-28,2,1,2.9495762407505293,High,0,2,0,2025-03
EVT-0723,Malappuram,Malaria,2025-04-01,2025-04-01,1,1,2.198484326378822,Medium,1,0,0,2025-04
EVT-0724,Malappuram,Malaria,2025-04-12,2025-04-13,2,2,3.5052427873817407,Critical,1,0,1,2025-04
EVT-0725,Malappuram,Malaria,2025-05-24,2025-05-24,1,1,2.949576240750529,High,0,1,0,2025-05
EVT-0726,Malappuram,Malaria,2025-06-01,2025-06-01,1,1,2.949576240750529,High,0,1,0,2025-06
EVT-0727,Malappuram,Malaria,2025-06-04,2025-06-04,1,1,2.506657801402765,High,0,1,0,2025-06
EVT-0728,Malappuram,Malaria,2025-06-16,2025-06-17,2,1,2.506657801402765,High,1,1,0,2025-06
EVT-0729,Malappuram,Malaria,2025-06-28,2025-06-28,1,1,2.1984843263788214,Medium,1,0,0,2025-06
EVT-0730,Malappuram,Malaria,2025-07-09,2025-07-09,1,1,2.506657801402765,High,0,1,0,2025-07
EVT-0731,Malappuram,Malaria,2025-07-15,2025-07-15,1,1,2.1984843263788214,Medium,1,0,0,2025-07
EVT-0732,Malappuram,Malaria,2025-07-18,2025-07-18,1,1,2.506657801402765,High,0,1,0,2025-07
EVT-0733,Malappuram,Malaria,2025-07-20,2025-07-20,1,1,2.1984843263788214,Medium,1,0,0,2025-07
EVT-0734,Malappuram,Malaria,2025-08-24,2025-08-24,1,1,2.198484326378822,Medium,1,0,0,2025-08
EVT-0735,Malappuram,Malaria,2025-08-27,2025-08-27,1,1,2.198484326378822,Medium,1,0,0,2025-08
EVT-0736,Malappuram,Malaria,2025-09-06,2025-09-06,1,1,2.198484326378822,Medium,1,0,0,2025-09
EVT-0737,Malappuram,Malaria,2025-09-16,2025-09-16,1,1,2.198484326378822,Medium,1,0,0,2025-09
EVT-0738,Malappuram,Malaria,2025-09-25,2025-09-25,1,2,3.9757145654971664,Critical,0,0,1,2025-09
EVT-0739,Malappuram,Malaria,2025-11-02,2025-11-02,1,1,2.198484326378822,Medium,1,0,0,2025-11
EVT-0740,Malappuram,Malaria,2025-11-18,2025-11-20,3,1,2.5066578014027656,High,2,1,0,2025-11
EVT-0741,Malappuram,Malaria,2025-11-25,2025-11-25,1,1,2.198484326378822,Medium,1,0,0,2025-11
EVT-0742,Malappuram,Typhoid,2025-01-06,2025-01-06,1,1,2.5066578014027674,High,0,1,0,2025-01
EVT-0743,Malappuram,Typhoid,2025-01-15,2025-01-15,1,1,2.9495762407505324,High,0,1,0,2025-01
EVT-0744,Malappuram,Typhoid,2025-01-27,2025-01-27,1,2,3.975714565497168,Critical,0,0,1,2025-01
EVT-0745,Malappuram,Typhoid,2025-02-02,2025-02-02,1,2,3.2676096350807797,Critical,0,0,1,2025-02
EVT-0746,Malappuram,Typhoid,2025-03-17,2025-03-18,2,1,2.5066578014027674,High,1,1,0,2025-03
EVT-0747,Malappuram,Typhoid,2025-04-11,2025-04-11,1,1,2.9495762407505315,High,0,1,0,2025-04
EVT-0748,Malappuram,Typhoid,2025-04-27,2025-04-27,1,1,3.6787679096857158,Critical,0,0,1,2025-04
EVT-0749,Malappuram,Typhoid,2025-05-09,2025-05-09,1,1,2.9495762407505315,High,0,1,0,2025-05
EVT-0750,Malappuram,Typhoid,2025-05-13,2025-05-13,1,1,2.9495762407505315,High,0,1,0,2025-05
EVT-0751,Malappuram,Typhoid,2025-05-17,2025-05-17,1,1,2.5066578014027674,High,0,1,0,2025-05
EVT-0752,Malappuram,Typhoid,2025-06-05,2025-06-05,1,1,2.5066578014027674,High,0,1,0,2025-06
EVT-0753,Malappuram,Typhoid,2025-07-06,2025-07-06,1,1,5.294651389216634,Critical,0,0,1,2025-07
EVT-0754,Malappuram,Typhoid,2025-07-09,2025-07-09,1,1,3.6787679096857158,Critical,0,0,1,2025-07
EVT-0755,Malappuram,Typhoid,2025-07-15,2025-07-15,1,1,2.9495762407505315,High,0,1,0,2025-07
EVT-0756,Malappuram,Typhoid,2025-07-27,2025-07-28,2,1,2.5066578014027674,High,1,1,0,2025-07
EVT-0757,Malappuram,Typhoid,2025-09-18,2025-09-18,1,1,2.198484326378823,Medium,1,0,0,2025-09
EVT-0758,Malappuram,Typhoid,2025-10-11,2025-10-11,1,1,2.949576240750532,High,0,1,0,2025-10
EVT-0759,Malappuram,Typhoid,2025-10-23,2025-10-24,2,1,3.6787679096857167,Critical,0,1,1,2025-10
EVT-0760,Malappuram,Typhoid,2025-11-05,2025-11-05,1,2,3.975714565497168,Critical,0,0,1,2025-11
EVT-0761,Malappuram,Typhoid,2025-12-14,2025-12-14,1,1,2.1984843263788236,Medium,1,0,0,2025-12
EVT-0762,Malappuram,Typhoid,2025-12-21,2025-12-22,2,1,2.5066578014027674,High,0,2,0,2025-12
EVT-0763,Malappuram,Viral Fever,2025-01-02,2025-01-02,1,1,2.9495762407505275,High,0,1,0,2025-01
EVT-0764,Malappuram,Viral Fever,2025-01-16,2025-01-16,1,1,3.678767909685711,Critical,0,0,1,2025-01
EVT-0765,Malappuram,Viral Fever,2025-01-21,2025-01-21,1,1,2.9495762407505275,High,0,1,0,2025-01
EVT-0766,Malappuram,Viral Fever,2025-02-01,2025-02-01,1,1,2.9495762407505275,High,0,1,0,2025-02
EVT-0767,Malappuram,Viral Fever,2025-02-11,2025-02-11,1,1,2.5066578014027643,High,0,1,0,2025-02
EVT-0768,Malappuram,Viral Fever,2025-02-21,2025-02-21,1,2,4.299366563289117,Critical,0,0,1,2025-02
EVT-0769,Malappuram,Viral Fever,2025-03-28,2025-03-28,1,1,3.678767909685711,Critical,0,0,1,2025-03
EVT-0770,Malappuram,Viral Fever,2025-04-01,2025-04-01,1,1,3.678767909685711,Critical,0,0,1,2025-04
EVT-0771,Malappuram,Viral Fever,2025-04-11,2025-04-11,1,1,2.949576240750528,High,0,1,0,2025-04
EVT-0772,Malappuram,Viral Fever,2025-04-13,2025-04-13,1,1,2.5066578014027643,High,0,1,0,2025-04
EVT-0773,Malappuram,Viral Fever,2025-04-17,2025-04-17,1,1,2.198484326378821,Medium,1,0,0,2025-04
EVT-0774,Malappuram,Viral Fever,2025-05-16,2025-05-16,1,1,3.6787679096857118,Critical,0,0,1,2025-05
EVT-0775,Malappuram,Viral Fever,2025-05-24,2025-05-24,1,1,3.6787679096857118,Critical,0,0,1,2025-05
EVT-0776,Malappuram,Viral Fever,2025-05-27,2025-05-28,2,1,2.949576240750528,High,0,2,0,2025-05
EVT-0777,Malappuram,Viral Fever,2025-06-02,2025-06-02,1,1,2.198484326378821,Medium,1,0,0,2025-06
EVT-0778,Malappuram,Viral Fever,2025-06-22,2025-06-22,1,1,2.198484326378821,Medium,1,0,0,2025-06
EVT-0779,Malappuram,Viral Fever,2025-07-09,2025-07-09,1,1,3.6787679096857118,Critical,0,0,1,2025-07
EVT-0780,Malappuram,Viral Fever,2025-07-17,2025-07-17,1,1,2.949576240750528,High,0,1,0,2025-07
EVT-0781,Malappuram,Viral Fever,2025-07-20,2025-07-20,1,1,2.5066578014027647,High,0,1,0,2025-07
EVT-0782,Malappuram,Viral Fever,2025-07-26,2025-07-26,1,1,2.5066578014027647,High,0,1,0,2025-07
EVT-0783,Malappuram,Viral Fever,2025-08-01,2025-08-01,1,1,2.198484326378821,Medium,1,0,0,2025-08
EVT-0784,Malappuram,Viral Fever,2025-08-21,2025-08-21,1,1,2.198484326378821,Medium,1,0,0,2025-08
EVT-0785,Malappuram,Viral Fever,2025-08-26,2025-08-26,1,2,3.717209579620651,Critical,0,0,1,2025-08
EVT-0786,Malappuram,Viral Fever,2025-10-21,2025-10-21,1,1,2.1984843263788205,Medium,1,0,0,2025-10
EVT-0787,Malappuram,Viral Fever,2025-11-06,2025-11-06,1,1,2.1984843263788205,Medium,1,0,0,2025-11
EVT-0788,Malappuram,Viral Fever,2025-11-13,2025-11-14,2,1,2.506657801402764,High,1,1,0,2025-11
EVT-0789,Malappuram,Viral Fever,2025-11-23,2025-11-23,1,1,2.506657801402764,High,0,1,0,2025-11
EVT-0790,Malappuram,Viral Fever,2025-11-25,2025-11-25,1,1,2.1984843263788205,Medium,1,0,0,2025-11
EVT-0791,Malappuram,Viral Fever,2025-12-09,2025-12-09,1,1,2.1984843263788205,Medium,1,0,0,2025-12
EVT-0792,Malappuram,Viral Fever,2025-12-15,2025-12-15,1,1,2.1984843263788205,Medium,1,0,0,2025-12
EVT-0793,Palakkad,Chickenpox,2025-01-04,2025-01-05,2,1,5.2946513892165985,Critical,0,0,2,2025-01
EVT-0794,Palakkad,Chickenpox,2025-01-07,2025-01-07,1,1,2.949576240750524,High,0,1,0,2025-01
EVT-0795,Palakkad,Chickenpox,2025-02-04,2025-02-04,1,1,3.678767909685702,Critical,0,0,1,2025-02
EVT-0796,Palakkad,Chickenpox,2025-02-09,2025-02-09,1,1,3.678767909685702,Critical,0,0,1,2025-02
EVT-0797,Palakkad,Chickenpox,2025-02-25,2025-02-26,2,2,3.9757145654971637,Critical,0,1,1,2025-02
EVT-0798,Palakkad,Chickenpox,2025-04-24,2025-04-24,1,2,5.294651389216604,Critical,0,0,1,2025-04
EVT-0799,Palakkad,Chickenpox,2025-05-01,2025-05-01,1,1,2.2355921677321935,Medium,1,0,0,2025-05
EVT-0800,Palakkad,Chickenpox,2025-06-02,2025-06-02,1,1,2.198484326378819,Medium,1,0,0,2025-06
EVT-0801,Palakkad,Chickenpox,2025-06-05,2025-06-05,1,1,2.198484326378819,Medium,1,0,0,2025-06
EVT-0802,Palakkad,Chickenpox,2025-06-12,2025-06-12,1,1,2.506657801402762,High,0,1,0,2025-06
EVT-0803,Palakkad,Chickenpox,2025-06-22,2025-06-22,1,1,2.506657801402762,High,0,1,0,2025-06
EVT-0804,Palakkad,Chickenpox,2025-07-01,2025-07-01,1,1,2.198484326378819,Medium,1,0,0,2025-07
EVT-0805,Palakkad,Chickenpox,2025-07-25,2025-07-25,1,1,3.6787679096857016,Critical,0,0,1,2025-07
EVT-0806,Palakkad,Chickenpox,2025-07-28,2025-07-28,1,1,2.949576240750523,High,0,1,0,2025-07
EVT-0807,Palakkad,Chickenpox,2025-08-01,2025-08-01,1,1,2.949576240750523,High,0,1,0,2025-08
EVT-0808,Palakkad,Chickenpox,2025-08-16,2025-08-16,1,1,2.506657801402762,High,0,1,0,2025-08
EVT-0809,Palakkad,Chickenpox,2025-09-10,2025-09-10,1,1,3.6787679096857016,Critical,0,0,1,2025-09
EVT-0810,Palakkad,Chickenpox,2025-09-12,2025-09-12,1,1,2.949576240750523,High,0,1,0,2025-09
EVT-0811,Palakkad,Chickenpox,2025-09-20,2025-09-20,1,1,2.949576240750523,High,0,1,0,2025-09
EVT-0812,Palakkad,Chickenpox,2025-09-22,2025-09-22,1,1,2.506657801402762,High,0,1,0,2025-09
EVT-0813,Palakkad,Chickenpox,2025-09-28,2025-09-28,1,1,2.198484326378819,Medium,1,0,0,2025-09
EVT-0814,Palakkad,Chickenpox,2025-10-18,2025-10-18,1,2,3.975714565497163,Critical,0,0,1,2025-10
EVT-0815,Palakkad,Chickenpox,2025-12-03,2025-12-03,1,1,2.198484326378819,Medium,1,0,0,2025-12
EVT-0816,Palakkad,Chickenpox,2025-12-10,2025-12-10,1,1,2.949576240750523,High,0,1,0,2025-12
EVT-0817,Palakkad,Chickenpox,2025-12-12,2025-12-12,1,2,3.975714565497163,Critical,0,0,1,2025-12
EVT-0818,Palakkad,Chickenpox,2025-12-26,2025-12-26,1,2,3.267609635080776,Critical,0,0,1,2025-12
EVT-0819,Palakkad,Chikungunya,2025-01-18,2025-01-18,1,1,3.6787679096856998,Critical,0,0,1,2025-01
EVT-0820,Palakkad,Chikungunya,2025-01-20,2025-01-20,1,1,2.949576240750522,High,0,1,0,2025-01
EVT-0821,Palakkad,Chikungunya,2025-01-24,2025-01-24,1,1,2.949576240750522,High,0,1,0,2025-01
EVT-0822,Palakkad,Chikungunya,2025-01-28,2025-01-28,1,1,2.506657801402761,High,0,1,0,2025-01
EVT-0823,Palakkad,Chikungunya,2025-02-09,2025-02-09,1,1,2.1984843263788187,Medium,1,0,0,2025-02
EVT-0824,Palakkad,Chikungunya,2025-02-24,2025-02-24,1,1,2.949576240750522,High,0,1,0,2025-02
EVT-0825,Palakkad,Chikungunya,2025-03-13,2025-03-13,1,1,3.6787679096856998,Critical,0,0,1,2025-03
EVT-0826,Palakkad,Chikungunya,2025-03-23,2025-03-23,1,1,2.949576240750522,High,0,1,0,2025-03
EVT-0827,Palakkad,Chikungunya,2025-04-02,2025-04-02,1,1,2.949576240750522,High,0,1,0,2025-04
EVT-0828,Palakkad,Chikungunya,2025-04-07,2025-04-07,1,3,4.588229707834149,Critical,0,0,1,2025-04
EVT-0829,Palakkad,Chikungunya,2025-05-19,2025-05-19,1,1,2.1984843263788183,Medium,1,0,0,2025-05
EVT-0830,Palakkad,Chikungunya,2025-06-02,2025-06-02,1,1,3.678767909685699,Critical,0,0,1,2025-06
EVT-0831,Palakkad,Chikungunya,2025-06-05,2025-06-05,1,2,4.299366563289112,Critical,0,0,1,2025-06
EVT-0832,Palakkad,Chikungunya,2025-07-05,2025-07-05,1,2,4.299366563289112,Critical,0,0,1,2025-07
EVT-0833,Palakkad,Chikungunya,2025-08-11,2025-08-11,1,2,5.2946513892166,Critical,0,0,1,2025-08
EVT-0834,Palakkad,Chikungunya,2025-08-22,2025-08-22,1,1,2.2355921677321926,Medium,1,0,0,2025-08
EVT-0835,Palakkad,Chikungunya,2025-09-12,2025-09-12,1,1,2.9495762407505213,High,0,1,0,2025-09
EVT-0836,Palakkad,Chikungunya,2025-09-18,2025-09-18,1,1,2.5066578014027603,High,0,1,0,2025-09
EVT-0837,Palakkad,Chikungunya,2025-10-06,2025-10-06,1,1,2.5066578014027603,High,0,1,0,2025-10
EVT-0838,Palakkad,Chikungunya,2025-10-11,2025-10-11,1,1,2.5066578014027603,High,0,1,0,2025-10
EVT-0839,Palakkad,Chikungunya,2025-10-18,2025-10-18,1,1,2.9495762407505213,High,0,1,0,2025-10
EVT-0840,Palakkad,Chikungunya,2025-10-24,2025-10-24,1,1,2.5066578014027603,High,0,1,0,2025-10
EVT-0841,Palakkad,Chikungunya,2025-10-28,2025-10-28,1,1,2.198484326378818,Medium,1,0,0,2025-10
EVT-0842,Palakkad,Chikungunya,2025-12-01,2025-12-01,1,1,5.294651389216584,Critical,0,0,1,2025-12
EVT-0843,Palakkad,Chikungunya,2025-12-12,2025-12-12,1,3,5.017387607486175,Critical,0,0,1,2025-12
EVT-0844,Palakkad,Common Cold,2025-01-11,2025-01-11,1,1,2.506657801402763,High,0,1,0,2025-01
EVT-0845,Palakkad,Common Cold,2025-01-19,2025-01-19,1,1,2.19848432637882,Medium,1,0,0,2025-01
EVT-0846,Palakkad,Common Cold,2025-02-04,2025-02-04,1,1,2.949576240750525,High,0,1,0,2025-02
EVT-0847,Palakkad,Common Cold,2025-02-08,2025-02-08,1,1,2.506657801402763,High,0,1,0,2025-02
EVT-0848,Palakkad,Common Cold,2025-02-16,2025-02-16,1,1,2.506657801402763,High,0,1,0,2025-02
EVT-0849,Palakkad,Common Cold,2025-03-03,2025-03-03,1,1,2.506657801402763,High,0,1,0,2025-03
EVT-0850,Palakkad,Common Cold,2025-03-14,2025-03-14,1,1,2.949576240750525,High,0,1,0,2025-03
EVT-0851,Palakkad,Common Cold,2025-03-24,2025-03-24,1,1,2.949576240750525,High,0,1,0,2025-03
EVT-0852,Palakkad,Common Cold,2025-04-10,2025-04-10,1,1,2.949576240750525,High,0,1,0,2025-04
EVT-0853,Palakkad,Common Cold,2025-04-12,2025-04-12,1,1,2.506657801402763,High,0,1,0,2025-04
EVT-0854,Palakkad,Common Cold,2025-05-05,2025-05-05,1,1,2.949576240750525,High,0,1,0,2025-05
EVT-0855,Palakkad,Common Cold,2025-05-10,2025-05-10,1,1,2.949576240750525,High,0,1,0,2025-05
EVT-0856,Palakkad,Common Cold,2025-05-18,2025-05-18,1,1,2.949576240750525,High,0,1,0,2025-05
EVT-0857,Palakkad,Common Cold,2025-06-11,2025-06-11,1,1,3.6787679096857047,Critical,0,0,1,2025-06
EVT-0858,Palakkad,Common Cold,2025-06-17,2025-06-17,1,1,3.6787679096857047,Critical,0,0,1,2025-06
EVT-0859,Palakkad,Common Cold,2025-06-22,2025-06-22,1,1,2.949576240750525,High,0,1,0,2025-06
EVT-0860,Palakkad,Common Cold,2025-06-28,2025-06-28,1,1,2.506657801402763,High,0,1,0,2025-06
EVT-0861,Palakkad,Common Cold,2025-07-02,2025-07-02,1,1,2.19848432637882,Medium,1,0,0,2025-07
EVT-0862,Palakkad,Common Cold,2025-07-11,2025-07-11,1,1,2.19848432637882,Medium,1,0,0,2025-07
EVT-0863,Palakkad,Common Cold,2025-07-19,2025-07-19,1,1,2.19848432637882,Medium,1,0,0,2025-07
EVT-0864,Palakkad,Common Cold,2025-07-23,2025-07-23,1,1,2.19848432637882,Medium,1,0,0,2025-07
EVT-0865,Palakkad,Common Cold,2025-08-11,2025-08-11,1,1,2.19848432637882,Medium,1,0,0,2025-08
EVT-0866,Palakkad,Common Cold,2025-08-13,2025-08-13,1,3,4.145817757457361,Critical,0,0,1,2025-08
EVT-0867,Palakkad,Common Cold,2025-09-28,2025-09-28,1,2,4.719583465212409,Critical,0,0,1,2025-09
EVT-0868,Palakkad,Common Cold,2025-10-25,2025-10-25,1,2,2.97163770177837,High,0,1,0,2025-10
EVT-0869,Palakkad,Common Cold,2025-12-26,2025-12-26,1,1,5.2946513892165985,Critical,0,0,1,2025-12
EVT-0870,Palakkad,Dengue,2025-01-01,2025-01-01,1,1,2.506657801402763,High,0,1,0,2025-01
EVT-0871,Palakkad,Dengue,2025-01-03,2025-01-03,1,1,2.19848432637882,Medium,1,0,0,2025-01
EVT-0872,Palakkad,Dengue,2025-01-18,2025-01-18,1,1,2.506657801402763,High,0,1,0,2025-01
EVT-0873,Palakkad,Dengue,2025-01-22,2025-01-22,1,2,3.7172095796206506,Critical,0,0,1,2025-01
EVT-0874,Palakkad,Dengue,2025-02-24,2025-02-24,1,1,2.19848432637882,Medium,1,0,0,2025-02
EVT-0875,Palakkad,Dengue,2025-04-05,2025-04-05,1,1,3.6787679096857064,Critical,0,0,1,2025-04
EVT-0876,Palakkad,Dengue,2025-04-20,2025-04-20,1,1,3.6787679096857064,Critical,0,0,1,2025-04
EVT-0877,Palakkad,Dengue,2025-04-28,2025-04-28,1,1,2.9495762407505257,High,0,1,0,2025-04
EVT-0878,Palakkad,Dengue,2025-05-03,2025-05-03,1,1,2.5066578014027634,High,0,1,0,2025-05
EVT-0879,Palakkad,Dengue,2025-05-12,2025-05-12,1,1,2.5066578014027634,High,0,1,0,2025-05
EVT-0880,Palakkad,Dengue,2025-06-16,2025-06-16,1,1,5.294651389216607,Critical,0,0,1,2025-06
EVT-0881,Palakkad,Dengue,2025-06-18,2025-06-18,1,1,3.6787679096857064,Critical,0,0,1,2025-06
EVT-0882,Palakkad,Dengue,2025-06-21,2025-06-21,1,1,2.9495762407505257,High,0,1,0,2025-06
EVT-0883,Palakkad,Dengue,2025-06-28,2025-06-28,1,1,2.5066578014027634,High,0,1,0,2025-06
EVT-0884,Palakkad,Dengue,2025-07-05,2025-07-05,1,1,2.1984843263788205,Medium,1,0,0,2025-07
EVT-0885,Palakkad,Dengue,2025-07-22,2025-07-22,1,1,2.1984843263788205,Medium,1,0,0,2025-07
EVT-0886,Palakkad,Dengue,2025-08-15,2025-08-15,1,1,2.9495762407505257,High,0,1,0,2025-08
EVT-0887,Palakkad,Dengue,2025-08-19,2025-08-19,1,1,2.5066578014027634,High,0,1,0,2025-08
EVT-0888,Palakkad,Dengue,2025-09-01,2025-09-01,1,1,2.9495762407505257,High,0,1,0,2025-09
EVT-0889,Palakkad,Dengue,2025-09-26,2025-09-26,1,1,3.6787679096857064,Critical,0,0,1,2025-09
EVT-0890,Palakkad,Dengue,2025-10-04,2025-10-04,1,1,3.6787679096857064,Critical,0,0,1,2025-10
EVT-0891,Palakkad,Dengue,2025-10-14,2025-10-14,1,1,2.9495762407505257,High,0,1,0,2025-10
EVT-0892,Palakkad,Dengue,2025-10-24,2025-10-24,1,1,2.5066578014027634,High,0,1,0,2025-10
EVT-0893,Palakkad,Dengue,2025-12-02,2025-12-03,2,1,5.294651389216607,Critical,0,0,2,2025-12
EVT-0894,Palakkad,Dengue,2025-12-07,2025-12-07,1,1,2.9495762407505257,High,0,1,0,2025-12
EVT-0895,Palakkad,Dengue,2025-12-19,2025-12-19,1,1,2.5066578014027634,High,0,1,0,2025-12
EVT-0896,Palakkad,Flu,2025-01-02,2025-01-02,1,1,3.6787679096857047,Critical,0,0,1,2025-01
EVT-0897,Palakkad,Flu,2025-01-13,2025-01-13,1,1,2.949576240750525,High,0,1,0,2025-01
EVT-0898,Palakkad,Flu,2025-01-25,2025-01-25,1,1,2.949576240750525,High,0,1,0,2025-01
EVT-0899,Palakkad,Flu,2025-01-28,2025-01-28,1,1,2.506657801402763,High,0,1,0,2025-01
EVT-0900,Palakkad,Flu,2025-02-02,2025-02-02,1,2,3.9757145654971637,Critical,0,0,1,2025-02
EVT-0901,Palakkad,Flu,2025-03-05,2025-03-05,1,1,2.506657801402763,High,0,1,0,2025-03
EVT-0902,Palakkad,Flu,2025-03-11,2025-03-11,1,1,2.949576240750525,High,0,1,0,2025-03
EVT-0903,Palakkad,Flu,2025-03-14,2025-03-14,1,1,2.506657801402763,High,0,1,0,2025-03
EVT-0904,Palakkad,Flu,2025-03-18,2025-03-18,1,1,2.1984843263788196,Medium,1,0,0,2025-03
EVT-0905,Palakkad,Flu,2025-03-28,2025-03-28,1,1,2.1984843263788196,Medium,1,0,0,2025-03
EVT-0906,Palakkad,Flu,2025-05-08,2025-05-08,1,1,5.294651389216606,Critical,0,0,1,2025-05
EVT-0907,Palakkad,Flu,2025-05-25,2025-05-25,1,1,3.6787679096857047,Critical,0,0,1,2025-05
EVT-0908,Palakkad,Flu,2025-06-01,2025-06-01,1,1,2.949576240750525,High,0,1,0,2025-06
EVT-0909,Palakkad,Flu,2025-06-16,2025-06-17,2,2,3.9757145654971637,Critical,0,1,1,2025-06
EVT-0910,Palakkad,Flu,2025-07-19,2025-07-19,1,1,3.6787679096857056,Critical,0,0,1,2025-07
EVT-0911,Palakkad,Flu,2025-08-14,2025-08-14,1,1,3.6787679096857056,Critical,0,0,1,2025-08
EVT-0912,Palakkad,Flu,2025-08-25,2025-08-25,1,1,3.6787679096857056,Critical,0,0,1,2025-08
EVT-0913,Palakkad,Flu,2025-09-01,2025-09-01,1,1,2.9495762407505253,High,0,1,0,2025-09
EVT-0914,Palakkad,Flu,2025-10-03,2025-10-03,1,1,5.2946513892166065,Critical,0,0,1,2025-10
EVT-0915,Palakkad,Flu,2025-10-19,2025-10-19,1,1,3.6787679096857056,Critical,0,0,1,2025-10
EVT-0916,Palakkad,Flu,2025-10-28,2025-10-28,1,1,2.9495762407505253,High,0,1,0,2025-10
EVT-0917,Palakkad,Flu,2025-11-10,2025-11-10,1,1,2.9495762407505253,High,0,1,0,2025-11
EVT-0918,Palakkad,Flu,2025-11-16,2025-11-16,1,1,2.506657801402763,High,0,1,0,2025-11
EVT-0919,Palakkad,Flu,2025-11-20,2025-11-20,1,1,2.506657801402763,High,0,1,0,2025-11
EVT-0920,Palakkad,Flu,2025-11-24,2025-11-24,1,2,3.71720957962065,Critical,0,0,1,2025-11
EVT-0921,Palakkad,Malaria,2025-01-09,2025-01-09,1,1,2.5066578014027625,High,0,1,0,2025-01
EVT-0922,Palakkad,Malaria,2025-01-19,2025-01-19,1,1,2.949576240750524,High,0,1,0,2025-01
EVT-0923,Palakkad,Malaria,2025-01-26,2025-01-26,1,1,2.949576240750524,High,0,1,0,2025-01
EVT-0924,Palakkad,Malaria,2025-03-03,2025-03-03,1,1,5.2946513892165985,Critical,0,0,1,2025-03
EVT-0925,Palakkad,Malaria,2025-03-22,2025-03-22,1,1,3.678767909685702,Critical,0,0,1,2025-03
EVT-0926,Palakkad,Malaria,2025-03-26,2025-03-26,1,1,2.949576240750524,High,0,1,0,2025-03
EVT-0927,Palakkad,Malaria,2025-03-28,2025-03-28,1,1,2.5066578014027625,High,0,1,0,2025-03
EVT-0928,Palakkad,Malaria,2025-04-02,2025-04-02,1,1,2.5066578014027625,High,0,1,0,2025-04
EVT-0929,Palakkad,Malaria,2025-04-14,2025-04-14,1,1,2.198484326378819,Medium,1,0,0,2025-04
EVT-0930,Palakkad,Malaria,2025-05-09,2025-05-09,1,1,3.678767909685702,Critical,0,0,1,2025-05
EVT-0931,Palakkad,Malaria,2025-06-01,2025-06-01,1,1,3.678767909685702,Critical,0,0,1,2025-06
EVT-0932,Palakkad,Malaria,2025-06-12,2025-06-12,1,1,3.678767909685702,Critical,0,0,1,2025-06
EVT-0933,Palakkad,Malaria,2025-06-17,2025-06-17,1,1,2.949576240750524,High,0,1,0,2025-06
EVT-0934,Palakkad,Malaria,2025-07-04,2025-07-04,1,1,2.949576240750524,High,0,1,0,2025-07
EVT-0935,Palakkad,Malaria,2025-07-23,2025-07-23,1,1,3.678767909685702,Critical,0,0,1,2025-07
EVT-0936,Palakkad,Malaria,2025-07-25,2025-07-25,1,1,2.949576240750524,High,0,1,0,2025-07
EVT-0937,Palakkad,Malaria,2025-07-28,2025-07-28,1,1,2.5066578014027625,High,0,1,0,2025-07
EVT-0938,Palakkad,Malaria,2025-08-15,2025-08-16,2,1,2.5066578014027625,High,1,1,0,2025-08
EVT-0939,Palakkad,Malaria,2025-08-22,2025-08-22,1,1,2.198484326378819,Medium,1,0,0,2025-08
EVT-0940,Palakkad,Malaria,2025-08-28,2025-08-28,1,1,2.5066578014027625,High,0,1,0,2025-08
EVT-0941,Palakkad,Malaria,2025-09-02,2025-09-02,1,1,2.198484326378819,Medium,1,0,0,2025-09
EVT-0942,Palakkad,Malaria,2025-09-28,2025-09-28,1,1,2.5066578014027625,High,0,1,0,2025-09
EVT-0943,Palakkad,Malaria,2025-10-02,2025-10-02,1,1,2.5066578014027625,High,0,1,0,2025-10
EVT-0944,Palakkad,Malaria,2025-10-04,2025-10-04,1,1,2.5066578014027625,High,0,1,0,2025-10
EVT-0945,Palakkad,Malaria,2025-10-22,2025-10-22,1,1,2.5066578014027625,High,0,1,0,2025-10
EVT-0946,Palakkad,Malaria,2025-10-24,2025-10-24,1,1,2.198484326378819,Medium,1,0,0,2025-10
EVT-0947,Palakkad,Malaria,2025-11-14,2025-11-14,1,1,2.949576240750524,High,0,1,0,2025-11
EVT-0948,Palakkad,Malaria,2025-11-21,2025-11-21,1,1,2.949576240750524,High,0,1,0,2025-11
EVT-0949,Palakkad,Typhoid,2025-01-24,2025-01-24,1,1,2.9495762407505275,High,0,1,0,2025-01
EVT-0950,Palakkad,Typhoid,2025-02-12,2025-02-12,1,1,3.6787679096857095,Critical,0,0,1,2025-02
EVT-0951,Palakkad,Typhoid,2025-02-14,2025-02-14,1,1,2.9495762407505275,High,0,1,0,2025-02
EVT-0952,Palakkad,Typhoid,2025-02-28,2025-02-28,1,1,2.9495762407505275,High,0,1,0,2025-02
EVT-0953,Palakkad,Typhoid,2025-03-15,2025-03-15,1,1,2.9495762407505275,High,0,1,0,2025-03
EVT-0954,Palakkad,Typhoid,2025-03-28,2025-03-28,1,1,2.9495762407505275,High,0,1,0,2025-03
EVT-0955,Palakkad,Typhoid,2025-05-01,2025-05-01,1,1,5.294651389216618,Critical,0,0,1,2025-05
EVT-0956,Palakkad,Typhoid,2025-05-21,2025-05-22,2,1,3.6787679096857095,Critical,0,1,1,2025-05
EVT-0957,Palakkad,Typhoid,2025-06-11,2025-06-12,2,1,2.9495762407505275,High,0,2,0,2025-06
EVT-0958,Palakkad,Typhoid,2025-06-16,2025-06-16,1,1,2.198484326378821,Medium,1,0,0,2025-06
EVT-0959,Palakkad,Typhoid,2025-06-22,2025-06-22,1,1,2.5066578014027647,High,0,1,0,2025-06
EVT-0960,Palakkad,Typhoid,2025-06-26,2025-06-26,1,1,2.198484326378821,Medium,1,0,0,2025-06
EVT-0961,Palakkad,Typhoid,2025-07-09,2025-07-09,1,2,3.1776705873085374,Critical,0,0,1,2025-07
EVT-0962,Palakkad,Typhoid,2025-08-12,2025-08-12,1,1,2.198484326378821,Medium,1,0,0,2025-08
EVT-0963,Palakkad,Typhoid,2025-08-15,2025-08-15,1,1,2.5066578014027647,High,0,1,0,2025-08
EVT-0964,Palakkad,Typhoid,2025-09-09,2025-09-09,1,1,2.949576240750528,High,0,1,0,2025-09
EVT-0965,Palakkad,Typhoid,2025-09-17,2025-09-17,1,1,3.6787679096857104,Critical,0,0,1,2025-09
EVT-0966,Palakkad,Typhoid,2025-10-04,2025-10-04,1,1,2.949576240750528,High,0,1,0,2025-10
EVT-0967,Palakkad,Typhoid,2025-10-23,2025-10-23,1,1,3.6787679096857104,Critical,0,0,1,2025-10
EVT-0968,Palakkad,Typhoid,2025-11-02,2025-11-03,2,1,2.949576240750528,High,0,2,0,2025-11
EVT-0969,Palakkad,Typhoid,2025-11-14,2025-11-14,1,1,2.5066578014027647,High,0,1,0,2025-11
EVT-0970,Palakkad,Typhoid,2025-11-24,2025-11-24,1,1,2.5066578014027647,High,0,1,0,2025-11
EVT-0971,Palakkad,Typhoid,2025-12-03,2025-12-03,1,1,2.949576240750528,High,0,1,0,2025-12
EVT-0972,Palakkad,Typhoid,2025-12-08,2025-12-08,1,1,2.5066578014027647,High,0,1,0,2025-12
EVT-0973,Palakkad,Typhoid,2025-12-16,2025-12-16,1,1,2.5066578014027647,High,0,1,0,2025-12
EVT-0974,Palakkad,Viral Fever,2025-01-07,2025-01-07,1,1,5.294651389216603,Critical,0,0,1,2025-01
EVT-0975,Palakkad,Viral Fever,2025-01-18,2025-01-19,2,1,3.6787679096857047,Critical,0,1,1,2025-01
EVT-0976,Palakkad,Viral Fever,2025-02-10,2025-02-10,1,1,2.949576240750525,High,0,1,0,2025-02
EVT-0977,Palakkad,Viral Fever,2025-02-26,2025-02-27,2,1,3.6787679096857047,Critical,0,1,1,2025-02
EVT-0978,Palakkad,Viral Fever,2025-03-16,2025-03-16,1,1,2.949576240750525,High,0,1,0,2025-03
EVT-0979,Palakkad,Viral Fever,2025-04-03,2025-04-03,1,1,3.6787679096857047,Critical,0,0,1,2025-04
EVT-0980,Palakkad,Viral Fever,2025-05-09,2025-05-09,1,1,5.294651389216603,Critical,0,0,1,2025-05
EVT-0981,Palakkad,Viral Fever,2025-05-19,2025-05-19,1,1,3.6787679096857047,Critical,0,0,1,2025-05
EVT-0982,Palakkad,Viral Fever,2025-05-21,2025-05-21,1,1,2.949576240750525,High,0,1,0,2025-05
EVT-0983,Palakkad,Viral Fever,2025-05-23,2025-05-23,1,1,2.506657801402763,High,0,1,0,2025-05
EVT-0984,Palakkad,Viral Fever,2025-06-05,2025-06-05,1,1,2.19848432637882,Medium,1,0,0,2025-06
EVT-0985,Palakkad,Viral Fever,2025-06-25,2025-06-25,1,1,3.6787679096857047,Critical,0,0,1,2025-06
EVT-0986,Palakkad,Viral Fever,2025-07-09,2025-07-10,2,1,3.6787679096857047,Critical,0,1,1,2025-07
EVT-0987,Palakkad,Viral Fever,2025-07-19,2025-07-19,1,1,2.506657801402763,High,0,1,0,2025-07
EVT-0988,Palakkad,Viral Fever,2025-07-28,2025-07-28,1,2,3.9757145654971646,Critical,0,0,1,2025-07
EVT-0989,Palakkad,Viral Fever,2025-09-01,2025-09-01,1,1,2.5066578014027634,High,0,1,0,2025-09
EVT-0990,Palakkad,Viral Fever,2025-09-03,2025-09-03,1,3,4.5882297078341505,Critical,0,0,1,2025-09
EVT-0991,Palakkad,Viral Fever,2025-10-12,2025-10-12,1,1,3.6787679096857064,Critical,0,0,1,2025-10
EVT-0992,Palakkad,Viral Fever,2025-11-10,2025-11-11,2,1,3.6787679096857064,Critical,0,0,2,2025-11
EVT-0993,Palakkad,Viral Fever,2025-11-18,2025-11-18,1,1,2.9495762407505257,High,0,1,0,2025-11
EVT-0994,Palakkad,Viral Fever,2025-11-23,2025-11-23,1,1,2.5066578014027634,High,0,1,0,2025-11
EVT-0995,Palakkad,Viral Fever,2025-12-02,2025-12-02,1,1,2.1984843263788205,Medium,1,0,0,2025-12
EVT-0996,Palakkad,Viral Fever,2025-12-11,2025-12-12,2,1,2.5066578014027634,High,1,1,0,2025-12
EVT-0997,Wayanad,Chickenpox,2025-01-14,2025-01-15,2,1,2.506657801402761,High,1,1,0,2025-01
EVT-0998,Wayanad,Chickenpox,2025-03-27,2025-03-27,1,2,4.719583465212408,Critical,0,0,1,2025-03
EVT-0999,Wayanad,Chickenpox,2025-04-21,2025-04-21,1,1,2.2355921677321935,Medium,1,0,0,2025-04
EVT-1000,Wayanad,Chickenpox,2025-05-19,2025-05-19,1,1,3.6787679096857007,Critical,0,0,1,2025-05
EVT-1001,Wayanad,Chickenpox,2025-05-23,2025-05-23,1,1,3.6787679096857007,Critical,0,0,1,2025-05
EVT-1002,Wayanad,Chickenpox,2025-05-26,2025-05-26,1,1,2.9495762407505226,High,0,1,0,2025-05
EVT-1003,Wayanad,Chickenpox,2025-06-03,2025-06-03,1,1,2.5066578014027616,High,0,1,0,2025-06
EVT-1004,Wayanad,Chickenpox,2025-06-18,2025-06-18,1,1,2.5066578014027616,High,0,1,0,2025-06
EVT-1005,Wayanad,Chickenpox,2025-06-20,2025-06-20,1,1,2.1984843263788187,Medium,1,0,0,2025-06
EVT-1006,Wayanad,Chickenpox,2025-06-25,2025-06-25,1,1,2.5066578014027616,High,0,1,0,2025-06
EVT-1007,Wayanad,Chickenpox,2025-07-16,2025-07-16,1,1,2.5066578014027616,High,0,1,0,2025-07
EVT-1008,Wayanad,Chickenpox,2025-07-20,2025-07-20,1,1,2.9495762407505226,High,0,1,0,2025-07
EVT-1009,Wayanad,Chickenpox,2025-07-25,2025-07-26,2,1,2.9495762407505226,High,0,2,0,2025-07
EVT-1010,Wayanad,Chickenpox,2025-08-01,2025-08-01,1,1,2.1984843263788187,Medium,1,0,0,2025-08
EVT-1011,Wayanad,Chickenpox,2025-09-05,2025-09-06,2,1,2.9495762407505226,High,0,2,0,2025-09
EVT-1012,Wayanad,Chickenpox,2025-09-10,2025-09-10,1,1,2.1984843263788187,Medium,1,0,0,2025-09
EVT-1013,Wayanad,Chickenpox,2025-09-14,2025-09-14,1,1,2.5066578014027616,High,0,1,0,2025-09
EVT-1014,Wayanad,Chickenpox,2025-09-17,2025-09-17,1,1,2.1984843263788187,Medium,1,0,0,2025-09
EVT-1015,Wayanad,Chickenpox,2025-10-12,2025-10-12,1,1,2.1984843263788187,Medium,1,0,0,2025-10
EVT-1016,Wayanad,Chickenpox,2025-10-18,2025-10-18,1,1,2.5066578014027616,High,0,1,0,2025-10
EVT-1017,Wayanad,Chickenpox,2025-10-25,2025-10-25,1,1,2.1984843263788187,Medium,1,0,0,2025-10
EVT-1018,Wayanad,Chickenpox,2025-11-25,2025-11-25,1,1,3.6787679096857007,Critical,0,0,1,2025-11
EVT-1019,Wayanad,Chickenpox,2025-12-05,2025-12-05,1,1,2.9495762407505226,High,0,1,0,2025-12
EVT-1020,Wayanad,Chickenpox,2025-12-16,2025-12-16,1,1,2.9495762407505226,High,0,1,0,2025-12
EVT-1021,Wayanad,Chickenpox,2025-12-19,2025-12-19,1,1,2.5066578014027616,High,0,1,0,2025-12
EVT-1022,Wayanad,Chickenpox,2025-12-22,2025-12-22,1,1,2.1984843263788187,Medium,1,0,0,2025-12
EVT-1023,Wayanad,Chikungunya,2025-01-04,2025-01-04,1,1,2.949576240750527,High,0,1,0,2025-01
EVT-1024,Wayanad,Chikungunya,2025-01-07,2025-01-07,1,1,2.5066578014027643,High,0,1,0,2025-01
EVT-1025,Wayanad,Chikungunya,2025-01-16,2025-01-16,1,1,2.198484326378821,Medium,1,0,0,2025-01
EVT-1026,Wayanad,Chikungunya,2025-01-23,2025-01-23,1,1,2.198484326378821,Medium,1,0,0,2025-01
EVT-1027,Wayanad,Chikungunya,2025-02-07,2025-02-07,1,1,2.949576240750527,High,0,1,0,2025-02
EVT-1028,Wayanad,Chikungunya,2025-02-09,2025-02-09,1,2,3.9757145654971655,Critical,0,0,1,2025-02
EVT-1029,Wayanad,Chikungunya,2025-03-14,2025-03-14,1,1,2.5066578014027643,High,0,1,0,2025-03
EVT-1030,Wayanad,Chikungunya,2025-03-27,2025-03-27,1,1,2.949576240750527,High,0,1,0,2025-03
EVT-1031,Wayanad,Chikungunya,2025-04-10,2025-04-10,1,1,2.949576240750527,High,0,1,0,2025-04
EVT-1032,Wayanad,Chikungunya,2025-05-04,2025-05-04,1,2,4.719583465212412,Critical,0,0,1,2025-05
EVT-1033,Wayanad,Chikungunya,2025-05-15,2025-05-15,1,1,2.2355921677321953,Medium,1,0,0,2025-05
EVT-1034,Wayanad,Chikungunya,2025-06-03,2025-06-03,1,2,4.719583465212412,Critical,0,0,1,2025-06
EVT-1035,Wayanad,Chikungunya,2025-07-06,2025-07-06,1,1,2.9495762407505266,High,0,1,0,2025-07
EVT-1036,Wayanad,Chikungunya,2025-07-10,2025-07-10,1,1,2.9495762407505266,High,0,1,0,2025-07
EVT-1037,Wayanad,Chikungunya,2025-08-08,2025-08-08,1,1,3.678767909685707,Critical,0,0,1,2025-08
EVT-1038,Wayanad,Chikungunya,2025-08-16,2025-08-16,1,1,3.678767909685707,Critical,0,0,1,2025-08
EVT-1039,Wayanad,Chikungunya,2025-08-19,2025-08-19,1,1,2.9495762407505266,High,0,1,0,2025-08
EVT-1040,Wayanad,Chikungunya,2025-08-23,2025-08-23,1,1,2.506657801402764,High,0,1,0,2025-08
EVT-1041,Wayanad,Chikungunya,2025-08-25,2025-08-25,1,1,2.1984843263788205,Medium,1,0,0,2025-08
EVT-1042,Wayanad,Chikungunya,2025-09-25,2025-09-26,2,1,2.198484326378821,Medium,2,0,0,2025-09
EVT-1043,Wayanad,Chikungunya,2025-10-10,2025-10-10,1,1,2.198484326378821,Medium,1,0,0,2025-10
EVT-1044,Wayanad,Chikungunya,2025-10-25,2025-10-25,1,1,2.5066578014027643,High,0,1,0,2025-10
EVT-1045,Wayanad,Chikungunya,2025-11-16,2025-11-16,1,1,3.6787679096857078,Critical,0,0,1,2025-11
EVT-1046,Wayanad,Chikungunya,2025-11-27,2025-11-27,1,1,3.6787679096857078,Critical,0,0,1,2025-11
EVT-1047,Wayanad,Chikungunya,2025-12-07,2025-12-07,1,1,2.949576240750527,High,0,1,0,2025-12
EVT-1048,Wayanad,Chikungunya,2025-12-25,2025-12-26,2,1,2.949576240750527,High,0,2,0,2025-12
EVT-1049,Wayanad,Chikungunya,2025-12-28,2025-12-28,1,1,2.5066578014027643,High,0,1,0,2025-12
EVT-1050,Wayanad,Common Cold,2025-01-17,2025-01-17,1,1,2.949576240750527,High,0,1,0,2025-01
EVT-1051,Wayanad,Common Cold,2025-02-01,2025-02-01,1,1,3.6787679096857078,Critical,0,0,1,2025-02
EVT-1052,Wayanad,Common Cold,2025-02-06,2025-02-06,1,2,4.299366563289117,Critical,0,0,1,2025-02
EVT-1053,Wayanad,Common Cold,2025-04-08,2025-04-08,1,1,5.2946513892166145,Critical,0,0,1,2025-04
EVT-1054,Wayanad,Common Cold,2025-04-24,2025-04-24,1,1,3.6787679096857087,Critical,0,0,1,2025-04
EVT-1055,Wayanad,Common Cold,2025-05-14,2025-05-14,1,2,4.719583465212412,Critical,0,0,1,2025-05
EVT-1056,Wayanad,Common Cold,2025-06-23,2025-06-23,1,1,2.198484326378821,Medium,1,0,0,2025-06
EVT-1057,Wayanad,Common Cold,2025-07-10,2025-07-10,1,1,3.6787679096857087,Critical,0,0,1,2025-07
EVT-1058,Wayanad,Common Cold,2025-07-27,2025-07-27,1,1,3.6787679096857087,Critical,0,0,1,2025-07
EVT-1059,Wayanad,Common Cold,2025-08-06,2025-08-08,3,1,2.949576240750527,High,1,2,0,2025-08
EVT-1060,Wayanad,Common Cold,2025-08-11,2025-08-11,1,1,2.198484326378821,Medium,1,0,0,2025-08
EVT-1061,Wayanad,Common Cold,2025-09-16,2025-09-16,1,1,2.198484326378821,Medium,1,0,0,2025-09
EVT-1062,Wayanad,Common Cold,2025-09-23,2025-09-23,1,1,2.198484326378821,Medium,1,0,0,2025-09
EVT-1063,Wayanad,Common Cold,2025-09-27,2025-09-27,1,2,3.5052427873817407,Critical,0,0,1,2025-09
EVT-1064,Wayanad,Common Cold,2025-11-10,2025-11-11,2,1,2.9495762407505275,High,0,2,0,2025-11
EVT-1065,Wayanad,Common Cold,2025-12-03,2025-12-03,1,1,2.9495762407505275,High,0,1,0,2025-12
EVT-1066,Wayanad,Common Cold,2025-12-05,2025-12-05,1,1,2.5066578014027647,High,0,1,0,2025-12
EVT-1067,Wayanad,Common Cold,2025-12-07,2025-12-07,1,1,2.198484326378821,Medium,1,0,0,2025-12
EVT-1068,Wayanad,Common Cold,2025-12-18,2025-12-18,1,1,2.5066578014027647,High,0,1,0,2025-12
EVT-1069,Wayanad,Common Cold,2025-12-27,2025-12-27,1,1,2.198484326378821,Medium,1,0,0,2025-12
EVT-1070,Wayanad,Dengue,2025-02-09,2025-02-09,1,1,2.9495762407505186,High,0,1,0,2025-02
EVT-1071,Wayanad,Dengue,2025-02-14,2025-02-14,1,1,3.6787679096856927,Critical,0,0,1,2025-02
EVT-1072,Wayanad,Dengue,2025-02-20,2025-02-21,2,1,2.9495762407505186,High,0,2,0,2025-02
EVT-1073,Wayanad,Dengue,2025-02-25,2025-02-25,1,1,2.198484326378817,Medium,1,0,0,2025-02
EVT-1074,Wayanad,Dengue,2025-03-24,2025-03-24,1,1,2.5066578014027585,High,0,1,0,2025-03
EVT-1075,Wayanad,Dengue,2025-04-03,2025-04-03,1,1,2.9495762407505186,High,0,1,0,2025-04
EVT-1076,Wayanad,Dengue,2025-04-09,2025-04-09,1,1,2.5066578014027585,High,0,1,0,2025-04
EVT-1077,Wayanad,Dengue,2025-04-21,2025-04-21,1,1,2.5066578014027585,High,0,1,0,2025-04
EVT-1078,Wayanad,Dengue,2025-04-27,2025-04-27,1,1,2.5066578014027585,High,0,1,0,2025-04
EVT-1079,Wayanad,Dengue,2025-05-04,2025-05-04,1,2,3.97571456549716,Critical,0,0,1,2025-05
EVT-1080,Wayanad,Dengue,2025-05-24,2025-05-24,1,2,2.8525240058382484,High,0,1,0,2025-05
EVT-1081,Wayanad,Dengue,2025-06-23,2025-06-23,1,1,3.6787679096856927,Critical,0,0,1,2025-06
EVT-1082,Wayanad,Dengue,2025-07-06,2025-07-06,1,1,3.6787679096856927,Critical,0,0,1,2025-07
EVT-1083,Wayanad,Dengue,2025-07-10,2025-07-10,1,1,2.9495762407505186,High,0,1,0,2025-07
EVT-1084,Wayanad,Dengue,2025-07-26,2025-07-26,1,1,2.9495762407505186,High,0,1,0,2025-07
EVT-1085,Wayanad,Dengue,2025-07-28,2025-07-28,1,1,2.5066578014027585,High,0,1,0,2025-07
EVT-1086,Wayanad,Dengue,2025-08-01,2025-08-01,1,1,2.198484326378817,Medium,1,0,0,2025-08
EVT-1087,Wayanad,Dengue,2025-08-09,2025-08-09,1,1,2.5066578014027585,High,0,1,0,2025-08
EVT-1088,Wayanad,Dengue,2025-08-14,2025-08-14,1,1,2.198484326378817,Medium,1,0,0,2025-08
EVT-1089,Wayanad,Dengue,2025-08-23,2025-08-23,1,2,3.1776705873085356,Critical,0,0,1,2025-08
EVT-1090,Wayanad,Dengue,2025-10-06,2025-10-06,1,1,2.1984843263788174,Medium,1,0,0,2025-10
EVT-1091,Wayanad,Dengue,2025-10-09,2025-10-09,1,1,2.1984843263788174,Medium,1,0,0,2025-10
EVT-1092,Wayanad,Dengue,2025-10-17,2025-10-17,1,1,2.506657801402759,High,0,1,0,2025-10
EVT-1093,Wayanad,Dengue,2025-11-01,2025-11-01,1,1,2.506657801402759,High,0,1,0,2025-11
EVT-1094,Wayanad,Dengue,2025-11-10,2025-11-10,1,2,4.299366563289111,Critical,0,0,1,2025-11
EVT-1095,Wayanad,Dengue,2025-12-08,2025-12-08,1,1,2.2355921677321917,Medium,1,0,0,2025-12
EVT-1096,Wayanad,Dengue,2025-12-18,2025-12-18,1,1,3.678767909685694,Critical,0,0,1,2025-12
EVT-1097,Wayanad,Flu,2025-01-05,2025-01-05,1,1,2.19848432637882,Medium,1,0,0,2025-01
EVT-1098,Wayanad,Flu,2025-01-10,2025-01-10,1,1,2.19848432637882,Medium,1,0,0,2025-01
EVT-1099,Wayanad,Flu,2025-01-18,2025-01-18,1,1,2.19848432637882,Medium,1,0,0,2025-01
EVT-1100,Wayanad,Flu,2025-01-24,2025-01-24,1,1,2.19848432637882,Medium,1,0,0,2025-01
EVT-1101,Wayanad,Flu,2025-02-17,2025-02-18,2,1,2.506657801402763,High,1,1,0,2025-02
EVT-1102,Wayanad,Flu,2025-03-15,2025-03-15,1,1,2.19848432637882,Medium,1,0,0,2025-03
EVT-1103,Wayanad,Flu,2025-04-04,2025-04-04,1,1,3.6787679096857056,Critical,0,0,1,2025-04
EVT-1104,Wayanad,Flu,2025-04-11,2025-04-11,1,1,2.9495762407505253,High,0,1,0,2025-04
EVT-1105,Wayanad,Flu,2025-05-11,2025-05-11,1,1,5.2946513892166065,Critical,0,0,1,2025-05
EVT-1106,Wayanad,Flu,2025-05-13,2025-05-13,1,1,3.6787679096857056,Critical,0,0,1,2025-05
EVT-1107,Wayanad,Flu,2025-05-15,2025-05-15,1,1,2.9495762407505253,High,0,1,0,2025-05
EVT-1108,Wayanad,Flu,2025-06-12,2025-06-14,3,2,4.299366563289115,Critical,0,1,2,2025-06
EVT-1109,Wayanad,Flu,2025-07-20,2025-07-20,1,1,2.9495762407505253,High,0,1,0,2025-07
EVT-1110,Wayanad,Flu,2025-08-02,2025-08-02,1,1,2.9495762407505253,High,0,1,0,2025-08
EVT-1111,Wayanad,Flu,2025-08-06,2025-08-06,1,1,2.506657801402763,High,0,1,0,2025-08
EVT-1112,Wayanad,Flu,2025-08-13,2025-08-13,1,1,2.506657801402763,High,0,1,0,2025-08
EVT-1113,Wayanad,Flu,2025-08-19,2025-08-19,1,1,2.506657801402763,High,0,1,0,2025-08
EVT-1114,Wayanad,Flu,2025-08-23,2025-08-23,1,1,2.19848432637882,Medium,1,0,0,2025-08
EVT-1115,Wayanad,Flu,2025-09-26,2025-09-26,1,1,2.19848432637882,Medium,1,0,0,2025-09
EVT-1116,Wayanad,Flu,2025-10-10,2025-10-10,1,1,2.506657801402763,High,0,1,0,2025-10
EVT-1117,Wayanad,Flu,2025-10-24,2025-10-24,1,1,2.506657801402763,High,0,1,0,2025-10
EVT-1118,Wayanad,Flu,2025-11-11,2025-11-11,1,1,3.6787679096857056,Critical,0,0,1,2025-11
EVT-1119,Wayanad,Flu,2025-11-23,2025-11-23,1,1,3.6787679096857056,Critical,0,0,1,2025-11
EVT-1120,Wayanad,Malaria,2025-01-13,2025-01-13,1,1,3.6787679096857135,Critical,0,0,1,2025-01
EVT-1121,Wayanad,Malaria,2025-02-02,2025-02-02,1,1,3.6787679096857135,Critical,0,0,1,2025-02
EVT-1122,Wayanad,Malaria,2025-02-04,2025-02-05,2,1,2.9495762407505297,High,0,2,0,2025-02
EVT-1123,Wayanad,Malaria,2025-02-17,2025-02-17,1,1,2.5066578014027665,High,0,1,0,2025-02
EVT-1124,Wayanad,Malaria,2025-02-25,2025-02-25,1,1,2.1984843263788223,Medium,1,0,0,2025-02
EVT-1125,Wayanad,Malaria,2025-04-03,2025-04-03,1,1,5.294651389216627,Critical,0,0,1,2025-04
EVT-1126,Wayanad,Malaria,2025-04-05,2025-04-05,1,1,3.6787679096857135,Critical,0,0,1,2025-04
EVT-1127,Wayanad,Malaria,2025-04-13,2025-04-14,2,3,4.588229707834152,Critical,0,1,1,2025-04
EVT-1128,Wayanad,Malaria,2025-06-07,2025-06-07,1,1,5.294651389216625,Critical,0,0,1,2025-06
EVT-1129,Wayanad,Malaria,2025-06-28,2025-06-28,1,1,3.6787679096857127,Critical,0,0,1,2025-06
EVT-1130,Wayanad,Malaria,2025-07-08,2025-07-08,1,1,3.6787679096857127,Critical,0,0,1,2025-07
EVT-1131,Wayanad,Malaria,2025-07-14,2025-07-14,1,1,2.9495762407505297,High,0,1,0,2025-07
EVT-1132,Wayanad,Malaria,2025-07-22,2025-07-23,2,1,2.506657801402766,High,1,1,0,2025-07
EVT-1133,Wayanad,Malaria,2025-08-27,2025-08-27,1,1,2.9495762407505297,High,0,1,0,2025-08
EVT-1134,Wayanad,Malaria,2025-09-07,2025-09-07,1,1,3.6787679096857135,Critical,0,0,1,2025-09
EVT-1135,Wayanad,Malaria,2025-09-14,2025-09-14,1,1,2.9495762407505297,High,0,1,0,2025-09
EVT-1136,Wayanad,Malaria,2025-09-16,2025-09-16,1,1,2.5066578014027665,High,0,1,0,2025-09
EVT-1137,Wayanad,Malaria,2025-10-12,2025-10-12,1,1,2.9495762407505297,High,0,1,0,2025-10
EVT-1138,Wayanad,Malaria,2025-11-01,2025-11-01,1,1,3.6787679096857135,Critical,0,0,1,2025-11
EVT-1139,Wayanad,Malaria,2025-11-06,2025-11-06,1,1,2.9495762407505297,High,0,1,0,2025-11
EVT-1140,Wayanad,Malaria,2025-11-16,2025-11-16,1,2,4.2993665632891185,Critical,0,0,1,2025-11
EVT-1141,Wayanad,Malaria,2025-12-16,2025-12-16,1,1,2.94957624075053,High,0,1,0,2025-12
EVT-1142,Wayanad,Malaria,2025-12-20,2025-12-20,1,1,2.94957624075053,High,0,1,0,2025-12
EVT-1143,Wayanad,Malaria,2025-12-24,2025-12-24,1,1,2.5066578014027665,High,0,1,0,2025-12
EVT-1144,Wayanad,Typhoid,2025-02-09,2025-02-09,1,1,5.294651389216613,Critical,0,0,1,2025-02
EVT-1145,Wayanad,Typhoid,2025-02-11,2025-02-11,1,1,3.6787679096857078,Critical,0,0,1,2025-02
EVT-1146,Wayanad,Typhoid,2025-02-14,2025-02-14,1,1,2.949576240750527,High,0,1,0,2025-02
EVT-1147,Wayanad,Typhoid,2025-02-20,2025-02-20,1,1,2.5066578014027643,High,0,1,0,2025-02
EVT-1148,Wayanad,Typhoid,2025-02-24,2025-02-24,1,1,2.198484326378821,Medium,1,0,0,2025-02
EVT-1149,Wayanad,Typhoid,2025-03-20,2025-03-20,1,1,2.198484326378821,Medium,1,0,0,2025-03
EVT-1150,Wayanad,Typhoid,2025-04-02,2025-04-02,1,1,2.949576240750527,High,0,1,0,2025-04
EVT-1151,Wayanad,Typhoid,2025-04-04,2025-04-04,1,1,2.5066578014027643,High,0,1,0,2025-04
EVT-1152,Wayanad,Typhoid,2025-04-15,2025-04-15,1,1,2.198484326378821,Medium,1,0,0,2025-04
EVT-1153,Wayanad,Typhoid,2025-04-20,2025-04-20,1,1,2.5066578014027643,High,0,1,0,2025-04
EVT-1154,Wayanad,Typhoid,2025-05-07,2025-05-07,1,1,2.949576240750527,High,0,1,0,2025-05
EVT-1155,Wayanad,Typhoid,2025-05-11,2025-05-11,1,1,2.5066578014027643,High,0,1,0,2025-05
EVT-1156,Wayanad,Typhoid,2025-05-19,2025-05-19,1,1,2.5066578014027643,High,0,1,0,2025-05
EVT-1157,Wayanad,Typhoid,2025-05-25,2025-05-25,1,1,2.5066578014027643,High,0,1,0,2025-05
EVT-1158,Wayanad,Typhoid,2025-06-02,2025-06-02,1,1,2.198484326378821,Medium,1,0,0,2025-06
EVT-1159,Wayanad,Typhoid,2025-06-07,2025-06-07,1,1,2.198484326378821,Medium,1,0,0,2025-06
EVT-1160,Wayanad,Typhoid,2025-06-24,2025-06-24,1,1,2.5066578014027643,High,0,1,0,2025-06
EVT-1161,Wayanad,Typhoid,2025-07-09,2025-07-10,2,1,3.6787679096857078,Critical,0,1,1,2025-07
EVT-1162,Wayanad,Typhoid,2025-07-14,2025-07-14,1,2,3.9757145654971655,Critical,0,0,1,2025-07
EVT-1163,Wayanad,Typhoid,2025-07-22,2025-07-22,1,2,2.85252400583825,High,0,1,0,2025-07
EVT-1164,Wayanad,Typhoid,2025-08-23,2025-08-23,1,1,3.678767909685707,Critical,0,0,1,2025-08
EVT-1165,Wayanad,Typhoid,2025-08-26,2025-08-27,2,1,2.9495762407505266,High,0,2,0,2025-08
EVT-1166,Wayanad,Typhoid,2025-09-07,2025-09-07,1,2,3.717209579620651,Critical,0,0,1,2025-09
EVT-1167,Wayanad,Typhoid,2025-10-24,2025-10-24,1,2,3.1776705873085374,Critical,0,0,1,2025-10
EVT-1168,Wayanad,Typhoid,2025-12-01,2025-12-01,1,1,2.5066578014027634,High,0,1,0,2025-12
EVT-1169,Wayanad,Typhoid,2025-12-03,2025-12-03,1,1,2.1984843263788205,Medium,1,0,0,2025-12
EVT-1170,Wayanad,Typhoid,2025-12-26,2025-12-26,1,2,3.1776705873085374,Critical,0,0,1,2025-12
EVT-1171,Wayanad,Viral Fever,2025-01-08,2025-01-08,1,2,4.719583465212412,Critical,0,0,1,2025-01
EVT-1172,Wayanad,Viral Fever,2025-01-26,2025-01-26,1,2,3.267609635080776,Critical,0,0,1,2025-01
EVT-1173,Wayanad,Viral Fever,2025-02-28,2025-02-28,1,1,3.6787679096857087,Critical,0,0,1,2025-02
EVT-1174,Wayanad,Viral Fever,2025-03-24,2025-03-24,1,1,3.6787679096857087,Critical,0,0,1,2025-03
EVT-1175,Wayanad,Viral Fever,2025-04-07,2025-04-07,1,1,3.6787679096857087,Critical,0,0,1,2025-04
EVT-1176,Wayanad,Viral Fever,2025-04-16,2025-04-17,2,1,2.9495762407505266,High,0,2,0,2025-04
EVT-1177,Wayanad,Viral Fever,2025-04-19,2025-04-19,1,1,2.19848432637882,Medium,1,0,0,2025-04
EVT-1178,Wayanad,Viral Fever,2025-05-28,2025-05-28,1,1,2.9495762407505266,High,0,1,0,2025-05
EVT-1179,Wayanad,Viral Fever,2025-06-07,2025-06-08,2,1,3.6787679096857087,Critical,0,1,1,2025-06
EVT-1180,Wayanad,Viral Fever,2025-06-12,2025-06-12,1,1,2.506657801402763,High,0,1,0,2025-06
EVT-1181,Wayanad,Viral Fever,2025-06-22,2025-06-22,1,1,2.19848432637882,Medium,1,0,0,2025-06
EVT-1182,Wayanad,Viral Fever,2025-07-25,2025-07-26,2,1,2.506657801402763,High,1,1,0,2025-07
EVT-1183,Wayanad,Viral Fever,2025-08-03,2025-08-03,1,1,2.19848432637882,Medium,1,0,0,2025-08
EVT-1184,Wayanad,Viral Fever,2025-08-08,2025-08-08,1,1,2.506657801402763,High,0,1,0,2025-08
EVT-1185,Wayanad,Viral Fever,2025-08-23,2025-08-24,2,1,2.19848432637882,Medium,2,0,0,2025-08
EVT-1186,Wayanad,Viral Fever,2025-08-26,2025-08-26,1,1,2.19848432637882,Medium,1,0,0,2025-08
EVT-1187,Wayanad,Viral Fever,2025-09-05,2025-09-05,1,1,2.19848432637882,Medium,1,0,0,2025-09
EVT-1188,Wayanad,Viral Fever,2025-09-18,2025-09-18,1,2,3.3280183615312677,Critical,0,0,1,2025-09
EVT-1189,Wayanad,Viral Fever,2025-11-06,2025-11-06,1,1,3.6787679096857078,Critical,0,0,1,2025-11
EVT-1190,Wayanad,Viral Fever,2025-11-22,2025-11-23,2,1,3.6787679096857078,Critical,0,1,1,2025-11
EVT-1191,Wayanad,Viral Fever,2025-12-01,2025-12-01,1,2,3.975714565497164,Critical,0,0,1,2025-12
EVT-1192,Wayanad,Viral Fever,2025-12-23,2025-12-23,1,2,3.454761084309574,Critical,0,0,1,2025-12
